/* Generated by scripts/gen_unicode_tables.py — DO NOT EDIT.
 * Unicode 16.0.0 normalization + UAX #29 grapheme data.
 * Pure codepoint-level tables and lookups; the WValue-facing entry points
 * (w_string_normalize, w_string_grapheme_next) live in runtime.c.
 * Validated by the generator against Python's unicodedata over every
 * codepoint x 4 forms + a 60k adversarial corpus, and against the full
 * UCD GraphemeBreakTest.txt. */
#include <stdint.h>
#include <stddef.h>

#define UN_SBASE 0xAC00
#define UN_LBASE 0x1100
#define UN_VBASE 0x1161
#define UN_TBASE 0x11A7
#define UN_LCOUNT 19
#define UN_VCOUNT 21
#define UN_TCOUNT 28
#define UN_NCOUNT (UN_VCOUNT * UN_TCOUNT)
#define UN_SCOUNT (UN_LCOUNT * UN_NCOUNT)


static const uint32_t un_nfd_keys[2081] = {
    0xC0, 0xC1, 0xC2, 0xC3, 0xC4, 0xC5, 0xC7, 0xC8, 0xC9, 0xCA,
    0xCB, 0xCC, 0xCD, 0xCE, 0xCF, 0xD1, 0xD2, 0xD3, 0xD4, 0xD5,
    0xD6, 0xD9, 0xDA, 0xDB, 0xDC, 0xDD, 0xE0, 0xE1, 0xE2, 0xE3,
    0xE4, 0xE5, 0xE7, 0xE8, 0xE9, 0xEA, 0xEB, 0xEC, 0xED, 0xEE,
    0xEF, 0xF1, 0xF2, 0xF3, 0xF4, 0xF5, 0xF6, 0xF9, 0xFA, 0xFB,
    0xFC, 0xFD, 0xFF, 0x100, 0x101, 0x102, 0x103, 0x104, 0x105, 0x106,
    0x107, 0x108, 0x109, 0x10A, 0x10B, 0x10C, 0x10D, 0x10E, 0x10F, 0x112,
    0x113, 0x114, 0x115, 0x116, 0x117, 0x118, 0x119, 0x11A, 0x11B, 0x11C,
    0x11D, 0x11E, 0x11F, 0x120, 0x121, 0x122, 0x123, 0x124, 0x125, 0x128,
    0x129, 0x12A, 0x12B, 0x12C, 0x12D, 0x12E, 0x12F, 0x130, 0x134, 0x135,
    0x136, 0x137, 0x139, 0x13A, 0x13B, 0x13C, 0x13D, 0x13E, 0x143, 0x144,
    0x145, 0x146, 0x147, 0x148, 0x14C, 0x14D, 0x14E, 0x14F, 0x150, 0x151,
    0x154, 0x155, 0x156, 0x157, 0x158, 0x159, 0x15A, 0x15B, 0x15C, 0x15D,
    0x15E, 0x15F, 0x160, 0x161, 0x162, 0x163, 0x164, 0x165, 0x168, 0x169,
    0x16A, 0x16B, 0x16C, 0x16D, 0x16E, 0x16F, 0x170, 0x171, 0x172, 0x173,
    0x174, 0x175, 0x176, 0x177, 0x178, 0x179, 0x17A, 0x17B, 0x17C, 0x17D,
    0x17E, 0x1A0, 0x1A1, 0x1AF, 0x1B0, 0x1CD, 0x1CE, 0x1CF, 0x1D0, 0x1D1,
    0x1D2, 0x1D3, 0x1D4, 0x1D5, 0x1D6, 0x1D7, 0x1D8, 0x1D9, 0x1DA, 0x1DB,
    0x1DC, 0x1DE, 0x1DF, 0x1E0, 0x1E1, 0x1E2, 0x1E3, 0x1E6, 0x1E7, 0x1E8,
    0x1E9, 0x1EA, 0x1EB, 0x1EC, 0x1ED, 0x1EE, 0x1EF, 0x1F0, 0x1F4, 0x1F5,
    0x1F8, 0x1F9, 0x1FA, 0x1FB, 0x1FC, 0x1FD, 0x1FE, 0x1FF, 0x200, 0x201,
    0x202, 0x203, 0x204, 0x205, 0x206, 0x207, 0x208, 0x209, 0x20A, 0x20B,
    0x20C, 0x20D, 0x20E, 0x20F, 0x210, 0x211, 0x212, 0x213, 0x214, 0x215,
    0x216, 0x217, 0x218, 0x219, 0x21A, 0x21B, 0x21E, 0x21F, 0x226, 0x227,
    0x228, 0x229, 0x22A, 0x22B, 0x22C, 0x22D, 0x22E, 0x22F, 0x230, 0x231,
    0x232, 0x233, 0x340, 0x341, 0x343, 0x344, 0x374, 0x37E, 0x385, 0x386,
    0x387, 0x388, 0x389, 0x38A, 0x38C, 0x38E, 0x38F, 0x390, 0x3AA, 0x3AB,
    0x3AC, 0x3AD, 0x3AE, 0x3AF, 0x3B0, 0x3CA, 0x3CB, 0x3CC, 0x3CD, 0x3CE,
    0x3D3, 0x3D4, 0x400, 0x401, 0x403, 0x407, 0x40C, 0x40D, 0x40E, 0x419,
    0x439, 0x450, 0x451, 0x453, 0x457, 0x45C, 0x45D, 0x45E, 0x476, 0x477,
    0x4C1, 0x4C2, 0x4D0, 0x4D1, 0x4D2, 0x4D3, 0x4D6, 0x4D7, 0x4DA, 0x4DB,
    0x4DC, 0x4DD, 0x4DE, 0x4DF, 0x4E2, 0x4E3, 0x4E4, 0x4E5, 0x4E6, 0x4E7,
    0x4EA, 0x4EB, 0x4EC, 0x4ED, 0x4EE, 0x4EF, 0x4F0, 0x4F1, 0x4F2, 0x4F3,
    0x4F4, 0x4F5, 0x4F8, 0x4F9, 0x622, 0x623, 0x624, 0x625, 0x626, 0x6C0,
    0x6C2, 0x6D3, 0x929, 0x931, 0x934, 0x958, 0x959, 0x95A, 0x95B, 0x95C,
    0x95D, 0x95E, 0x95F, 0x9CB, 0x9CC, 0x9DC, 0x9DD, 0x9DF, 0xA33, 0xA36,
    0xA59, 0xA5A, 0xA5B, 0xA5E, 0xB48, 0xB4B, 0xB4C, 0xB5C, 0xB5D, 0xB94,
    0xBCA, 0xBCB, 0xBCC, 0xC48, 0xCC0, 0xCC7, 0xCC8, 0xCCA, 0xCCB, 0xD4A,
    0xD4B, 0xD4C, 0xDDA, 0xDDC, 0xDDD, 0xDDE, 0xF43, 0xF4D, 0xF52, 0xF57,
    0xF5C, 0xF69, 0xF73, 0xF75, 0xF76, 0xF78, 0xF81, 0xF93, 0xF9D, 0xFA2,
    0xFA7, 0xFAC, 0xFB9, 0x1026, 0x1B06, 0x1B08, 0x1B0A, 0x1B0C, 0x1B0E, 0x1B12,
    0x1B3B, 0x1B3D, 0x1B40, 0x1B41, 0x1B43, 0x1E00, 0x1E01, 0x1E02, 0x1E03, 0x1E04,
    0x1E05, 0x1E06, 0x1E07, 0x1E08, 0x1E09, 0x1E0A, 0x1E0B, 0x1E0C, 0x1E0D, 0x1E0E,
    0x1E0F, 0x1E10, 0x1E11, 0x1E12, 0x1E13, 0x1E14, 0x1E15, 0x1E16, 0x1E17, 0x1E18,
    0x1E19, 0x1E1A, 0x1E1B, 0x1E1C, 0x1E1D, 0x1E1E, 0x1E1F, 0x1E20, 0x1E21, 0x1E22,
    0x1E23, 0x1E24, 0x1E25, 0x1E26, 0x1E27, 0x1E28, 0x1E29, 0x1E2A, 0x1E2B, 0x1E2C,
    0x1E2D, 0x1E2E, 0x1E2F, 0x1E30, 0x1E31, 0x1E32, 0x1E33, 0x1E34, 0x1E35, 0x1E36,
    0x1E37, 0x1E38, 0x1E39, 0x1E3A, 0x1E3B, 0x1E3C, 0x1E3D, 0x1E3E, 0x1E3F, 0x1E40,
    0x1E41, 0x1E42, 0x1E43, 0x1E44, 0x1E45, 0x1E46, 0x1E47, 0x1E48, 0x1E49, 0x1E4A,
    0x1E4B, 0x1E4C, 0x1E4D, 0x1E4E, 0x1E4F, 0x1E50, 0x1E51, 0x1E52, 0x1E53, 0x1E54,
    0x1E55, 0x1E56, 0x1E57, 0x1E58, 0x1E59, 0x1E5A, 0x1E5B, 0x1E5C, 0x1E5D, 0x1E5E,
    0x1E5F, 0x1E60, 0x1E61, 0x1E62, 0x1E63, 0x1E64, 0x1E65, 0x1E66, 0x1E67, 0x1E68,
    0x1E69, 0x1E6A, 0x1E6B, 0x1E6C, 0x1E6D, 0x1E6E, 0x1E6F, 0x1E70, 0x1E71, 0x1E72,
    0x1E73, 0x1E74, 0x1E75, 0x1E76, 0x1E77, 0x1E78, 0x1E79, 0x1E7A, 0x1E7B, 0x1E7C,
    0x1E7D, 0x1E7E, 0x1E7F, 0x1E80, 0x1E81, 0x1E82, 0x1E83, 0x1E84, 0x1E85, 0x1E86,
    0x1E87, 0x1E88, 0x1E89, 0x1E8A, 0x1E8B, 0x1E8C, 0x1E8D, 0x1E8E, 0x1E8F, 0x1E90,
    0x1E91, 0x1E92, 0x1E93, 0x1E94, 0x1E95, 0x1E96, 0x1E97, 0x1E98, 0x1E99, 0x1E9B,
    0x1EA0, 0x1EA1, 0x1EA2, 0x1EA3, 0x1EA4, 0x1EA5, 0x1EA6, 0x1EA7, 0x1EA8, 0x1EA9,
    0x1EAA, 0x1EAB, 0x1EAC, 0x1EAD, 0x1EAE, 0x1EAF, 0x1EB0, 0x1EB1, 0x1EB2, 0x1EB3,
    0x1EB4, 0x1EB5, 0x1EB6, 0x1EB7, 0x1EB8, 0x1EB9, 0x1EBA, 0x1EBB, 0x1EBC, 0x1EBD,
    0x1EBE, 0x1EBF, 0x1EC0, 0x1EC1, 0x1EC2, 0x1EC3, 0x1EC4, 0x1EC5, 0x1EC6, 0x1EC7,
    0x1EC8, 0x1EC9, 0x1ECA, 0x1ECB, 0x1ECC, 0x1ECD, 0x1ECE, 0x1ECF, 0x1ED0, 0x1ED1,
    0x1ED2, 0x1ED3, 0x1ED4, 0x1ED5, 0x1ED6, 0x1ED7, 0x1ED8, 0x1ED9, 0x1EDA, 0x1EDB,
    0x1EDC, 0x1EDD, 0x1EDE, 0x1EDF, 0x1EE0, 0x1EE1, 0x1EE2, 0x1EE3, 0x1EE4, 0x1EE5,
    0x1EE6, 0x1EE7, 0x1EE8, 0x1EE9, 0x1EEA, 0x1EEB, 0x1EEC, 0x1EED, 0x1EEE, 0x1EEF,
    0x1EF0, 0x1EF1, 0x1EF2, 0x1EF3, 0x1EF4, 0x1EF5, 0x1EF6, 0x1EF7, 0x1EF8, 0x1EF9,
    0x1F00, 0x1F01, 0x1F02, 0x1F03, 0x1F04, 0x1F05, 0x1F06, 0x1F07, 0x1F08, 0x1F09,
    0x1F0A, 0x1F0B, 0x1F0C, 0x1F0D, 0x1F0E, 0x1F0F, 0x1F10, 0x1F11, 0x1F12, 0x1F13,
    0x1F14, 0x1F15, 0x1F18, 0x1F19, 0x1F1A, 0x1F1B, 0x1F1C, 0x1F1D, 0x1F20, 0x1F21,
    0x1F22, 0x1F23, 0x1F24, 0x1F25, 0x1F26, 0x1F27, 0x1F28, 0x1F29, 0x1F2A, 0x1F2B,
    0x1F2C, 0x1F2D, 0x1F2E, 0x1F2F, 0x1F30, 0x1F31, 0x1F32, 0x1F33, 0x1F34, 0x1F35,
    0x1F36, 0x1F37, 0x1F38, 0x1F39, 0x1F3A, 0x1F3B, 0x1F3C, 0x1F3D, 0x1F3E, 0x1F3F,
    0x1F40, 0x1F41, 0x1F42, 0x1F43, 0x1F44, 0x1F45, 0x1F48, 0x1F49, 0x1F4A, 0x1F4B,
    0x1F4C, 0x1F4D, 0x1F50, 0x1F51, 0x1F52, 0x1F53, 0x1F54, 0x1F55, 0x1F56, 0x1F57,
    0x1F59, 0x1F5B, 0x1F5D, 0x1F5F, 0x1F60, 0x1F61, 0x1F62, 0x1F63, 0x1F64, 0x1F65,
    0x1F66, 0x1F67, 0x1F68, 0x1F69, 0x1F6A, 0x1F6B, 0x1F6C, 0x1F6D, 0x1F6E, 0x1F6F,
    0x1F70, 0x1F71, 0x1F72, 0x1F73, 0x1F74, 0x1F75, 0x1F76, 0x1F77, 0x1F78, 0x1F79,
    0x1F7A, 0x1F7B, 0x1F7C, 0x1F7D, 0x1F80, 0x1F81, 0x1F82, 0x1F83, 0x1F84, 0x1F85,
    0x1F86, 0x1F87, 0x1F88, 0x1F89, 0x1F8A, 0x1F8B, 0x1F8C, 0x1F8D, 0x1F8E, 0x1F8F,
    0x1F90, 0x1F91, 0x1F92, 0x1F93, 0x1F94, 0x1F95, 0x1F96, 0x1F97, 0x1F98, 0x1F99,
    0x1F9A, 0x1F9B, 0x1F9C, 0x1F9D, 0x1F9E, 0x1F9F, 0x1FA0, 0x1FA1, 0x1FA2, 0x1FA3,
    0x1FA4, 0x1FA5, 0x1FA6, 0x1FA7, 0x1FA8, 0x1FA9, 0x1FAA, 0x1FAB, 0x1FAC, 0x1FAD,
    0x1FAE, 0x1FAF, 0x1FB0, 0x1FB1, 0x1FB2, 0x1FB3, 0x1FB4, 0x1FB6, 0x1FB7, 0x1FB8,
    0x1FB9, 0x1FBA, 0x1FBB, 0x1FBC, 0x1FBE, 0x1FC1, 0x1FC2, 0x1FC3, 0x1FC4, 0x1FC6,
    0x1FC7, 0x1FC8, 0x1FC9, 0x1FCA, 0x1FCB, 0x1FCC, 0x1FCD, 0x1FCE, 0x1FCF, 0x1FD0,
    0x1FD1, 0x1FD2, 0x1FD3, 0x1FD6, 0x1FD7, 0x1FD8, 0x1FD9, 0x1FDA, 0x1FDB, 0x1FDD,
    0x1FDE, 0x1FDF, 0x1FE0, 0x1FE1, 0x1FE2, 0x1FE3, 0x1FE4, 0x1FE5, 0x1FE6, 0x1FE7,
    0x1FE8, 0x1FE9, 0x1FEA, 0x1FEB, 0x1FEC, 0x1FED, 0x1FEE, 0x1FEF, 0x1FF2, 0x1FF3,
    0x1FF4, 0x1FF6, 0x1FF7, 0x1FF8, 0x1FF9, 0x1FFA, 0x1FFB, 0x1FFC, 0x1FFD, 0x2000,
    0x2001, 0x2126, 0x212A, 0x212B, 0x219A, 0x219B, 0x21AE, 0x21CD, 0x21CE, 0x21CF,
    0x2204, 0x2209, 0x220C, 0x2224, 0x2226, 0x2241, 0x2244, 0x2247, 0x2249, 0x2260,
    0x2262, 0x226D, 0x226E, 0x226F, 0x2270, 0x2271, 0x2274, 0x2275, 0x2278, 0x2279,
    0x2280, 0x2281, 0x2284, 0x2285, 0x2288, 0x2289, 0x22AC, 0x22AD, 0x22AE, 0x22AF,
    0x22E0, 0x22E1, 0x22E2, 0x22E3, 0x22EA, 0x22EB, 0x22EC, 0x22ED, 0x2329, 0x232A,
    0x2ADC, 0x304C, 0x304E, 0x3050, 0x3052, 0x3054, 0x3056, 0x3058, 0x305A, 0x305C,
    0x305E, 0x3060, 0x3062, 0x3065, 0x3067, 0x3069, 0x3070, 0x3071, 0x3073, 0x3074,
    0x3076, 0x3077, 0x3079, 0x307A, 0x307C, 0x307D, 0x3094, 0x309E, 0x30AC, 0x30AE,
    0x30B0, 0x30B2, 0x30B4, 0x30B6, 0x30B8, 0x30BA, 0x30BC, 0x30BE, 0x30C0, 0x30C2,
    0x30C5, 0x30C7, 0x30C9, 0x30D0, 0x30D1, 0x30D3, 0x30D4, 0x30D6, 0x30D7, 0x30D9,
    0x30DA, 0x30DC, 0x30DD, 0x30F4, 0x30F7, 0x30F8, 0x30F9, 0x30FA, 0x30FE, 0xF900,
    0xF901, 0xF902, 0xF903, 0xF904, 0xF905, 0xF906, 0xF907, 0xF908, 0xF909, 0xF90A,
    0xF90B, 0xF90C, 0xF90D, 0xF90E, 0xF90F, 0xF910, 0xF911, 0xF912, 0xF913, 0xF914,
    0xF915, 0xF916, 0xF917, 0xF918, 0xF919, 0xF91A, 0xF91B, 0xF91C, 0xF91D, 0xF91E,
    0xF91F, 0xF920, 0xF921, 0xF922, 0xF923, 0xF924, 0xF925, 0xF926, 0xF927, 0xF928,
    0xF929, 0xF92A, 0xF92B, 0xF92C, 0xF92D, 0xF92E, 0xF92F, 0xF930, 0xF931, 0xF932,
    0xF933, 0xF934, 0xF935, 0xF936, 0xF937, 0xF938, 0xF939, 0xF93A, 0xF93B, 0xF93C,
    0xF93D, 0xF93E, 0xF93F, 0xF940, 0xF941, 0xF942, 0xF943, 0xF944, 0xF945, 0xF946,
    0xF947, 0xF948, 0xF949, 0xF94A, 0xF94B, 0xF94C, 0xF94D, 0xF94E, 0xF94F, 0xF950,
    0xF951, 0xF952, 0xF953, 0xF954, 0xF955, 0xF956, 0xF957, 0xF958, 0xF959, 0xF95A,
    0xF95B, 0xF95C, 0xF95D, 0xF95E, 0xF95F, 0xF960, 0xF961, 0xF962, 0xF963, 0xF964,
    0xF965, 0xF966, 0xF967, 0xF968, 0xF969, 0xF96A, 0xF96B, 0xF96C, 0xF96D, 0xF96E,
    0xF96F, 0xF970, 0xF971, 0xF972, 0xF973, 0xF974, 0xF975, 0xF976, 0xF977, 0xF978,
    0xF979, 0xF97A, 0xF97B, 0xF97C, 0xF97D, 0xF97E, 0xF97F, 0xF980, 0xF981, 0xF982,
    0xF983, 0xF984, 0xF985, 0xF986, 0xF987, 0xF988, 0xF989, 0xF98A, 0xF98B, 0xF98C,
    0xF98D, 0xF98E, 0xF98F, 0xF990, 0xF991, 0xF992, 0xF993, 0xF994, 0xF995, 0xF996,
    0xF997, 0xF998, 0xF999, 0xF99A, 0xF99B, 0xF99C, 0xF99D, 0xF99E, 0xF99F, 0xF9A0,
    0xF9A1, 0xF9A2, 0xF9A3, 0xF9A4, 0xF9A5, 0xF9A6, 0xF9A7, 0xF9A8, 0xF9A9, 0xF9AA,
    0xF9AB, 0xF9AC, 0xF9AD, 0xF9AE, 0xF9AF, 0xF9B0, 0xF9B1, 0xF9B2, 0xF9B3, 0xF9B4,
    0xF9B5, 0xF9B6, 0xF9B7, 0xF9B8, 0xF9B9, 0xF9BA, 0xF9BB, 0xF9BC, 0xF9BD, 0xF9BE,
    0xF9BF, 0xF9C0, 0xF9C1, 0xF9C2, 0xF9C3, 0xF9C4, 0xF9C5, 0xF9C6, 0xF9C7, 0xF9C8,
    0xF9C9, 0xF9CA, 0xF9CB, 0xF9CC, 0xF9CD, 0xF9CE, 0xF9CF, 0xF9D0, 0xF9D1, 0xF9D2,
    0xF9D3, 0xF9D4, 0xF9D5, 0xF9D6, 0xF9D7, 0xF9D8, 0xF9D9, 0xF9DA, 0xF9DB, 0xF9DC,
    0xF9DD, 0xF9DE, 0xF9DF, 0xF9E0, 0xF9E1, 0xF9E2, 0xF9E3, 0xF9E4, 0xF9E5, 0xF9E6,
    0xF9E7, 0xF9E8, 0xF9E9, 0xF9EA, 0xF9EB, 0xF9EC, 0xF9ED, 0xF9EE, 0xF9EF, 0xF9F0,
    0xF9F1, 0xF9F2, 0xF9F3, 0xF9F4, 0xF9F5, 0xF9F6, 0xF9F7, 0xF9F8, 0xF9F9, 0xF9FA,
    0xF9FB, 0xF9FC, 0xF9FD, 0xF9FE, 0xF9FF, 0xFA00, 0xFA01, 0xFA02, 0xFA03, 0xFA04,
    0xFA05, 0xFA06, 0xFA07, 0xFA08, 0xFA09, 0xFA0A, 0xFA0B, 0xFA0C, 0xFA0D, 0xFA10,
    0xFA12, 0xFA15, 0xFA16, 0xFA17, 0xFA18, 0xFA19, 0xFA1A, 0xFA1B, 0xFA1C, 0xFA1D,
    0xFA1E, 0xFA20, 0xFA22, 0xFA25, 0xFA26, 0xFA2A, 0xFA2B, 0xFA2C, 0xFA2D, 0xFA2E,
    0xFA2F, 0xFA30, 0xFA31, 0xFA32, 0xFA33, 0xFA34, 0xFA35, 0xFA36, 0xFA37, 0xFA38,
    0xFA39, 0xFA3A, 0xFA3B, 0xFA3C, 0xFA3D, 0xFA3E, 0xFA3F, 0xFA40, 0xFA41, 0xFA42,
    0xFA43, 0xFA44, 0xFA45, 0xFA46, 0xFA47, 0xFA48, 0xFA49, 0xFA4A, 0xFA4B, 0xFA4C,
    0xFA4D, 0xFA4E, 0xFA4F, 0xFA50, 0xFA51, 0xFA52, 0xFA53, 0xFA54, 0xFA55, 0xFA56,
    0xFA57, 0xFA58, 0xFA59, 0xFA5A, 0xFA5B, 0xFA5C, 0xFA5D, 0xFA5E, 0xFA5F, 0xFA60,
    0xFA61, 0xFA62, 0xFA63, 0xFA64, 0xFA65, 0xFA66, 0xFA67, 0xFA68, 0xFA69, 0xFA6A,
    0xFA6B, 0xFA6C, 0xFA6D, 0xFA70, 0xFA71, 0xFA72, 0xFA73, 0xFA74, 0xFA75, 0xFA76,
    0xFA77, 0xFA78, 0xFA79, 0xFA7A, 0xFA7B, 0xFA7C, 0xFA7D, 0xFA7E, 0xFA7F, 0xFA80,
    0xFA81, 0xFA82, 0xFA83, 0xFA84, 0xFA85, 0xFA86, 0xFA87, 0xFA88, 0xFA89, 0xFA8A,
    0xFA8B, 0xFA8C, 0xFA8D, 0xFA8E, 0xFA8F, 0xFA90, 0xFA91, 0xFA92, 0xFA93, 0xFA94,
    0xFA95, 0xFA96, 0xFA97, 0xFA98, 0xFA99, 0xFA9A, 0xFA9B, 0xFA9C, 0xFA9D, 0xFA9E,
    0xFA9F, 0xFAA0, 0xFAA1, 0xFAA2, 0xFAA3, 0xFAA4, 0xFAA5, 0xFAA6, 0xFAA7, 0xFAA8,
    0xFAA9, 0xFAAA, 0xFAAB, 0xFAAC, 0xFAAD, 0xFAAE, 0xFAAF, 0xFAB0, 0xFAB1, 0xFAB2,
    0xFAB3, 0xFAB4, 0xFAB5, 0xFAB6, 0xFAB7, 0xFAB8, 0xFAB9, 0xFABA, 0xFABB, 0xFABC,
    0xFABD, 0xFABE, 0xFABF, 0xFAC0, 0xFAC1, 0xFAC2, 0xFAC3, 0xFAC4, 0xFAC5, 0xFAC6,
    0xFAC7, 0xFAC8, 0xFAC9, 0xFACA, 0xFACB, 0xFACC, 0xFACD, 0xFACE, 0xFACF, 0xFAD0,
    0xFAD1, 0xFAD2, 0xFAD3, 0xFAD4, 0xFAD5, 0xFAD6, 0xFAD7, 0xFAD8, 0xFAD9, 0xFB1D,
    0xFB1F, 0xFB2A, 0xFB2B, 0xFB2C, 0xFB2D, 0xFB2E, 0xFB2F, 0xFB30, 0xFB31, 0xFB32,
    0xFB33, 0xFB34, 0xFB35, 0xFB36, 0xFB38, 0xFB39, 0xFB3A, 0xFB3B, 0xFB3C, 0xFB3E,
    0xFB40, 0xFB41, 0xFB43, 0xFB44, 0xFB46, 0xFB47, 0xFB48, 0xFB49, 0xFB4A, 0xFB4B,
    0xFB4C, 0xFB4D, 0xFB4E, 0x105C9, 0x105E4, 0x1109A, 0x1109C, 0x110AB, 0x1112E, 0x1112F,
    0x1134B, 0x1134C, 0x11383, 0x11385, 0x1138E, 0x11391, 0x113C5, 0x113C7, 0x113C8, 0x114BB,
    0x114BC, 0x114BE, 0x115BA, 0x115BB, 0x11938, 0x16121, 0x16122, 0x16123, 0x16124, 0x16125,
    0x16126, 0x16127, 0x16128, 0x16D68, 0x16D69, 0x16D6A, 0x1D15E, 0x1D15F, 0x1D160, 0x1D161,
    0x1D162, 0x1D163, 0x1D164, 0x1D1BB, 0x1D1BC, 0x1D1BD, 0x1D1BE, 0x1D1BF, 0x1D1C0, 0x2F800,
    0x2F801, 0x2F802, 0x2F803, 0x2F804, 0x2F805, 0x2F806, 0x2F807, 0x2F808, 0x2F809, 0x2F80A,
    0x2F80B, 0x2F80C, 0x2F80D, 0x2F80E, 0x2F80F, 0x2F810, 0x2F811, 0x2F812, 0x2F813, 0x2F814,
    0x2F815, 0x2F816, 0x2F817, 0x2F818, 0x2F819, 0x2F81A, 0x2F81B, 0x2F81C, 0x2F81D, 0x2F81E,
    0x2F81F, 0x2F820, 0x2F821, 0x2F822, 0x2F823, 0x2F824, 0x2F825, 0x2F826, 0x2F827, 0x2F828,
    0x2F829, 0x2F82A, 0x2F82B, 0x2F82C, 0x2F82D, 0x2F82E, 0x2F82F, 0x2F830, 0x2F831, 0x2F832,
    0x2F833, 0x2F834, 0x2F835, 0x2F836, 0x2F837, 0x2F838, 0x2F839, 0x2F83A, 0x2F83B, 0x2F83C,
    0x2F83D, 0x2F83E, 0x2F83F, 0x2F840, 0x2F841, 0x2F842, 0x2F843, 0x2F844, 0x2F845, 0x2F846,
    0x2F847, 0x2F848, 0x2F849, 0x2F84A, 0x2F84B, 0x2F84C, 0x2F84D, 0x2F84E, 0x2F84F, 0x2F850,
    0x2F851, 0x2F852, 0x2F853, 0x2F854, 0x2F855, 0x2F856, 0x2F857, 0x2F858, 0x2F859, 0x2F85A,
    0x2F85B, 0x2F85C, 0x2F85D, 0x2F85E, 0x2F85F, 0x2F860, 0x2F861, 0x2F862, 0x2F863, 0x2F864,
    0x2F865, 0x2F866, 0x2F867, 0x2F868, 0x2F869, 0x2F86A, 0x2F86B, 0x2F86C, 0x2F86D, 0x2F86E,
    0x2F86F, 0x2F870, 0x2F871, 0x2F872, 0x2F873, 0x2F874, 0x2F875, 0x2F876, 0x2F877, 0x2F878,
    0x2F879, 0x2F87A, 0x2F87B, 0x2F87C, 0x2F87D, 0x2F87E, 0x2F87F, 0x2F880, 0x2F881, 0x2F882,
    0x2F883, 0x2F884, 0x2F885, 0x2F886, 0x2F887, 0x2F888, 0x2F889, 0x2F88A, 0x2F88B, 0x2F88C,
    0x2F88D, 0x2F88E, 0x2F88F, 0x2F890, 0x2F891, 0x2F892, 0x2F893, 0x2F894, 0x2F895, 0x2F896,
    0x2F897, 0x2F898, 0x2F899, 0x2F89A, 0x2F89B, 0x2F89C, 0x2F89D, 0x2F89E, 0x2F89F, 0x2F8A0,
    0x2F8A1, 0x2F8A2, 0x2F8A3, 0x2F8A4, 0x2F8A5, 0x2F8A6, 0x2F8A7, 0x2F8A8, 0x2F8A9, 0x2F8AA,
    0x2F8AB, 0x2F8AC, 0x2F8AD, 0x2F8AE, 0x2F8AF, 0x2F8B0, 0x2F8B1, 0x2F8B2, 0x2F8B3, 0x2F8B4,
    0x2F8B5, 0x2F8B6, 0x2F8B7, 0x2F8B8, 0x2F8B9, 0x2F8BA, 0x2F8BB, 0x2F8BC, 0x2F8BD, 0x2F8BE,
    0x2F8BF, 0x2F8C0, 0x2F8C1, 0x2F8C2, 0x2F8C3, 0x2F8C4, 0x2F8C5, 0x2F8C6, 0x2F8C7, 0x2F8C8,
    0x2F8C9, 0x2F8CA, 0x2F8CB, 0x2F8CC, 0x2F8CD, 0x2F8CE, 0x2F8CF, 0x2F8D0, 0x2F8D1, 0x2F8D2,
    0x2F8D3, 0x2F8D4, 0x2F8D5, 0x2F8D6, 0x2F8D7, 0x2F8D8, 0x2F8D9, 0x2F8DA, 0x2F8DB, 0x2F8DC,
    0x2F8DD, 0x2F8DE, 0x2F8DF, 0x2F8E0, 0x2F8E1, 0x2F8E2, 0x2F8E3, 0x2F8E4, 0x2F8E5, 0x2F8E6,
    0x2F8E7, 0x2F8E8, 0x2F8E9, 0x2F8EA, 0x2F8EB, 0x2F8EC, 0x2F8ED, 0x2F8EE, 0x2F8EF, 0x2F8F0,
    0x2F8F1, 0x2F8F2, 0x2F8F3, 0x2F8F4, 0x2F8F5, 0x2F8F6, 0x2F8F7, 0x2F8F8, 0x2F8F9, 0x2F8FA,
    0x2F8FB, 0x2F8FC, 0x2F8FD, 0x2F8FE, 0x2F8FF, 0x2F900, 0x2F901, 0x2F902, 0x2F903, 0x2F904,
    0x2F905, 0x2F906, 0x2F907, 0x2F908, 0x2F909, 0x2F90A, 0x2F90B, 0x2F90C, 0x2F90D, 0x2F90E,
    0x2F90F, 0x2F910, 0x2F911, 0x2F912, 0x2F913, 0x2F914, 0x2F915, 0x2F916, 0x2F917, 0x2F918,
    0x2F919, 0x2F91A, 0x2F91B, 0x2F91C, 0x2F91D, 0x2F91E, 0x2F91F, 0x2F920, 0x2F921, 0x2F922,
    0x2F923, 0x2F924, 0x2F925, 0x2F926, 0x2F927, 0x2F928, 0x2F929, 0x2F92A, 0x2F92B, 0x2F92C,
    0x2F92D, 0x2F92E, 0x2F92F, 0x2F930, 0x2F931, 0x2F932, 0x2F933, 0x2F934, 0x2F935, 0x2F936,
    0x2F937, 0x2F938, 0x2F939, 0x2F93A, 0x2F93B, 0x2F93C, 0x2F93D, 0x2F93E, 0x2F93F, 0x2F940,
    0x2F941, 0x2F942, 0x2F943, 0x2F944, 0x2F945, 0x2F946, 0x2F947, 0x2F948, 0x2F949, 0x2F94A,
    0x2F94B, 0x2F94C, 0x2F94D, 0x2F94E, 0x2F94F, 0x2F950, 0x2F951, 0x2F952, 0x2F953, 0x2F954,
    0x2F955, 0x2F956, 0x2F957, 0x2F958, 0x2F959, 0x2F95A, 0x2F95B, 0x2F95C, 0x2F95D, 0x2F95E,
    0x2F95F, 0x2F960, 0x2F961, 0x2F962, 0x2F963, 0x2F964, 0x2F965, 0x2F966, 0x2F967, 0x2F968,
    0x2F969, 0x2F96A, 0x2F96B, 0x2F96C, 0x2F96D, 0x2F96E, 0x2F96F, 0x2F970, 0x2F971, 0x2F972,
    0x2F973, 0x2F974, 0x2F975, 0x2F976, 0x2F977, 0x2F978, 0x2F979, 0x2F97A, 0x2F97B, 0x2F97C,
    0x2F97D, 0x2F97E, 0x2F97F, 0x2F980, 0x2F981, 0x2F982, 0x2F983, 0x2F984, 0x2F985, 0x2F986,
    0x2F987, 0x2F988, 0x2F989, 0x2F98A, 0x2F98B, 0x2F98C, 0x2F98D, 0x2F98E, 0x2F98F, 0x2F990,
    0x2F991, 0x2F992, 0x2F993, 0x2F994, 0x2F995, 0x2F996, 0x2F997, 0x2F998, 0x2F999, 0x2F99A,
    0x2F99B, 0x2F99C, 0x2F99D, 0x2F99E, 0x2F99F, 0x2F9A0, 0x2F9A1, 0x2F9A2, 0x2F9A3, 0x2F9A4,
    0x2F9A5, 0x2F9A6, 0x2F9A7, 0x2F9A8, 0x2F9A9, 0x2F9AA, 0x2F9AB, 0x2F9AC, 0x2F9AD, 0x2F9AE,
    0x2F9AF, 0x2F9B0, 0x2F9B1, 0x2F9B2, 0x2F9B3, 0x2F9B4, 0x2F9B5, 0x2F9B6, 0x2F9B7, 0x2F9B8,
    0x2F9B9, 0x2F9BA, 0x2F9BB, 0x2F9BC, 0x2F9BD, 0x2F9BE, 0x2F9BF, 0x2F9C0, 0x2F9C1, 0x2F9C2,
    0x2F9C3, 0x2F9C4, 0x2F9C5, 0x2F9C6, 0x2F9C7, 0x2F9C8, 0x2F9C9, 0x2F9CA, 0x2F9CB, 0x2F9CC,
    0x2F9CD, 0x2F9CE, 0x2F9CF, 0x2F9D0, 0x2F9D1, 0x2F9D2, 0x2F9D3, 0x2F9D4, 0x2F9D5, 0x2F9D6,
    0x2F9D7, 0x2F9D8, 0x2F9D9, 0x2F9DA, 0x2F9DB, 0x2F9DC, 0x2F9DD, 0x2F9DE, 0x2F9DF, 0x2F9E0,
    0x2F9E1, 0x2F9E2, 0x2F9E3, 0x2F9E4, 0x2F9E5, 0x2F9E6, 0x2F9E7, 0x2F9E8, 0x2F9E9, 0x2F9EA,
    0x2F9EB, 0x2F9EC, 0x2F9ED, 0x2F9EE, 0x2F9EF, 0x2F9F0, 0x2F9F1, 0x2F9F2, 0x2F9F3, 0x2F9F4,
    0x2F9F5, 0x2F9F6, 0x2F9F7, 0x2F9F8, 0x2F9F9, 0x2F9FA, 0x2F9FB, 0x2F9FC, 0x2F9FD, 0x2F9FE,
    0x2F9FF, 0x2FA00, 0x2FA01, 0x2FA02, 0x2FA03, 0x2FA04, 0x2FA05, 0x2FA06, 0x2FA07, 0x2FA08,
    0x2FA09, 0x2FA0A, 0x2FA0B, 0x2FA0C, 0x2FA0D, 0x2FA0E, 0x2FA0F, 0x2FA10, 0x2FA11, 0x2FA12,
    0x2FA13, 0x2FA14, 0x2FA15, 0x2FA16, 0x2FA17, 0x2FA18, 0x2FA19, 0x2FA1A, 0x2FA1B, 0x2FA1C,
    0x2FA1D,
};

static const uint32_t un_nfd_idx[2081] = {
    0x2, 0x202, 0x402, 0x602, 0x802, 0xA02, 0xC02, 0xE02, 0x1002, 0x1202,
    0x1402, 0x1602, 0x1802, 0x1A02, 0x1C02, 0x1E02, 0x2002, 0x2202, 0x2402, 0x2602,
    0x2802, 0x2A02, 0x2C02, 0x2E02, 0x3002, 0x3202, 0x3402, 0x3602, 0x3802, 0x3A02,
    0x3C02, 0x3E02, 0x4002, 0x4202, 0x4402, 0x4602, 0x4802, 0x4A02, 0x4C02, 0x4E02,
    0x5002, 0x5202, 0x5402, 0x5602, 0x5802, 0x5A02, 0x5C02, 0x5E02, 0x6002, 0x6202,
    0x6402, 0x6602, 0x6802, 0x6A02, 0x6C02, 0x6E02, 0x7002, 0x7202, 0x7402, 0x7602,
    0x7802, 0x7A02, 0x7C02, 0x7E02, 0x8002, 0x8202, 0x8402, 0x8602, 0x8802, 0x8A02,
    0x8C02, 0x8E02, 0x9002, 0x9202, 0x9402, 0x9602, 0x9802, 0x9A02, 0x9C02, 0x9E02,
    0xA002, 0xA202, 0xA402, 0xA602, 0xA802, 0xAA02, 0xAC02, 0xAE02, 0xB002, 0xB202,
    0xB402, 0xB602, 0xB802, 0xBA02, 0xBC02, 0xBE02, 0xC002, 0xC202, 0xC402, 0xC602,
    0xC802, 0xCA02, 0xCC02, 0xCE02, 0xD002, 0xD202, 0xD402, 0xD602, 0xD802, 0xDA02,
    0xDC02, 0xDE02, 0xE002, 0xE202, 0xE402, 0xE602, 0xE802, 0xEA02, 0xEC02, 0xEE02,
    0xF002, 0xF202, 0xF402, 0xF602, 0xF802, 0xFA02, 0xFC02, 0xFE02, 0x10002, 0x10202,
    0x10402, 0x10602, 0x10802, 0x10A02, 0x10C02, 0x10E02, 0x11002, 0x11202, 0x11402, 0x11602,
    0x11802, 0x11A02, 0x11C02, 0x11E02, 0x12002, 0x12202, 0x12402, 0x12602, 0x12802, 0x12A02,
    0x12C02, 0x12E02, 0x13002, 0x13202, 0x13402, 0x13602, 0x13802, 0x13A02, 0x13C02, 0x13E02,
    0x14002, 0x14202, 0x14402, 0x14602, 0x14802, 0x14A02, 0x14C02, 0x14E02, 0x15002, 0x15202,
    0x15402, 0x15602, 0x15802, 0x15A03, 0x15D03, 0x16003, 0x16303, 0x16603, 0x16903, 0x16C03,
    0x16F03, 0x17203, 0x17503, 0x17803, 0x17B03, 0x17E02, 0x18002, 0x18202, 0x18402, 0x18602,
    0x18802, 0x18A02, 0x18C02, 0x18E03, 0x19103, 0x19402, 0x19602, 0x19802, 0x19A02, 0x19C02,
    0x19E02, 0x1A002, 0x1A203, 0x1A503, 0x1A802, 0x1AA02, 0x1AC02, 0x1AE02, 0x1B002, 0x1B202,
    0x1B402, 0x1B602, 0x1B802, 0x1BA02, 0x1BC02, 0x1BE02, 0x1C002, 0x1C202, 0x1C402, 0x1C602,
    0x1C802, 0x1CA02, 0x1CC02, 0x1CE02, 0x1D002, 0x1D202, 0x1D402, 0x1D602, 0x1D802, 0x1DA02,
    0x1DC02, 0x1DE02, 0x1E002, 0x1E202, 0x1E402, 0x1E602, 0x1E802, 0x1EA02, 0x1EC02, 0x1EE02,
    0x1F002, 0x1F202, 0x1F403, 0x1F703, 0x1FA03, 0x1FD03, 0x20002, 0x20202, 0x20403, 0x20703,
    0x20A02, 0x20C02, 0x20E01, 0x20F01, 0x21001, 0x21102, 0x21301, 0x21401, 0x21502, 0x21702,
    0x21901, 0x21A02, 0x21C02, 0x21E02, 0x22002, 0x22202, 0x22402, 0x22603, 0x22902, 0x22B02,
    0x22D02, 0x22F02, 0x23102, 0x23302, 0x23503, 0x23802, 0x23A02, 0x23C02, 0x23E02, 0x24002,
    0x24202, 0x24402, 0x24602, 0x24802, 0x24A02, 0x24C02, 0x24E02, 0x25002, 0x25202, 0x25402,
    0x25602, 0x25802, 0x25A02, 0x25C02, 0x25E02, 0x26002, 0x26202, 0x26402, 0x26602, 0x26802,
    0x26A02, 0x26C02, 0x26E02, 0x27002, 0x27202, 0x27402, 0x27602, 0x27802, 0x27A02, 0x27C02,
    0x27E02, 0x28002, 0x28202, 0x28402, 0x28602, 0x28802, 0x28A02, 0x28C02, 0x28E02, 0x29002,
    0x29202, 0x29402, 0x29602, 0x29802, 0x29A02, 0x29C02, 0x29E02, 0x2A002, 0x2A202, 0x2A402,
    0x2A602, 0x2A802, 0x2AA02, 0x2AC02, 0x2AE02, 0x2B002, 0x2B202, 0x2B402, 0x2B602, 0x2B802,
    0x2BA02, 0x2BC02, 0x2BE02, 0x2C002, 0x2C202, 0x2C402, 0x2C602, 0x2C802, 0x2CA02, 0x2CC02,
    0x2CE02, 0x2D002, 0x2D202, 0x2D402, 0x2D602, 0x2D802, 0x2DA02, 0x2DC02, 0x2DE02, 0x2E002,
    0x2E202, 0x2E402, 0x2E602, 0x2E802, 0x2EA02, 0x2EC02, 0x2EE02, 0x2F002, 0x2F202, 0x2F402,
    0x2F602, 0x2F802, 0x2FA02, 0x2FC02, 0x2FE02, 0x30002, 0x30202, 0x30402, 0x30603, 0x30902,
    0x30B02, 0x30D02, 0x30F02, 0x31102, 0x31303, 0x31602, 0x31802, 0x31A02, 0x31C02, 0x31E02,
    0x32002, 0x32202, 0x32402, 0x32602, 0x32802, 0x32A02, 0x32C02, 0x32E02, 0x33002, 0x33202,
    0x33402, 0x33602, 0x33802, 0x33A02, 0x33C02, 0x33E02, 0x34002, 0x34202, 0x34402, 0x34602,
    0x34802, 0x34A02, 0x34C02, 0x34E02, 0x35002, 0x35202, 0x35402, 0x35602, 0x35802, 0x35A02,
    0x35C02, 0x35E02, 0x36002, 0x36203, 0x36503, 0x36802, 0x36A02, 0x36C02, 0x36E02, 0x37002,
    0x37202, 0x37402, 0x37602, 0x37802, 0x37A02, 0x37C03, 0x37F03, 0x38203, 0x38503, 0x38802,
    0x38A02, 0x38C02, 0x38E02, 0x39003, 0x39303, 0x39602, 0x39802, 0x39A02, 0x39C02, 0x39E02,
    0x3A002, 0x3A202, 0x3A402, 0x3A602, 0x3A802, 0x3AA02, 0x3AC02, 0x3AE02, 0x3B002, 0x3B202,
    0x3B402, 0x3B603, 0x3B903, 0x3BC02, 0x3BE02, 0x3C002, 0x3C202, 0x3C402, 0x3C602, 0x3C802,
    0x3CA02, 0x3CC03, 0x3CF03, 0x3D202, 0x3D402, 0x3D602, 0x3D802, 0x3DA02, 0x3DC02, 0x3DE02,
    0x3E002, 0x3E202, 0x3E402, 0x3E602, 0x3E802, 0x3EA02, 0x3EC02, 0x3EE02, 0x3F002, 0x3F202,
    0x3F402, 0x3F603, 0x3F903, 0x3FC03, 0x3FF03, 0x40203, 0x40503, 0x40803, 0x40B03, 0x40E02,
    0x41002, 0x41202, 0x41402, 0x41602, 0x41802, 0x41A02, 0x41C02, 0x41E03, 0x42103, 0x42402,
    0x42602, 0x42802, 0x42A02, 0x42C02, 0x42E02, 0x43003, 0x43303, 0x43603, 0x43903, 0x43C03,
    0x43F03, 0x44202, 0x44402, 0x44602, 0x44802, 0x44A02, 0x44C02, 0x44E02, 0x45002, 0x45202,
    0x45402, 0x45602, 0x45802, 0x45A02, 0x45C02, 0x45E03, 0x46103, 0x46403, 0x46703, 0x46A02,
    0x46C02, 0x46E02, 0x47002, 0x47202, 0x47402, 0x47602, 0x47802, 0x47A02, 0x47C02, 0x47E02,
    0x48002, 0x48202, 0x48402, 0x48602, 0x48802, 0x48A02, 0x48C02, 0x48E02, 0x49002, 0x49202,
    0x49402, 0x49602, 0x49802, 0x49A02, 0x49C02, 0x49E02, 0x4A002, 0x4A202, 0x4A402, 0x4A602,
    0x4A802, 0x4AA02, 0x4AC02, 0x4AE02, 0x4B003, 0x4B303, 0x4B603, 0x4B903, 0x4BC03, 0x4BF03,
    0x4C203, 0x4C503, 0x4C803, 0x4CB03, 0x4CE03, 0x4D103, 0x4D403, 0x4D703, 0x4DA03, 0x4DD03,
    0x4E003, 0x4E303, 0x4E603, 0x4E903, 0x4EC02, 0x4EE02, 0x4F002, 0x4F202, 0x4F402, 0x4F602,
    0x4F803, 0x4FB03, 0x4FE03, 0x50103, 0x50403, 0x50703, 0x50A03, 0x50D03, 0x51003, 0x51303,
    0x51602, 0x51802, 0x51A02, 0x51C02, 0x51E02, 0x52002, 0x52202, 0x52402, 0x52603, 0x52903,
    0x52C03, 0x52F03, 0x53203, 0x53503, 0x53803, 0x53B03, 0x53E03, 0x54103, 0x54403, 0x54703,
    0x54A03, 0x54D03, 0x55003, 0x55303, 0x55603, 0x55903, 0x55C03, 0x55F03, 0x56202, 0x56402,
    0x56602, 0x56802, 0x56A03, 0x56D03, 0x57003, 0x57303, 0x57603, 0x57903, 0x57C03, 0x57F03,
    0x58203, 0x58503, 0x58802, 0x58A02, 0x58C02, 0x58E02, 0x59002, 0x59202, 0x59402, 0x59602,
    0x59802, 0x59A02, 0x59C03, 0x59F03, 0x5A203, 0x5A503, 0x5A803, 0x5AB03, 0x5AE02, 0x5B002,
    0x5B203, 0x5B503, 0x5B803, 0x5BB03, 0x5BE03, 0x5C103, 0x5C402, 0x5C602, 0x5C803, 0x5CB03,
    0x5CE03, 0x5D103, 0x5D402, 0x5D602, 0x5D803, 0x5DB03, 0x5DE03, 0x5E103, 0x5E402, 0x5E602,
    0x5E803, 0x5EB03, 0x5EE03, 0x5F103, 0x5F403, 0x5F703, 0x5FA02, 0x5FC02, 0x5FE03, 0x60103,
    0x60403, 0x60703, 0x60A03, 0x60D03, 0x61002, 0x61202, 0x61403, 0x61703, 0x61A03, 0x61D03,
    0x62003, 0x62303, 0x62602, 0x62802, 0x62A03, 0x62D03, 0x63003, 0x63303, 0x63603, 0x63903,
    0x63C02, 0x63E02, 0x64003, 0x64303, 0x64603, 0x64903, 0x64C02, 0x64E02, 0x65003, 0x65303,
    0x65603, 0x65903, 0x65C02, 0x65E02, 0x66003, 0x66303, 0x66603, 0x66903, 0x66C03, 0x66F03,
    0x67202, 0x67403, 0x67703, 0x67A03, 0x67D02, 0x67F02, 0x68103, 0x68403, 0x68703, 0x68A03,
    0x68D03, 0x69003, 0x69302, 0x69502, 0x69703, 0x69A03, 0x69D03, 0x6A003, 0x6A303, 0x6A603,
    0x6A902, 0x6AB02, 0x6AD02, 0x6AF02, 0x6B102, 0x6B302, 0x6B502, 0x6B702, 0x6B902, 0x6BB02,
    0x6BD02, 0x6BF02, 0x6C102, 0x6C302, 0x6C503, 0x6C803, 0x6CB04, 0x6CF04, 0x6D304, 0x6D704,
    0x6DB04, 0x6DF04, 0x6E303, 0x6E603, 0x6E904, 0x6ED04, 0x6F104, 0x6F504, 0x6F904, 0x6FD04,
    0x70103, 0x70403, 0x70704, 0x70B04, 0x70F04, 0x71304, 0x71704, 0x71B04, 0x71F03, 0x72203,
    0x72504, 0x72904, 0x72D04, 0x73104, 0x73504, 0x73904, 0x73D03, 0x74003, 0x74304, 0x74704,
    0x74B04, 0x74F04, 0x75304, 0x75704, 0x75B03, 0x75E03, 0x76104, 0x76504, 0x76904, 0x76D04,
    0x77104, 0x77504, 0x77902, 0x77B02, 0x77D03, 0x78002, 0x78203, 0x78502, 0x78703, 0x78A02,
    0x78C02, 0x78E02, 0x79002, 0x79202, 0x79401, 0x79502, 0x79703, 0x79A02, 0x79C03, 0x79F02,
    0x7A103, 0x7A402, 0x7A602, 0x7A802, 0x7AA02, 0x7AC02, 0x7AE02, 0x7B002, 0x7B202, 0x7B402,
    0x7B602, 0x7B803, 0x7BB03, 0x7BE02, 0x7C003, 0x7C302, 0x7C502, 0x7C702, 0x7C902, 0x7CB02,
    0x7CD02, 0x7CF02, 0x7D102, 0x7D302, 0x7D503, 0x7D803, 0x7DB02, 0x7DD02, 0x7DF02, 0x7E103,
    0x7E402, 0x7E602, 0x7E802, 0x7EA02, 0x7EC02, 0x7EE02, 0x7F002, 0x7F201, 0x7F303, 0x7F602,
    0x7F803, 0x7FB02, 0x7FD03, 0x80002, 0x80202, 0x80402, 0x80602, 0x80802, 0x80A01, 0x80B01,
    0x80C01, 0x80D01, 0x80E01, 0x80F02, 0x81102, 0x81302, 0x81502, 0x81702, 0x81902, 0x81B02,
    0x81D02, 0x81F02, 0x82102, 0x82302, 0x82502, 0x82702, 0x82902, 0x82B02, 0x82D02, 0x82F02,
    0x83102, 0x83302, 0x83502, 0x83702, 0x83902, 0x83B02, 0x83D02, 0x83F02, 0x84102, 0x84302,
    0x84502, 0x84702, 0x84902, 0x84B02, 0x84D02, 0x84F02, 0x85102, 0x85302, 0x85502, 0x85702,
    0x85902, 0x85B02, 0x85D02, 0x85F02, 0x86102, 0x86302, 0x86502, 0x86702, 0x86901, 0x86A01,
    0x86B02, 0x86D02, 0x86F02, 0x87102, 0x87302, 0x87502, 0x87702, 0x87902, 0x87B02, 0x87D02,
    0x87F02, 0x88102, 0x88302, 0x88502, 0x88702, 0x88902, 0x88B02, 0x88D02, 0x88F02, 0x89102,
    0x89302, 0x89502, 0x89702, 0x89902, 0x89B02, 0x89D02, 0x89F02, 0x8A102, 0x8A302, 0x8A502,
    0x8A702, 0x8A902, 0x8AB02, 0x8AD02, 0x8AF02, 0x8B102, 0x8B302, 0x8B502, 0x8B702, 0x8B902,
    0x8BB02, 0x8BD02, 0x8BF02, 0x8C102, 0x8C302, 0x8C502, 0x8C702, 0x8C902, 0x8CB02, 0x8CD02,
    0x8CF02, 0x8D102, 0x8D302, 0x8D502, 0x8D702, 0x8D902, 0x8DB02, 0x8DD02, 0x8DF02, 0x8E101,
    0x8E201, 0x8E301, 0x8E401, 0x8E501, 0x8E601, 0x8E701, 0x8E801, 0x8E901, 0x8EA01, 0x8EB01,
    0x8EC01, 0x8ED01, 0x8EE01, 0x8EF01, 0x8F001, 0x8F101, 0x8F201, 0x8F301, 0x8F401, 0x8F501,
    0x8F601, 0x8F701, 0x8F801, 0x8F901, 0x8FA01, 0x8FB01, 0x8FC01, 0x8FD01, 0x8FE01, 0x8FF01,
    0x90001, 0x90101, 0x90201, 0x90301, 0x90401, 0x90501, 0x90601, 0x90701, 0x90801, 0x90901,
    0x90A01, 0x90B01, 0x90C01, 0x90D01, 0x90E01, 0x90F01, 0x91001, 0x91101, 0x91201, 0x91301,
    0x91401, 0x91501, 0x91601, 0x91701, 0x91801, 0x91901, 0x91A01, 0x91B01, 0x91C01, 0x91D01,
    0x91E01, 0x91F01, 0x92001, 0x92101, 0x92201, 0x92301, 0x92401, 0x92501, 0x92601, 0x92701,
    0x92801, 0x92901, 0x92A01, 0x92B01, 0x92C01, 0x92D01, 0x92E01, 0x92F01, 0x93001, 0x93101,
    0x93201, 0x93301, 0x93401, 0x93501, 0x93601, 0x93701, 0x93801, 0x93901, 0x93A01, 0x93B01,
    0x93C01, 0x93D01, 0x93E01, 0x93F01, 0x94001, 0x94101, 0x94201, 0x94301, 0x94401, 0x94501,
    0x94601, 0x94701, 0x94801, 0x94901, 0x94A01, 0x94B01, 0x94C01, 0x94D01, 0x94E01, 0x94F01,
    0x95001, 0x95101, 0x95201, 0x95301, 0x95401, 0x95501, 0x95601, 0x95701, 0x95801, 0x95901,
    0x95A01, 0x95B01, 0x95C01, 0x95D01, 0x95E01, 0x95F01, 0x96001, 0x96101, 0x96201, 0x96301,
    0x96401, 0x96501, 0x96601, 0x96701, 0x96801, 0x96901, 0x96A01, 0x96B01, 0x96C01, 0x96D01,
    0x96E01, 0x96F01, 0x97001, 0x97101, 0x97201, 0x97301, 0x97401, 0x97501, 0x97601, 0x97701,
    0x97801, 0x97901, 0x97A01, 0x97B01, 0x97C01, 0x97D01, 0x97E01, 0x97F01, 0x98001, 0x98101,
    0x98201, 0x98301, 0x98401, 0x98501, 0x98601, 0x98701, 0x98801, 0x98901, 0x98A01, 0x98B01,
    0x98C01, 0x98D01, 0x98E01, 0x98F01, 0x99001, 0x99101, 0x99201, 0x99301, 0x99401, 0x99501,
    0x99601, 0x99701, 0x99801, 0x99901, 0x99A01, 0x99B01, 0x99C01, 0x99D01, 0x99E01, 0x99F01,
    0x9A001, 0x9A101, 0x9A201, 0x9A301, 0x9A401, 0x9A501, 0x9A601, 0x9A701, 0x9A801, 0x9A901,
    0x9AA01, 0x9AB01, 0x9AC01, 0x9AD01, 0x9AE01, 0x9AF01, 0x9B001, 0x9B101, 0x9B201, 0x9B301,
    0x9B401, 0x9B501, 0x9B601, 0x9B701, 0x9B801, 0x9B901, 0x9BA01, 0x9BB01, 0x9BC01, 0x9BD01,
    0x9BE01, 0x9BF01, 0x9C001, 0x9C101, 0x9C201, 0x9C301, 0x9C401, 0x9C501, 0x9C601, 0x9C701,
    0x9C801, 0x9C901, 0x9CA01, 0x9CB01, 0x9CC01, 0x9CD01, 0x9CE01, 0x9CF01, 0x9D001, 0x9D101,
    0x9D201, 0x9D301, 0x9D401, 0x9D501, 0x9D601, 0x9D701, 0x9D801, 0x9D901, 0x9DA01, 0x9DB01,
    0x9DC01, 0x9DD01, 0x9DE01, 0x9DF01, 0x9E001, 0x9E101, 0x9E201, 0x9E301, 0x9E401, 0x9E501,
    0x9E601, 0x9E701, 0x9E801, 0x9E901, 0x9EA01, 0x9EB01, 0x9EC01, 0x9ED01, 0x9EE01, 0x9EF01,
    0x9F001, 0x9F101, 0x9F201, 0x9F301, 0x9F401, 0x9F501, 0x9F601, 0x9F701, 0x9F801, 0x9F901,
    0x9FA01, 0x9FB01, 0x9FC01, 0x9FD01, 0x9FE01, 0x9FF01, 0xA0001, 0xA0101, 0xA0201, 0xA0301,
    0xA0401, 0xA0501, 0xA0601, 0xA0701, 0xA0801, 0xA0901, 0xA0A01, 0xA0B01, 0xA0C01, 0xA0D01,
    0xA0E01, 0xA0F01, 0xA1001, 0xA1101, 0xA1201, 0xA1301, 0xA1401, 0xA1501, 0xA1601, 0xA1701,
    0xA1801, 0xA1901, 0xA1A01, 0xA1B01, 0xA1C01, 0xA1D01, 0xA1E01, 0xA1F01, 0xA2001, 0xA2101,
    0xA2201, 0xA2301, 0xA2401, 0xA2501, 0xA2601, 0xA2701, 0xA2801, 0xA2901, 0xA2A01, 0xA2B01,
    0xA2C01, 0xA2D01, 0xA2E01, 0xA2F01, 0xA3001, 0xA3101, 0xA3201, 0xA3301, 0xA3401, 0xA3501,
    0xA3601, 0xA3701, 0xA3801, 0xA3901, 0xA3A01, 0xA3B01, 0xA3C01, 0xA3D01, 0xA3E01, 0xA3F01,
    0xA4001, 0xA4101, 0xA4201, 0xA4301, 0xA4401, 0xA4501, 0xA4601, 0xA4701, 0xA4801, 0xA4901,
    0xA4A01, 0xA4B01, 0xA4C01, 0xA4D01, 0xA4E01, 0xA4F01, 0xA5001, 0xA5101, 0xA5201, 0xA5301,
    0xA5401, 0xA5501, 0xA5601, 0xA5701, 0xA5801, 0xA5901, 0xA5A01, 0xA5B01, 0xA5C01, 0xA5D01,
    0xA5E01, 0xA5F01, 0xA6001, 0xA6101, 0xA6201, 0xA6301, 0xA6401, 0xA6501, 0xA6601, 0xA6701,
    0xA6801, 0xA6901, 0xA6A01, 0xA6B01, 0xA6C01, 0xA6D01, 0xA6E01, 0xA6F01, 0xA7001, 0xA7101,
    0xA7201, 0xA7301, 0xA7401, 0xA7501, 0xA7601, 0xA7701, 0xA7801, 0xA7901, 0xA7A01, 0xA7B01,
    0xA7C01, 0xA7D01, 0xA7E01, 0xA7F01, 0xA8001, 0xA8101, 0xA8201, 0xA8301, 0xA8401, 0xA8501,
    0xA8601, 0xA8701, 0xA8801, 0xA8901, 0xA8A01, 0xA8B01, 0xA8C01, 0xA8D01, 0xA8E01, 0xA8F01,
    0xA9001, 0xA9101, 0xA9201, 0xA9301, 0xA9401, 0xA9501, 0xA9601, 0xA9701, 0xA9801, 0xA9901,
    0xA9A01, 0xA9B01, 0xA9C01, 0xA9D01, 0xA9E01, 0xA9F01, 0xAA001, 0xAA101, 0xAA201, 0xAA301,
    0xAA401, 0xAA501, 0xAA601, 0xAA701, 0xAA801, 0xAA901, 0xAAA01, 0xAAB01, 0xAAC01, 0xAAD02,
    0xAAF02, 0xAB102, 0xAB302, 0xAB503, 0xAB803, 0xABB02, 0xABD02, 0xABF02, 0xAC102, 0xAC302,
    0xAC502, 0xAC702, 0xAC902, 0xACB02, 0xACD02, 0xACF02, 0xAD102, 0xAD302, 0xAD502, 0xAD702,
    0xAD902, 0xADB02, 0xADD02, 0xADF02, 0xAE102, 0xAE302, 0xAE502, 0xAE702, 0xAE902, 0xAEB02,
    0xAED02, 0xAEF02, 0xAF102, 0xAF302, 0xAF502, 0xAF702, 0xAF902, 0xAFB02, 0xAFD02, 0xAFF02,
    0xB0102, 0xB0302, 0xB0502, 0xB0702, 0xB0902, 0xB0B02, 0xB0D02, 0xB0F02, 0xB1102, 0xB1302,
    0xB1502, 0xB1702, 0xB1902, 0xB1B02, 0xB1D02, 0xB1F02, 0xB2102, 0xB2302, 0xB2502, 0xB2702,
    0xB2903, 0xB2C03, 0xB2F03, 0xB3202, 0xB3402, 0xB3603, 0xB3902, 0xB3B02, 0xB3D03, 0xB4003,
    0xB4303, 0xB4603, 0xB4903, 0xB4C02, 0xB4E02, 0xB5003, 0xB5303, 0xB5603, 0xB5903, 0xB5C01,
    0xB5D01, 0xB5E01, 0xB5F01, 0xB6001, 0xB6101, 0xB6201, 0xB6301, 0xB6401, 0xB6501, 0xB6601,
    0xB6701, 0xB6801, 0xB6901, 0xB6A01, 0xB6B01, 0xB6C01, 0xB6D01, 0xB6E01, 0xB6F01, 0xB7001,
    0xB7101, 0xB7201, 0xB7301, 0xB7401, 0xB7501, 0xB7601, 0xB7701, 0xB7801, 0xB7901, 0xB7A01,
    0xB7B01, 0xB7C01, 0xB7D01, 0xB7E01, 0xB7F01, 0xB8001, 0xB8101, 0xB8201, 0xB8301, 0xB8401,
    0xB8501, 0xB8601, 0xB8701, 0xB8801, 0xB8901, 0xB8A01, 0xB8B01, 0xB8C01, 0xB8D01, 0xB8E01,
    0xB8F01, 0xB9001, 0xB9101, 0xB9201, 0xB9301, 0xB9401, 0xB9501, 0xB9601, 0xB9701, 0xB9801,
    0xB9901, 0xB9A01, 0xB9B01, 0xB9C01, 0xB9D01, 0xB9E01, 0xB9F01, 0xBA001, 0xBA101, 0xBA201,
    0xBA301, 0xBA401, 0xBA501, 0xBA601, 0xBA701, 0xBA801, 0xBA901, 0xBAA01, 0xBAB01, 0xBAC01,
    0xBAD01, 0xBAE01, 0xBAF01, 0xBB001, 0xBB101, 0xBB201, 0xBB301, 0xBB401, 0xBB501, 0xBB601,
    0xBB701, 0xBB801, 0xBB901, 0xBBA01, 0xBBB01, 0xBBC01, 0xBBD01, 0xBBE01, 0xBBF01, 0xBC001,
    0xBC101, 0xBC201, 0xBC301, 0xBC401, 0xBC501, 0xBC601, 0xBC701, 0xBC801, 0xBC901, 0xBCA01,
    0xBCB01, 0xBCC01, 0xBCD01, 0xBCE01, 0xBCF01, 0xBD001, 0xBD101, 0xBD201, 0xBD301, 0xBD401,
    0xBD501, 0xBD601, 0xBD701, 0xBD801, 0xBD901, 0xBDA01, 0xBDB01, 0xBDC01, 0xBDD01, 0xBDE01,
    0xBDF01, 0xBE001, 0xBE101, 0xBE201, 0xBE301, 0xBE401, 0xBE501, 0xBE601, 0xBE701, 0xBE801,
    0xBE901, 0xBEA01, 0xBEB01, 0xBEC01, 0xBED01, 0xBEE01, 0xBEF01, 0xBF001, 0xBF101, 0xBF201,
    0xBF301, 0xBF401, 0xBF501, 0xBF601, 0xBF701, 0xBF801, 0xBF901, 0xBFA01, 0xBFB01, 0xBFC01,
    0xBFD01, 0xBFE01, 0xBFF01, 0xC0001, 0xC0101, 0xC0201, 0xC0301, 0xC0401, 0xC0501, 0xC0601,
    0xC0701, 0xC0801, 0xC0901, 0xC0A01, 0xC0B01, 0xC0C01, 0xC0D01, 0xC0E01, 0xC0F01, 0xC1001,
    0xC1101, 0xC1201, 0xC1301, 0xC1401, 0xC1501, 0xC1601, 0xC1701, 0xC1801, 0xC1901, 0xC1A01,
    0xC1B01, 0xC1C01, 0xC1D01, 0xC1E01, 0xC1F01, 0xC2001, 0xC2101, 0xC2201, 0xC2301, 0xC2401,
    0xC2501, 0xC2601, 0xC2701, 0xC2801, 0xC2901, 0xC2A01, 0xC2B01, 0xC2C01, 0xC2D01, 0xC2E01,
    0xC2F01, 0xC3001, 0xC3101, 0xC3201, 0xC3301, 0xC3401, 0xC3501, 0xC3601, 0xC3701, 0xC3801,
    0xC3901, 0xC3A01, 0xC3B01, 0xC3C01, 0xC3D01, 0xC3E01, 0xC3F01, 0xC4001, 0xC4101, 0xC4201,
    0xC4301, 0xC4401, 0xC4501, 0xC4601, 0xC4701, 0xC4801, 0xC4901, 0xC4A01, 0xC4B01, 0xC4C01,
    0xC4D01, 0xC4E01, 0xC4F01, 0xC5001, 0xC5101, 0xC5201, 0xC5301, 0xC5401, 0xC5501, 0xC5601,
    0xC5701, 0xC5801, 0xC5901, 0xC5A01, 0xC5B01, 0xC5C01, 0xC5D01, 0xC5E01, 0xC5F01, 0xC6001,
    0xC6101, 0xC6201, 0xC6301, 0xC6401, 0xC6501, 0xC6601, 0xC6701, 0xC6801, 0xC6901, 0xC6A01,
    0xC6B01, 0xC6C01, 0xC6D01, 0xC6E01, 0xC6F01, 0xC7001, 0xC7101, 0xC7201, 0xC7301, 0xC7401,
    0xC7501, 0xC7601, 0xC7701, 0xC7801, 0xC7901, 0xC7A01, 0xC7B01, 0xC7C01, 0xC7D01, 0xC7E01,
    0xC7F01, 0xC8001, 0xC8101, 0xC8201, 0xC8301, 0xC8401, 0xC8501, 0xC8601, 0xC8701, 0xC8801,
    0xC8901, 0xC8A01, 0xC8B01, 0xC8C01, 0xC8D01, 0xC8E01, 0xC8F01, 0xC9001, 0xC9101, 0xC9201,
    0xC9301, 0xC9401, 0xC9501, 0xC9601, 0xC9701, 0xC9801, 0xC9901, 0xC9A01, 0xC9B01, 0xC9C01,
    0xC9D01, 0xC9E01, 0xC9F01, 0xCA001, 0xCA101, 0xCA201, 0xCA301, 0xCA401, 0xCA501, 0xCA601,
    0xCA701, 0xCA801, 0xCA901, 0xCAA01, 0xCAB01, 0xCAC01, 0xCAD01, 0xCAE01, 0xCAF01, 0xCB001,
    0xCB101, 0xCB201, 0xCB301, 0xCB401, 0xCB501, 0xCB601, 0xCB701, 0xCB801, 0xCB901, 0xCBA01,
    0xCBB01, 0xCBC01, 0xCBD01, 0xCBE01, 0xCBF01, 0xCC001, 0xCC101, 0xCC201, 0xCC301, 0xCC401,
    0xCC501, 0xCC601, 0xCC701, 0xCC801, 0xCC901, 0xCCA01, 0xCCB01, 0xCCC01, 0xCCD01, 0xCCE01,
    0xCCF01, 0xCD001, 0xCD101, 0xCD201, 0xCD301, 0xCD401, 0xCD501, 0xCD601, 0xCD701, 0xCD801,
    0xCD901, 0xCDA01, 0xCDB01, 0xCDC01, 0xCDD01, 0xCDE01, 0xCDF01, 0xCE001, 0xCE101, 0xCE201,
    0xCE301, 0xCE401, 0xCE501, 0xCE601, 0xCE701, 0xCE801, 0xCE901, 0xCEA01, 0xCEB01, 0xCEC01,
    0xCED01, 0xCEE01, 0xCEF01, 0xCF001, 0xCF101, 0xCF201, 0xCF301, 0xCF401, 0xCF501, 0xCF601,
    0xCF701, 0xCF801, 0xCF901, 0xCFA01, 0xCFB01, 0xCFC01, 0xCFD01, 0xCFE01, 0xCFF01, 0xD0001,
    0xD0101, 0xD0201, 0xD0301, 0xD0401, 0xD0501, 0xD0601, 0xD0701, 0xD0801, 0xD0901, 0xD0A01,
    0xD0B01, 0xD0C01, 0xD0D01, 0xD0E01, 0xD0F01, 0xD1001, 0xD1101, 0xD1201, 0xD1301, 0xD1401,
    0xD1501, 0xD1601, 0xD1701, 0xD1801, 0xD1901, 0xD1A01, 0xD1B01, 0xD1C01, 0xD1D01, 0xD1E01,
    0xD1F01, 0xD2001, 0xD2101, 0xD2201, 0xD2301, 0xD2401, 0xD2501, 0xD2601, 0xD2701, 0xD2801,
    0xD2901, 0xD2A01, 0xD2B01, 0xD2C01, 0xD2D01, 0xD2E01, 0xD2F01, 0xD3001, 0xD3101, 0xD3201,
    0xD3301, 0xD3401, 0xD3501, 0xD3601, 0xD3701, 0xD3801, 0xD3901, 0xD3A01, 0xD3B01, 0xD3C01,
    0xD3D01, 0xD3E01, 0xD3F01, 0xD4001, 0xD4101, 0xD4201, 0xD4301, 0xD4401, 0xD4501, 0xD4601,
    0xD4701, 0xD4801, 0xD4901, 0xD4A01, 0xD4B01, 0xD4C01, 0xD4D01, 0xD4E01, 0xD4F01, 0xD5001,
    0xD5101, 0xD5201, 0xD5301, 0xD5401, 0xD5501, 0xD5601, 0xD5701, 0xD5801, 0xD5901, 0xD5A01,
    0xD5B01, 0xD5C01, 0xD5D01, 0xD5E01, 0xD5F01, 0xD6001, 0xD6101, 0xD6201, 0xD6301, 0xD6401,
    0xD6501, 0xD6601, 0xD6701, 0xD6801, 0xD6901, 0xD6A01, 0xD6B01, 0xD6C01, 0xD6D01, 0xD6E01,
    0xD6F01, 0xD7001, 0xD7101, 0xD7201, 0xD7301, 0xD7401, 0xD7501, 0xD7601, 0xD7701, 0xD7801,
    0xD7901,
};

static const uint32_t un_nfd_pool[3450] = {
    0x41, 0x300, 0x41, 0x301, 0x41, 0x302, 0x41, 0x303, 0x41, 0x308,
    0x41, 0x30A, 0x43, 0x327, 0x45, 0x300, 0x45, 0x301, 0x45, 0x302,
    0x45, 0x308, 0x49, 0x300, 0x49, 0x301, 0x49, 0x302, 0x49, 0x308,
    0x4E, 0x303, 0x4F, 0x300, 0x4F, 0x301, 0x4F, 0x302, 0x4F, 0x303,
    0x4F, 0x308, 0x55, 0x300, 0x55, 0x301, 0x55, 0x302, 0x55, 0x308,
    0x59, 0x301, 0x61, 0x300, 0x61, 0x301, 0x61, 0x302, 0x61, 0x303,
    0x61, 0x308, 0x61, 0x30A, 0x63, 0x327, 0x65, 0x300, 0x65, 0x301,
    0x65, 0x302, 0x65, 0x308, 0x69, 0x300, 0x69, 0x301, 0x69, 0x302,
    0x69, 0x308, 0x6E, 0x303, 0x6F, 0x300, 0x6F, 0x301, 0x6F, 0x302,
    0x6F, 0x303, 0x6F, 0x308, 0x75, 0x300, 0x75, 0x301, 0x75, 0x302,
    0x75, 0x308, 0x79, 0x301, 0x79, 0x308, 0x41, 0x304, 0x61, 0x304,
    0x41, 0x306, 0x61, 0x306, 0x41, 0x328, 0x61, 0x328, 0x43, 0x301,
    0x63, 0x301, 0x43, 0x302, 0x63, 0x302, 0x43, 0x307, 0x63, 0x307,
    0x43, 0x30C, 0x63, 0x30C, 0x44, 0x30C, 0x64, 0x30C, 0x45, 0x304,
    0x65, 0x304, 0x45, 0x306, 0x65, 0x306, 0x45, 0x307, 0x65, 0x307,
    0x45, 0x328, 0x65, 0x328, 0x45, 0x30C, 0x65, 0x30C, 0x47, 0x302,
    0x67, 0x302, 0x47, 0x306, 0x67, 0x306, 0x47, 0x307, 0x67, 0x307,
    0x47, 0x327, 0x67, 0x327, 0x48, 0x302, 0x68, 0x302, 0x49, 0x303,
    0x69, 0x303, 0x49, 0x304, 0x69, 0x304, 0x49, 0x306, 0x69, 0x306,
    0x49, 0x328, 0x69, 0x328, 0x49, 0x307, 0x4A, 0x302, 0x6A, 0x302,
    0x4B, 0x327, 0x6B, 0x327, 0x4C, 0x301, 0x6C, 0x301, 0x4C, 0x327,
    0x6C, 0x327, 0x4C, 0x30C, 0x6C, 0x30C, 0x4E, 0x301, 0x6E, 0x301,
    0x4E, 0x327, 0x6E, 0x327, 0x4E, 0x30C, 0x6E, 0x30C, 0x4F, 0x304,
    0x6F, 0x304, 0x4F, 0x306, 0x6F, 0x306, 0x4F, 0x30B, 0x6F, 0x30B,
    0x52, 0x301, 0x72, 0x301, 0x52, 0x327, 0x72, 0x327, 0x52, 0x30C,
    0x72, 0x30C, 0x53, 0x301, 0x73, 0x301, 0x53, 0x302, 0x73, 0x302,
    0x53, 0x327, 0x73, 0x327, 0x53, 0x30C, 0x73, 0x30C, 0x54, 0x327,
    0x74, 0x327, 0x54, 0x30C, 0x74, 0x30C, 0x55, 0x303, 0x75, 0x303,
    0x55, 0x304, 0x75, 0x304, 0x55, 0x306, 0x75, 0x306, 0x55, 0x30A,
    0x75, 0x30A, 0x55, 0x30B, 0x75, 0x30B, 0x55, 0x328, 0x75, 0x328,
    0x57, 0x302, 0x77, 0x302, 0x59, 0x302, 0x79, 0x302, 0x59, 0x308,
    0x5A, 0x301, 0x7A, 0x301, 0x5A, 0x307, 0x7A, 0x307, 0x5A, 0x30C,
    0x7A, 0x30C, 0x4F, 0x31B, 0x6F, 0x31B, 0x55, 0x31B, 0x75, 0x31B,
    0x41, 0x30C, 0x61, 0x30C, 0x49, 0x30C, 0x69, 0x30C, 0x4F, 0x30C,
    0x6F, 0x30C, 0x55, 0x30C, 0x75, 0x30C, 0x55, 0x308, 0x304, 0x75,
    0x308, 0x304, 0x55, 0x308, 0x301, 0x75, 0x308, 0x301, 0x55, 0x308,
    0x30C, 0x75, 0x308, 0x30C, 0x55, 0x308, 0x300, 0x75, 0x308, 0x300,
    0x41, 0x308, 0x304, 0x61, 0x308, 0x304, 0x41, 0x307, 0x304, 0x61,
    0x307, 0x304, 0xC6, 0x304, 0xE6, 0x304, 0x47, 0x30C, 0x67, 0x30C,
    0x4B, 0x30C, 0x6B, 0x30C, 0x4F, 0x328, 0x6F, 0x328, 0x4F, 0x328,
    0x304, 0x6F, 0x328, 0x304, 0x1B7, 0x30C, 0x292, 0x30C, 0x6A, 0x30C,
    0x47, 0x301, 0x67, 0x301, 0x4E, 0x300, 0x6E, 0x300, 0x41, 0x30A,
    0x301, 0x61, 0x30A, 0x301, 0xC6, 0x301, 0xE6, 0x301, 0xD8, 0x301,
    0xF8, 0x301, 0x41, 0x30F, 0x61, 0x30F, 0x41, 0x311, 0x61, 0x311,
    0x45, 0x30F, 0x65, 0x30F, 0x45, 0x311, 0x65, 0x311, 0x49, 0x30F,
    0x69, 0x30F, 0x49, 0x311, 0x69, 0x311, 0x4F, 0x30F, 0x6F, 0x30F,
    0x4F, 0x311, 0x6F, 0x311, 0x52, 0x30F, 0x72, 0x30F, 0x52, 0x311,
    0x72, 0x311, 0x55, 0x30F, 0x75, 0x30F, 0x55, 0x311, 0x75, 0x311,
    0x53, 0x326, 0x73, 0x326, 0x54, 0x326, 0x74, 0x326, 0x48, 0x30C,
    0x68, 0x30C, 0x41, 0x307, 0x61, 0x307, 0x45, 0x327, 0x65, 0x327,
    0x4F, 0x308, 0x304, 0x6F, 0x308, 0x304, 0x4F, 0x303, 0x304, 0x6F,
    0x303, 0x304, 0x4F, 0x307, 0x6F, 0x307, 0x4F, 0x307, 0x304, 0x6F,
    0x307, 0x304, 0x59, 0x304, 0x79, 0x304, 0x300, 0x301, 0x313, 0x308,
    0x301, 0x2B9, 0x3B, 0xA8, 0x301, 0x391, 0x301, 0xB7, 0x395, 0x301,
    0x397, 0x301, 0x399, 0x301, 0x39F, 0x301, 0x3A5, 0x301, 0x3A9, 0x301,
    0x3B9, 0x308, 0x301, 0x399, 0x308, 0x3A5, 0x308, 0x3B1, 0x301, 0x3B5,
    0x301, 0x3B7, 0x301, 0x3B9, 0x301, 0x3C5, 0x308, 0x301, 0x3B9, 0x308,
    0x3C5, 0x308, 0x3BF, 0x301, 0x3C5, 0x301, 0x3C9, 0x301, 0x3D2, 0x301,
    0x3D2, 0x308, 0x415, 0x300, 0x415, 0x308, 0x413, 0x301, 0x406, 0x308,
    0x41A, 0x301, 0x418, 0x300, 0x423, 0x306, 0x418, 0x306, 0x438, 0x306,
    0x435, 0x300, 0x435, 0x308, 0x433, 0x301, 0x456, 0x308, 0x43A, 0x301,
    0x438, 0x300, 0x443, 0x306, 0x474, 0x30F, 0x475, 0x30F, 0x416, 0x306,
    0x436, 0x306, 0x410, 0x306, 0x430, 0x306, 0x410, 0x308, 0x430, 0x308,
    0x415, 0x306, 0x435, 0x306, 0x4D8, 0x308, 0x4D9, 0x308, 0x416, 0x308,
    0x436, 0x308, 0x417, 0x308, 0x437, 0x308, 0x418, 0x304, 0x438, 0x304,
    0x418, 0x308, 0x438, 0x308, 0x41E, 0x308, 0x43E, 0x308, 0x4E8, 0x308,
    0x4E9, 0x308, 0x42D, 0x308, 0x44D, 0x308, 0x423, 0x304, 0x443, 0x304,
    0x423, 0x308, 0x443, 0x308, 0x423, 0x30B, 0x443, 0x30B, 0x427, 0x308,
    0x447, 0x308, 0x42B, 0x308, 0x44B, 0x308, 0x627, 0x653, 0x627, 0x654,
    0x648, 0x654, 0x627, 0x655, 0x64A, 0x654, 0x6D5, 0x654, 0x6C1, 0x654,
    0x6D2, 0x654, 0x928, 0x93C, 0x930, 0x93C, 0x933, 0x93C, 0x915, 0x93C,
    0x916, 0x93C, 0x917, 0x93C, 0x91C, 0x93C, 0x921, 0x93C, 0x922, 0x93C,
    0x92B, 0x93C, 0x92F, 0x93C, 0x9C7, 0x9BE, 0x9C7, 0x9D7, 0x9A1, 0x9BC,
    0x9A2, 0x9BC, 0x9AF, 0x9BC, 0xA32, 0xA3C, 0xA38, 0xA3C, 0xA16, 0xA3C,
    0xA17, 0xA3C, 0xA1C, 0xA3C, 0xA2B, 0xA3C, 0xB47, 0xB56, 0xB47, 0xB3E,
    0xB47, 0xB57, 0xB21, 0xB3C, 0xB22, 0xB3C, 0xB92, 0xBD7, 0xBC6, 0xBBE,
    0xBC7, 0xBBE, 0xBC6, 0xBD7, 0xC46, 0xC56, 0xCBF, 0xCD5, 0xCC6, 0xCD5,
    0xCC6, 0xCD6, 0xCC6, 0xCC2, 0xCC6, 0xCC2, 0xCD5, 0xD46, 0xD3E, 0xD47,
    0xD3E, 0xD46, 0xD57, 0xDD9, 0xDCA, 0xDD9, 0xDCF, 0xDD9, 0xDCF, 0xDCA,
    0xDD9, 0xDDF, 0xF42, 0xFB7, 0xF4C, 0xFB7, 0xF51, 0xFB7, 0xF56, 0xFB7,
    0xF5B, 0xFB7, 0xF40, 0xFB5, 0xF71, 0xF72, 0xF71, 0xF74, 0xFB2, 0xF80,
    0xFB3, 0xF80, 0xF71, 0xF80, 0xF92, 0xFB7, 0xF9C, 0xFB7, 0xFA1, 0xFB7,
    0xFA6, 0xFB7, 0xFAB, 0xFB7, 0xF90, 0xFB5, 0x1025, 0x102E, 0x1B05, 0x1B35,
    0x1B07, 0x1B35, 0x1B09, 0x1B35, 0x1B0B, 0x1B35, 0x1B0D, 0x1B35, 0x1B11, 0x1B35,
    0x1B3A, 0x1B35, 0x1B3C, 0x1B35, 0x1B3E, 0x1B35, 0x1B3F, 0x1B35, 0x1B42, 0x1B35,
    0x41, 0x325, 0x61, 0x325, 0x42, 0x307, 0x62, 0x307, 0x42, 0x323,
    0x62, 0x323, 0x42, 0x331, 0x62, 0x331, 0x43, 0x327, 0x301, 0x63,
    0x327, 0x301, 0x44, 0x307, 0x64, 0x307, 0x44, 0x323, 0x64, 0x323,
    0x44, 0x331, 0x64, 0x331, 0x44, 0x327, 0x64, 0x327, 0x44, 0x32D,
    0x64, 0x32D, 0x45, 0x304, 0x300, 0x65, 0x304, 0x300, 0x45, 0x304,
    0x301, 0x65, 0x304, 0x301, 0x45, 0x32D, 0x65, 0x32D, 0x45, 0x330,
    0x65, 0x330, 0x45, 0x327, 0x306, 0x65, 0x327, 0x306, 0x46, 0x307,
    0x66, 0x307, 0x47, 0x304, 0x67, 0x304, 0x48, 0x307, 0x68, 0x307,
    0x48, 0x323, 0x68, 0x323, 0x48, 0x308, 0x68, 0x308, 0x48, 0x327,
    0x68, 0x327, 0x48, 0x32E, 0x68, 0x32E, 0x49, 0x330, 0x69, 0x330,
    0x49, 0x308, 0x301, 0x69, 0x308, 0x301, 0x4B, 0x301, 0x6B, 0x301,
    0x4B, 0x323, 0x6B, 0x323, 0x4B, 0x331, 0x6B, 0x331, 0x4C, 0x323,
    0x6C, 0x323, 0x4C, 0x323, 0x304, 0x6C, 0x323, 0x304, 0x4C, 0x331,
    0x6C, 0x331, 0x4C, 0x32D, 0x6C, 0x32D, 0x4D, 0x301, 0x6D, 0x301,
    0x4D, 0x307, 0x6D, 0x307, 0x4D, 0x323, 0x6D, 0x323, 0x4E, 0x307,
    0x6E, 0x307, 0x4E, 0x323, 0x6E, 0x323, 0x4E, 0x331, 0x6E, 0x331,
    0x4E, 0x32D, 0x6E, 0x32D, 0x4F, 0x303, 0x301, 0x6F, 0x303, 0x301,
    0x4F, 0x303, 0x308, 0x6F, 0x303, 0x308, 0x4F, 0x304, 0x300, 0x6F,
    0x304, 0x300, 0x4F, 0x304, 0x301, 0x6F, 0x304, 0x301, 0x50, 0x301,
    0x70, 0x301, 0x50, 0x307, 0x70, 0x307, 0x52, 0x307, 0x72, 0x307,
    0x52, 0x323, 0x72, 0x323, 0x52, 0x323, 0x304, 0x72, 0x323, 0x304,
    0x52, 0x331, 0x72, 0x331, 0x53, 0x307, 0x73, 0x307, 0x53, 0x323,
    0x73, 0x323, 0x53, 0x301, 0x307, 0x73, 0x301, 0x307, 0x53, 0x30C,
    0x307, 0x73, 0x30C, 0x307, 0x53, 0x323, 0x307, 0x73, 0x323, 0x307,
    0x54, 0x307, 0x74, 0x307, 0x54, 0x323, 0x74, 0x323, 0x54, 0x331,
    0x74, 0x331, 0x54, 0x32D, 0x74, 0x32D, 0x55, 0x324, 0x75, 0x324,
    0x55, 0x330, 0x75, 0x330, 0x55, 0x32D, 0x75, 0x32D, 0x55, 0x303,
    0x301, 0x75, 0x303, 0x301, 0x55, 0x304, 0x308, 0x75, 0x304, 0x308,
    0x56, 0x303, 0x76, 0x303, 0x56, 0x323, 0x76, 0x323, 0x57, 0x300,
    0x77, 0x300, 0x57, 0x301, 0x77, 0x301, 0x57, 0x308, 0x77, 0x308,
    0x57, 0x307, 0x77, 0x307, 0x57, 0x323, 0x77, 0x323, 0x58, 0x307,
    0x78, 0x307, 0x58, 0x308, 0x78, 0x308, 0x59, 0x307, 0x79, 0x307,
    0x5A, 0x302, 0x7A, 0x302, 0x5A, 0x323, 0x7A, 0x323, 0x5A, 0x331,
    0x7A, 0x331, 0x68, 0x331, 0x74, 0x308, 0x77, 0x30A, 0x79, 0x30A,
    0x17F, 0x307, 0x41, 0x323, 0x61, 0x323, 0x41, 0x309, 0x61, 0x309,
    0x41, 0x302, 0x301, 0x61, 0x302, 0x301, 0x41, 0x302, 0x300, 0x61,
    0x302, 0x300, 0x41, 0x302, 0x309, 0x61, 0x302, 0x309, 0x41, 0x302,
    0x303, 0x61, 0x302, 0x303, 0x41, 0x323, 0x302, 0x61, 0x323, 0x302,
    0x41, 0x306, 0x301, 0x61, 0x306, 0x301, 0x41, 0x306, 0x300, 0x61,
    0x306, 0x300, 0x41, 0x306, 0x309, 0x61, 0x306, 0x309, 0x41, 0x306,
    0x303, 0x61, 0x306, 0x303, 0x41, 0x323, 0x306, 0x61, 0x323, 0x306,
    0x45, 0x323, 0x65, 0x323, 0x45, 0x309, 0x65, 0x309, 0x45, 0x303,
    0x65, 0x303, 0x45, 0x302, 0x301, 0x65, 0x302, 0x301, 0x45, 0x302,
    0x300, 0x65, 0x302, 0x300, 0x45, 0x302, 0x309, 0x65, 0x302, 0x309,
    0x45, 0x302, 0x303, 0x65, 0x302, 0x303, 0x45, 0x323, 0x302, 0x65,
    0x323, 0x302, 0x49, 0x309, 0x69, 0x309, 0x49, 0x323, 0x69, 0x323,
    0x4F, 0x323, 0x6F, 0x323, 0x4F, 0x309, 0x6F, 0x309, 0x4F, 0x302,
    0x301, 0x6F, 0x302, 0x301, 0x4F, 0x302, 0x300, 0x6F, 0x302, 0x300,
    0x4F, 0x302, 0x309, 0x6F, 0x302, 0x309, 0x4F, 0x302, 0x303, 0x6F,
    0x302, 0x303, 0x4F, 0x323, 0x302, 0x6F, 0x323, 0x302, 0x4F, 0x31B,
    0x301, 0x6F, 0x31B, 0x301, 0x4F, 0x31B, 0x300, 0x6F, 0x31B, 0x300,
    0x4F, 0x31B, 0x309, 0x6F, 0x31B, 0x309, 0x4F, 0x31B, 0x303, 0x6F,
    0x31B, 0x303, 0x4F, 0x31B, 0x323, 0x6F, 0x31B, 0x323, 0x55, 0x323,
    0x75, 0x323, 0x55, 0x309, 0x75, 0x309, 0x55, 0x31B, 0x301, 0x75,
    0x31B, 0x301, 0x55, 0x31B, 0x300, 0x75, 0x31B, 0x300, 0x55, 0x31B,
    0x309, 0x75, 0x31B, 0x309, 0x55, 0x31B, 0x303, 0x75, 0x31B, 0x303,
    0x55, 0x31B, 0x323, 0x75, 0x31B, 0x323, 0x59, 0x300, 0x79, 0x300,
    0x59, 0x323, 0x79, 0x323, 0x59, 0x309, 0x79, 0x309, 0x59, 0x303,
    0x79, 0x303, 0x3B1, 0x313, 0x3B1, 0x314, 0x3B1, 0x313, 0x300, 0x3B1,
    0x314, 0x300, 0x3B1, 0x313, 0x301, 0x3B1, 0x314, 0x301, 0x3B1, 0x313,
    0x342, 0x3B1, 0x314, 0x342, 0x391, 0x313, 0x391, 0x314, 0x391, 0x313,
    0x300, 0x391, 0x314, 0x300, 0x391, 0x313, 0x301, 0x391, 0x314, 0x301,
    0x391, 0x313, 0x342, 0x391, 0x314, 0x342, 0x3B5, 0x313, 0x3B5, 0x314,
    0x3B5, 0x313, 0x300, 0x3B5, 0x314, 0x300, 0x3B5, 0x313, 0x301, 0x3B5,
    0x314, 0x301, 0x395, 0x313, 0x395, 0x314, 0x395, 0x313, 0x300, 0x395,
    0x314, 0x300, 0x395, 0x313, 0x301, 0x395, 0x314, 0x301, 0x3B7, 0x313,
    0x3B7, 0x314, 0x3B7, 0x313, 0x300, 0x3B7, 0x314, 0x300, 0x3B7, 0x313,
    0x301, 0x3B7, 0x314, 0x301, 0x3B7, 0x313, 0x342, 0x3B7, 0x314, 0x342,
    0x397, 0x313, 0x397, 0x314, 0x397, 0x313, 0x300, 0x397, 0x314, 0x300,
    0x397, 0x313, 0x301, 0x397, 0x314, 0x301, 0x397, 0x313, 0x342, 0x397,
    0x314, 0x342, 0x3B9, 0x313, 0x3B9, 0x314, 0x3B9, 0x313, 0x300, 0x3B9,
    0x314, 0x300, 0x3B9, 0x313, 0x301, 0x3B9, 0x314, 0x301, 0x3B9, 0x313,
    0x342, 0x3B9, 0x314, 0x342, 0x399, 0x313, 0x399, 0x314, 0x399, 0x313,
    0x300, 0x399, 0x314, 0x300, 0x399, 0x313, 0x301, 0x399, 0x314, 0x301,
    0x399, 0x313, 0x342, 0x399, 0x314, 0x342, 0x3BF, 0x313, 0x3BF, 0x314,
    0x3BF, 0x313, 0x300, 0x3BF, 0x314, 0x300, 0x3BF, 0x313, 0x301, 0x3BF,
    0x314, 0x301, 0x39F, 0x313, 0x39F, 0x314, 0x39F, 0x313, 0x300, 0x39F,
    0x314, 0x300, 0x39F, 0x313, 0x301, 0x39F, 0x314, 0x301, 0x3C5, 0x313,
    0x3C5, 0x314, 0x3C5, 0x313, 0x300, 0x3C5, 0x314, 0x300, 0x3C5, 0x313,
    0x301, 0x3C5, 0x314, 0x301, 0x3C5, 0x313, 0x342, 0x3C5, 0x314, 0x342,
    0x3A5, 0x314, 0x3A5, 0x314, 0x300, 0x3A5, 0x314, 0x301, 0x3A5, 0x314,
    0x342, 0x3C9, 0x313, 0x3C9, 0x314, 0x3C9, 0x313, 0x300, 0x3C9, 0x314,
    0x300, 0x3C9, 0x313, 0x301, 0x3C9, 0x314, 0x301, 0x3C9, 0x313, 0x342,
    0x3C9, 0x314, 0x342, 0x3A9, 0x313, 0x3A9, 0x314, 0x3A9, 0x313, 0x300,
    0x3A9, 0x314, 0x300, 0x3A9, 0x313, 0x301, 0x3A9, 0x314, 0x301, 0x3A9,
    0x313, 0x342, 0x3A9, 0x314, 0x342, 0x3B1, 0x300, 0x3B1, 0x301, 0x3B5,
    0x300, 0x3B5, 0x301, 0x3B7, 0x300, 0x3B7, 0x301, 0x3B9, 0x300, 0x3B9,
    0x301, 0x3BF, 0x300, 0x3BF, 0x301, 0x3C5, 0x300, 0x3C5, 0x301, 0x3C9,
    0x300, 0x3C9, 0x301, 0x3B1, 0x313, 0x345, 0x3B1, 0x314, 0x345, 0x3B1,
    0x313, 0x300, 0x345, 0x3B1, 0x314, 0x300, 0x345, 0x3B1, 0x313, 0x301,
    0x345, 0x3B1, 0x314, 0x301, 0x345, 0x3B1, 0x313, 0x342, 0x345, 0x3B1,
    0x314, 0x342, 0x345, 0x391, 0x313, 0x345, 0x391, 0x314, 0x345, 0x391,
    0x313, 0x300, 0x345, 0x391, 0x314, 0x300, 0x345, 0x391, 0x313, 0x301,
    0x345, 0x391, 0x314, 0x301, 0x345, 0x391, 0x313, 0x342, 0x345, 0x391,
    0x314, 0x342, 0x345, 0x3B7, 0x313, 0x345, 0x3B7, 0x314, 0x345, 0x3B7,
    0x313, 0x300, 0x345, 0x3B7, 0x314, 0x300, 0x345, 0x3B7, 0x313, 0x301,
    0x345, 0x3B7, 0x314, 0x301, 0x345, 0x3B7, 0x313, 0x342, 0x345, 0x3B7,
    0x314, 0x342, 0x345, 0x397, 0x313, 0x345, 0x397, 0x314, 0x345, 0x397,
    0x313, 0x300, 0x345, 0x397, 0x314, 0x300, 0x345, 0x397, 0x313, 0x301,
    0x345, 0x397, 0x314, 0x301, 0x345, 0x397, 0x313, 0x342, 0x345, 0x397,
    0x314, 0x342, 0x345, 0x3C9, 0x313, 0x345, 0x3C9, 0x314, 0x345, 0x3C9,
    0x313, 0x300, 0x345, 0x3C9, 0x314, 0x300, 0x345, 0x3C9, 0x313, 0x301,
    0x345, 0x3C9, 0x314, 0x301, 0x345, 0x3C9, 0x313, 0x342, 0x345, 0x3C9,
    0x314, 0x342, 0x345, 0x3A9, 0x313, 0x345, 0x3A9, 0x314, 0x345, 0x3A9,
    0x313, 0x300, 0x345, 0x3A9, 0x314, 0x300, 0x345, 0x3A9, 0x313, 0x301,
    0x345, 0x3A9, 0x314, 0x301, 0x345, 0x3A9, 0x313, 0x342, 0x345, 0x3A9,
    0x314, 0x342, 0x345, 0x3B1, 0x306, 0x3B1, 0x304, 0x3B1, 0x300, 0x345,
    0x3B1, 0x345, 0x3B1, 0x301, 0x345, 0x3B1, 0x342, 0x3B1, 0x342, 0x345,
    0x391, 0x306, 0x391, 0x304, 0x391, 0x300, 0x391, 0x301, 0x391, 0x345,
    0x3B9, 0xA8, 0x342, 0x3B7, 0x300, 0x345, 0x3B7, 0x345, 0x3B7, 0x301,
    0x345, 0x3B7, 0x342, 0x3B7, 0x342, 0x345, 0x395, 0x300, 0x395, 0x301,
    0x397, 0x300, 0x397, 0x301, 0x397, 0x345, 0x1FBF, 0x300, 0x1FBF, 0x301,
    0x1FBF, 0x342, 0x3B9, 0x306, 0x3B9, 0x304, 0x3B9, 0x308, 0x300, 0x3B9,
    0x308, 0x301, 0x3B9, 0x342, 0x3B9, 0x308, 0x342, 0x399, 0x306, 0x399,
    0x304, 0x399, 0x300, 0x399, 0x301, 0x1FFE, 0x300, 0x1FFE, 0x301, 0x1FFE,
    0x342, 0x3C5, 0x306, 0x3C5, 0x304, 0x3C5, 0x308, 0x300, 0x3C5, 0x308,
    0x301, 0x3C1, 0x313, 0x3C1, 0x314, 0x3C5, 0x342, 0x3C5, 0x308, 0x342,
    0x3A5, 0x306, 0x3A5, 0x304, 0x3A5, 0x300, 0x3A5, 0x301, 0x3A1, 0x314,
    0xA8, 0x300, 0xA8, 0x301, 0x60, 0x3C9, 0x300, 0x345, 0x3C9, 0x345,
    0x3C9, 0x301, 0x345, 0x3C9, 0x342, 0x3C9, 0x342, 0x345, 0x39F, 0x300,
    0x39F, 0x301, 0x3A9, 0x300, 0x3A9, 0x301, 0x3A9, 0x345, 0xB4, 0x2002,
    0x2003, 0x3A9, 0x4B, 0x41, 0x30A, 0x2190, 0x338, 0x2192, 0x338, 0x2194,
    0x338, 0x21D0, 0x338, 0x21D4, 0x338, 0x21D2, 0x338, 0x2203, 0x338, 0x2208,
    0x338, 0x220B, 0x338, 0x2223, 0x338, 0x2225, 0x338, 0x223C, 0x338, 0x2243,
    0x338, 0x2245, 0x338, 0x2248, 0x338, 0x3D, 0x338, 0x2261, 0x338, 0x224D,
    0x338, 0x3C, 0x338, 0x3E, 0x338, 0x2264, 0x338, 0x2265, 0x338, 0x2272,
    0x338, 0x2273, 0x338, 0x2276, 0x338, 0x2277, 0x338, 0x227A, 0x338, 0x227B,
    0x338, 0x2282, 0x338, 0x2283, 0x338, 0x2286, 0x338, 0x2287, 0x338, 0x22A2,
    0x338, 0x22A8, 0x338, 0x22A9, 0x338, 0x22AB, 0x338, 0x227C, 0x338, 0x227D,
    0x338, 0x2291, 0x338, 0x2292, 0x338, 0x22B2, 0x338, 0x22B3, 0x338, 0x22B4,
    0x338, 0x22B5, 0x338, 0x3008, 0x3009, 0x2ADD, 0x338, 0x304B, 0x3099, 0x304D,
    0x3099, 0x304F, 0x3099, 0x3051, 0x3099, 0x3053, 0x3099, 0x3055, 0x3099, 0x3057,
    0x3099, 0x3059, 0x3099, 0x305B, 0x3099, 0x305D, 0x3099, 0x305F, 0x3099, 0x3061,
    0x3099, 0x3064, 0x3099, 0x3066, 0x3099, 0x3068, 0x3099, 0x306F, 0x3099, 0x306F,
    0x309A, 0x3072, 0x3099, 0x3072, 0x309A, 0x3075, 0x3099, 0x3075, 0x309A, 0x3078,
    0x3099, 0x3078, 0x309A, 0x307B, 0x3099, 0x307B, 0x309A, 0x3046, 0x3099, 0x309D,
    0x3099, 0x30AB, 0x3099, 0x30AD, 0x3099, 0x30AF, 0x3099, 0x30B1, 0x3099, 0x30B3,
    0x3099, 0x30B5, 0x3099, 0x30B7, 0x3099, 0x30B9, 0x3099, 0x30BB, 0x3099, 0x30BD,
    0x3099, 0x30BF, 0x3099, 0x30C1, 0x3099, 0x30C4, 0x3099, 0x30C6, 0x3099, 0x30C8,
    0x3099, 0x30CF, 0x3099, 0x30CF, 0x309A, 0x30D2, 0x3099, 0x30D2, 0x309A, 0x30D5,
    0x3099, 0x30D5, 0x309A, 0x30D8, 0x3099, 0x30D8, 0x309A, 0x30DB, 0x3099, 0x30DB,
    0x309A, 0x30A6, 0x3099, 0x30EF, 0x3099, 0x30F0, 0x3099, 0x30F1, 0x3099, 0x30F2,
    0x3099, 0x30FD, 0x3099, 0x8C48, 0x66F4, 0x8ECA, 0x8CC8, 0x6ED1, 0x4E32, 0x53E5,
    0x9F9C, 0x9F9C, 0x5951, 0x91D1, 0x5587, 0x5948, 0x61F6, 0x7669, 0x7F85, 0x863F,
    0x87BA, 0x88F8, 0x908F, 0x6A02, 0x6D1B, 0x70D9, 0x73DE, 0x843D, 0x916A, 0x99F1,
    0x4E82, 0x5375, 0x6B04, 0x721B, 0x862D, 0x9E1E, 0x5D50, 0x6FEB, 0x85CD, 0x8964,
    0x62C9, 0x81D8, 0x881F, 0x5ECA, 0x6717, 0x6D6A, 0x72FC, 0x90CE, 0x4F86, 0x51B7,
    0x52DE, 0x64C4, 0x6AD3, 0x7210, 0x76E7, 0x8001, 0x8606, 0x865C, 0x8DEF, 0x9732,
    0x9B6F, 0x9DFA, 0x788C, 0x797F, 0x7DA0, 0x83C9, 0x9304, 0x9E7F, 0x8AD6, 0x58DF,
    0x5F04, 0x7C60, 0x807E, 0x7262, 0x78CA, 0x8CC2, 0x96F7, 0x58D8, 0x5C62, 0x6A13,
    0x6DDA, 0x6F0F, 0x7D2F, 0x7E37, 0x964B, 0x52D2, 0x808B, 0x51DC, 0x51CC, 0x7A1C,
    0x7DBE, 0x83F1, 0x9675, 0x8B80, 0x62CF, 0x6A02, 0x8AFE, 0x4E39, 0x5BE7, 0x6012,
    0x7387, 0x7570, 0x5317, 0x78FB, 0x4FBF, 0x5FA9, 0x4E0D, 0x6CCC, 0x6578, 0x7D22,
    0x53C3, 0x585E, 0x7701, 0x8449, 0x8AAA, 0x6BBA, 0x8FB0, 0x6C88, 0x62FE, 0x82E5,
    0x63A0, 0x7565, 0x4EAE, 0x5169, 0x51C9, 0x6881, 0x7CE7, 0x826F, 0x8AD2, 0x91CF,
    0x52F5, 0x5442, 0x5973, 0x5EEC, 0x65C5, 0x6FFE, 0x792A, 0x95AD, 0x9A6A, 0x9E97,
    0x9ECE, 0x529B, 0x66C6, 0x6B77, 0x8F62, 0x5E74, 0x6190, 0x6200, 0x649A, 0x6F23,
    0x7149, 0x7489, 0x79CA, 0x7DF4, 0x806F, 0x8F26, 0x84EE, 0x9023, 0x934A, 0x5217,
    0x52A3, 0x54BD, 0x70C8, 0x88C2, 0x8AAA, 0x5EC9, 0x5FF5, 0x637B, 0x6BAE, 0x7C3E,
    0x7375, 0x4EE4, 0x56F9, 0x5BE7, 0x5DBA, 0x601C, 0x73B2, 0x7469, 0x7F9A, 0x8046,
    0x9234, 0x96F6, 0x9748, 0x9818, 0x4F8B, 0x79AE, 0x91B4, 0x96B8, 0x60E1, 0x4E86,
    0x50DA, 0x5BEE, 0x5C3F, 0x6599, 0x6A02, 0x71CE, 0x7642, 0x84FC, 0x907C, 0x9F8D,
    0x6688, 0x962E, 0x5289, 0x677B, 0x67F3, 0x6D41, 0x6E9C, 0x7409, 0x7559, 0x786B,
    0x7D10, 0x985E, 0x516D, 0x622E, 0x9678, 0x502B, 0x5D19, 0x6DEA, 0x8F2A, 0x5F8B,
    0x6144, 0x6817, 0x7387, 0x9686, 0x5229, 0x540F, 0x5C65, 0x6613, 0x674E, 0x68A8,
    0x6CE5, 0x7406, 0x75E2, 0x7F79, 0x88CF, 0x88E1, 0x91CC, 0x96E2, 0x533F, 0x6EBA,
    0x541D, 0x71D0, 0x7498, 0x85FA, 0x96A3, 0x9C57, 0x9E9F, 0x6797, 0x6DCB, 0x81E8,
    0x7ACB, 0x7B20, 0x7C92, 0x72C0, 0x7099, 0x8B58, 0x4EC0, 0x8336, 0x523A, 0x5207,
    0x5EA6, 0x62D3, 0x7CD6, 0x5B85, 0x6D1E, 0x66B4, 0x8F3B, 0x884C, 0x964D, 0x898B,
    0x5ED3, 0x5140, 0x55C0, 0x585A, 0x6674, 0x51DE, 0x732A, 0x76CA, 0x793C, 0x795E,
    0x7965, 0x798F, 0x9756, 0x7CBE, 0x7FBD, 0x8612, 0x8AF8, 0x9038, 0x90FD, 0x98EF,
    0x98FC, 0x9928, 0x9DB4, 0x90DE, 0x96B7, 0x4FAE, 0x50E7, 0x514D, 0x52C9, 0x52E4,
    0x5351, 0x559D, 0x5606, 0x5668, 0x5840, 0x58A8, 0x5C64, 0x5C6E, 0x6094, 0x6168,
    0x618E, 0x61F2, 0x654F, 0x65E2, 0x6691, 0x6885, 0x6D77, 0x6E1A, 0x6F22, 0x716E,
    0x722B, 0x7422, 0x7891, 0x793E, 0x7949, 0x7948, 0x7950, 0x7956, 0x795D, 0x798D,
    0x798E, 0x7A40, 0x7A81, 0x7BC0, 0x7DF4, 0x7E09, 0x7E41, 0x7F72, 0x8005, 0x81ED,
    0x8279, 0x8279, 0x8457, 0x8910, 0x8996, 0x8B01, 0x8B39, 0x8CD3, 0x8D08, 0x8FB6,
    0x9038, 0x96E3, 0x97FF, 0x983B, 0x6075, 0x242EE, 0x8218, 0x4E26, 0x51B5, 0x5168,
    0x4F80, 0x5145, 0x5180, 0x52C7, 0x52FA, 0x559D, 0x5555, 0x5599, 0x55E2, 0x585A,
    0x58B3, 0x5944, 0x5954, 0x5A62, 0x5B28, 0x5ED2, 0x5ED9, 0x5F69, 0x5FAD, 0x60D8,
    0x614E, 0x6108, 0x618E, 0x6160, 0x61F2, 0x6234, 0x63C4, 0x641C, 0x6452, 0x6556,
    0x6674, 0x6717, 0x671B, 0x6756, 0x6B79, 0x6BBA, 0x6D41, 0x6EDB, 0x6ECB, 0x6F22,
    0x701E, 0x716E, 0x77A7, 0x7235, 0x72AF, 0x732A, 0x7471, 0x7506, 0x753B, 0x761D,
    0x761F, 0x76CA, 0x76DB, 0x76F4, 0x774A, 0x7740, 0x78CC, 0x7AB1, 0x7BC0, 0x7C7B,
    0x7D5B, 0x7DF4, 0x7F3E, 0x8005, 0x8352, 0x83EF, 0x8779, 0x8941, 0x8986, 0x8996,
    0x8ABF, 0x8AF8, 0x8ACB, 0x8B01, 0x8AFE, 0x8AED, 0x8B39, 0x8B8A, 0x8D08, 0x8F38,
    0x9072, 0x9199, 0x9276, 0x967C, 0x96E3, 0x9756, 0x97DB, 0x97FF, 0x980B, 0x983B,
    0x9B12, 0x9F9C, 0x2284A, 0x22844, 0x233D5, 0x3B9D, 0x4018, 0x4039, 0x25249, 0x25CD0,
    0x27ED3, 0x9F43, 0x9F8E, 0x5D9, 0x5B4, 0x5F2, 0x5B7, 0x5E9, 0x5C1, 0x5E9,
    0x5C2, 0x5E9, 0x5BC, 0x5C1, 0x5E9, 0x5BC, 0x5C2, 0x5D0, 0x5B7, 0x5D0,
    0x5B8, 0x5D0, 0x5BC, 0x5D1, 0x5BC, 0x5D2, 0x5BC, 0x5D3, 0x5BC, 0x5D4,
    0x5BC, 0x5D5, 0x5BC, 0x5D6, 0x5BC, 0x5D8, 0x5BC, 0x5D9, 0x5BC, 0x5DA,
    0x5BC, 0x5DB, 0x5BC, 0x5DC, 0x5BC, 0x5DE, 0x5BC, 0x5E0, 0x5BC, 0x5E1,
    0x5BC, 0x5E3, 0x5BC, 0x5E4, 0x5BC, 0x5E6, 0x5BC, 0x5E7, 0x5BC, 0x5E8,
    0x5BC, 0x5E9, 0x5BC, 0x5EA, 0x5BC, 0x5D5, 0x5B9, 0x5D1, 0x5BF, 0x5DB,
    0x5BF, 0x5E4, 0x5BF, 0x105D2, 0x307, 0x105DA, 0x307, 0x11099, 0x110BA, 0x1109B,
    0x110BA, 0x110A5, 0x110BA, 0x11131, 0x11127, 0x11132, 0x11127, 0x11347, 0x1133E, 0x11347,
    0x11357, 0x11382, 0x113C9, 0x11384, 0x113BB, 0x1138B, 0x113C2, 0x11390, 0x113C9, 0x113C2,
    0x113C2, 0x113C2, 0x113B8, 0x113C2, 0x113C9, 0x114B9, 0x114BA, 0x114B9, 0x114B0, 0x114B9,
    0x114BD, 0x115B8, 0x115AF, 0x115B9, 0x115AF, 0x11935, 0x11930, 0x1611E, 0x1611E, 0x1611E,
    0x16129, 0x1611E, 0x1611F, 0x16129, 0x1611F, 0x1611E, 0x16120, 0x1611E, 0x1611E, 0x1611F,
    0x1611E, 0x16129, 0x1611F, 0x1611E, 0x1611E, 0x16120, 0x16D67, 0x16D67, 0x16D63, 0x16D67,
    0x16D63, 0x16D67, 0x16D67, 0x1D157, 0x1D165, 0x1D158, 0x1D165, 0x1D158, 0x1D165, 0x1D16E,
    0x1D158, 0x1D165, 0x1D16F, 0x1D158, 0x1D165, 0x1D170, 0x1D158, 0x1D165, 0x1D171, 0x1D158,
    0x1D165, 0x1D172, 0x1D1B9, 0x1D165, 0x1D1BA, 0x1D165, 0x1D1B9, 0x1D165, 0x1D16E, 0x1D1BA,
    0x1D165, 0x1D16E, 0x1D1B9, 0x1D165, 0x1D16F, 0x1D1BA, 0x1D165, 0x1D16F, 0x4E3D, 0x4E38,
    0x4E41, 0x20122, 0x4F60, 0x4FAE, 0x4FBB, 0x5002, 0x507A, 0x5099, 0x50E7, 0x50CF,
    0x349E, 0x2063A, 0x514D, 0x5154, 0x5164, 0x5177, 0x2051C, 0x34B9, 0x5167, 0x518D,
    0x2054B, 0x5197, 0x51A4, 0x4ECC, 0x51AC, 0x51B5, 0x291DF, 0x51F5, 0x5203, 0x34DF,
    0x523B, 0x5246, 0x5272, 0x5277, 0x3515, 0x52C7, 0x52C9, 0x52E4, 0x52FA, 0x5305,
    0x5306, 0x5317, 0x5349, 0x5351, 0x535A, 0x5373, 0x537D, 0x537F, 0x537F, 0x537F,
    0x20A2C, 0x7070, 0x53CA, 0x53DF, 0x20B63, 0x53EB, 0x53F1, 0x5406, 0x549E, 0x5438,
    0x5448, 0x5468, 0x54A2, 0x54F6, 0x5510, 0x5553, 0x5563, 0x5584, 0x5584, 0x5599,
    0x55AB, 0x55B3, 0x55C2, 0x5716, 0x5606, 0x5717, 0x5651, 0x5674, 0x5207, 0x58EE,
    0x57CE, 0x57F4, 0x580D, 0x578B, 0x5832, 0x5831, 0x58AC, 0x214E4, 0x58F2, 0x58F7,
    0x5906, 0x591A, 0x5922, 0x5962, 0x216A8, 0x216EA, 0x59EC, 0x5A1B, 0x5A27, 0x59D8,
    0x5A66, 0x36EE, 0x36FC, 0x5B08, 0x5B3E, 0x5B3E, 0x219C8, 0x5BC3, 0x5BD8, 0x5BE7,
    0x5BF3, 0x21B18, 0x5BFF, 0x5C06, 0x5F53, 0x5C22, 0x3781, 0x5C60, 0x5C6E, 0x5CC0,
    0x5C8D, 0x21DE4, 0x5D43, 0x21DE6, 0x5D6E, 0x5D6B, 0x5D7C, 0x5DE1, 0x5DE2, 0x382F,
    0x5DFD, 0x5E28, 0x5E3D, 0x5E69, 0x3862, 0x22183, 0x387C, 0x5EB0, 0x5EB3, 0x5EB6,
    0x5ECA, 0x2A392, 0x5EFE, 0x22331, 0x22331, 0x8201, 0x5F22, 0x5F22, 0x38C7, 0x232B8,
    0x261DA, 0x5F62, 0x5F6B, 0x38E3, 0x5F9A, 0x5FCD, 0x5FD7, 0x5FF9, 0x6081, 0x393A,
    0x391C, 0x6094, 0x226D4, 0x60C7, 0x6148, 0x614C, 0x614E, 0x614C, 0x617A, 0x618E,
    0x61B2, 0x61A4, 0x61AF, 0x61DE, 0x61F2, 0x61F6, 0x6210, 0x621B, 0x625D, 0x62B1,
    0x62D4, 0x6350, 0x22B0C, 0x633D, 0x62FC, 0x6368, 0x6383, 0x63E4, 0x22BF1, 0x6422,
    0x63C5, 0x63A9, 0x3A2E, 0x6469, 0x647E, 0x649D, 0x6477, 0x3A6C, 0x654F, 0x656C,
    0x2300A, 0x65E3, 0x66F8, 0x6649, 0x3B19, 0x6691, 0x3B08, 0x3AE4, 0x5192, 0x5195,
    0x6700, 0x669C, 0x80AD, 0x43D9, 0x6717, 0x671B, 0x6721, 0x675E, 0x6753, 0x233C3,
    0x3B49, 0x67FA, 0x6785, 0x6852, 0x6885, 0x2346D, 0x688E, 0x681F, 0x6914, 0x3B9D,
    0x6942, 0x69A3, 0x69EA, 0x6AA8, 0x236A3, 0x6ADB, 0x3C18, 0x6B21, 0x238A7, 0x6B54,
    0x3C4E, 0x6B72, 0x6B9F, 0x6BBA, 0x6BBB, 0x23A8D, 0x21D0B, 0x23AFA, 0x6C4E, 0x23CBC,
    0x6CBF, 0x6CCD, 0x6C67, 0x6D16, 0x6D3E, 0x6D77, 0x6D41, 0x6D69, 0x6D78, 0x6D85,
    0x23D1E, 0x6D34, 0x6E2F, 0x6E6E, 0x3D33, 0x6ECB, 0x6EC7, 0x23ED1, 0x6DF9, 0x6F6E,
    0x23F5E, 0x23F8E, 0x6FC6, 0x7039, 0x701E, 0x701B, 0x3D96, 0x704A, 0x707D, 0x7077,
    0x70AD, 0x20525, 0x7145, 0x24263, 0x719C, 0x243AB, 0x7228, 0x7235, 0x7250, 0x24608,
    0x7280, 0x7295, 0x24735, 0x24814, 0x737A, 0x738B, 0x3EAC, 0x73A5, 0x3EB8, 0x3EB8,
    0x7447, 0x745C, 0x7471, 0x7485, 0x74CA, 0x3F1B, 0x7524, 0x24C36, 0x753E, 0x24C92,
    0x7570, 0x2219F, 0x7610, 0x24FA1, 0x24FB8, 0x25044, 0x3FFC, 0x4008, 0x76F4, 0x250F3,
    0x250F2, 0x25119, 0x25133, 0x771E, 0x771F, 0x771F, 0x774A, 0x4039, 0x778B, 0x4046,
    0x4096, 0x2541D, 0x784E, 0x788C, 0x78CC, 0x40E3, 0x25626, 0x7956, 0x2569A, 0x256C5,
    0x798F, 0x79EB, 0x412F, 0x7A40, 0x7A4A, 0x7A4F, 0x2597C, 0x25AA7, 0x25AA7, 0x7AEE,
    0x4202, 0x25BAB, 0x7BC6, 0x7BC9, 0x4227, 0x25C80, 0x7CD2, 0x42A0, 0x7CE8, 0x7CE3,
    0x7D00, 0x25F86, 0x7D63, 0x4301, 0x7DC7, 0x7E02, 0x7E45, 0x4334, 0x26228, 0x26247,
    0x4359, 0x262D9, 0x7F7A, 0x2633E, 0x7F95, 0x7FFA, 0x8005, 0x264DA, 0x26523, 0x8060,
    0x265A8, 0x8070, 0x2335F, 0x43D5, 0x80B2, 0x8103, 0x440B, 0x813E, 0x5AB5, 0x267A7,
    0x267B5, 0x23393, 0x2339C, 0x8201, 0x8204, 0x8F9E, 0x446B, 0x8291, 0x828B, 0x829D,
    0x52B3, 0x82B1, 0x82B3, 0x82BD, 0x82E6, 0x26B3C, 0x82E5, 0x831D, 0x8363, 0x83AD,
    0x8323, 0x83BD, 0x83E7, 0x8457, 0x8353, 0x83CA, 0x83CC, 0x83DC, 0x26C36, 0x26D6B,
    0x26CD5, 0x452B, 0x84F1, 0x84F3, 0x8516, 0x273CA, 0x8564, 0x26F2C, 0x455D, 0x4561,
    0x26FB1, 0x270D2, 0x456B, 0x8650, 0x865C, 0x8667, 0x8669, 0x86A9, 0x8688, 0x870E,
    0x86E2, 0x8779, 0x8728, 0x876B, 0x8786, 0x45D7, 0x87E1, 0x8801, 0x45F9, 0x8860,
    0x8863, 0x27667, 0x88D7, 0x88DE, 0x4635, 0x88FA, 0x34BB, 0x278AE, 0x27966, 0x46BE,
    0x46C7, 0x8AA0, 0x8AED, 0x8B8A, 0x8C55, 0x27CA8, 0x8CAB, 0x8CC1, 0x8D1B, 0x8D77,
    0x27F2F, 0x20804, 0x8DCB, 0x8DBC, 0x8DF0, 0x208DE, 0x8ED4, 0x8F38, 0x285D2, 0x285ED,
    0x9094, 0x90F1, 0x9111, 0x2872E, 0x911B, 0x9238, 0x92D7, 0x92D8, 0x927C, 0x93F9,
    0x9415, 0x28BFA, 0x958B, 0x4995, 0x95B7, 0x28D77, 0x49E6, 0x96C3, 0x5DB2, 0x9723,
    0x29145, 0x2921A, 0x4A6E, 0x4A76, 0x97E0, 0x2940A, 0x4AB2, 0x29496, 0x980B, 0x980B,
    0x9829, 0x295B6, 0x98E2, 0x4B33, 0x9929, 0x99A7, 0x99C2, 0x99FE, 0x4BCE, 0x29B30,
    0x9B12, 0x9C40, 0x9CFD, 0x4CCE, 0x4CED, 0x9D67, 0x2A0CE, 0x4CF8, 0x2A105, 0x2A20E,
    0x2A291, 0x9EBB, 0x4D56, 0x9EF9, 0x9EFE, 0x9F05, 0x9F0F, 0x9F16, 0x9F3B, 0x2A600,
};

static const uint32_t un_nfkd_keys[5913] = {
    0xA0, 0xA8, 0xAA, 0xAF, 0xB2, 0xB3, 0xB4, 0xB5, 0xB8, 0xB9,
    0xBA, 0xBC, 0xBD, 0xBE, 0xC0, 0xC1, 0xC2, 0xC3, 0xC4, 0xC5,
    0xC7, 0xC8, 0xC9, 0xCA, 0xCB, 0xCC, 0xCD, 0xCE, 0xCF, 0xD1,
    0xD2, 0xD3, 0xD4, 0xD5, 0xD6, 0xD9, 0xDA, 0xDB, 0xDC, 0xDD,
    0xE0, 0xE1, 0xE2, 0xE3, 0xE4, 0xE5, 0xE7, 0xE8, 0xE9, 0xEA,
    0xEB, 0xEC, 0xED, 0xEE, 0xEF, 0xF1, 0xF2, 0xF3, 0xF4, 0xF5,
    0xF6, 0xF9, 0xFA, 0xFB, 0xFC, 0xFD, 0xFF, 0x100, 0x101, 0x102,
    0x103, 0x104, 0x105, 0x106, 0x107, 0x108, 0x109, 0x10A, 0x10B, 0x10C,
    0x10D, 0x10E, 0x10F, 0x112, 0x113, 0x114, 0x115, 0x116, 0x117, 0x118,
    0x119, 0x11A, 0x11B, 0x11C, 0x11D, 0x11E, 0x11F, 0x120, 0x121, 0x122,
    0x123, 0x124, 0x125, 0x128, 0x129, 0x12A, 0x12B, 0x12C, 0x12D, 0x12E,
    0x12F, 0x130, 0x132, 0x133, 0x134, 0x135, 0x136, 0x137, 0x139, 0x13A,
    0x13B, 0x13C, 0x13D, 0x13E, 0x13F, 0x140, 0x143, 0x144, 0x145, 0x146,
    0x147, 0x148, 0x149, 0x14C, 0x14D, 0x14E, 0x14F, 0x150, 0x151, 0x154,
    0x155, 0x156, 0x157, 0x158, 0x159, 0x15A, 0x15B, 0x15C, 0x15D, 0x15E,
    0x15F, 0x160, 0x161, 0x162, 0x163, 0x164, 0x165, 0x168, 0x169, 0x16A,
    0x16B, 0x16C, 0x16D, 0x16E, 0x16F, 0x170, 0x171, 0x172, 0x173, 0x174,
    0x175, 0x176, 0x177, 0x178, 0x179, 0x17A, 0x17B, 0x17C, 0x17D, 0x17E,
    0x17F, 0x1A0, 0x1A1, 0x1AF, 0x1B0, 0x1C4, 0x1C5, 0x1C6, 0x1C7, 0x1C8,
    0x1C9, 0x1CA, 0x1CB, 0x1CC, 0x1CD, 0x1CE, 0x1CF, 0x1D0, 0x1D1, 0x1D2,
    0x1D3, 0x1D4, 0x1D5, 0x1D6, 0x1D7, 0x1D8, 0x1D9, 0x1DA, 0x1DB, 0x1DC,
    0x1DE, 0x1DF, 0x1E0, 0x1E1, 0x1E2, 0x1E3, 0x1E6, 0x1E7, 0x1E8, 0x1E9,
    0x1EA, 0x1EB, 0x1EC, 0x1ED, 0x1EE, 0x1EF, 0x1F0, 0x1F1, 0x1F2, 0x1F3,
    0x1F4, 0x1F5, 0x1F8, 0x1F9, 0x1FA, 0x1FB, 0x1FC, 0x1FD, 0x1FE, 0x1FF,
    0x200, 0x201, 0x202, 0x203, 0x204, 0x205, 0x206, 0x207, 0x208, 0x209,
    0x20A, 0x20B, 0x20C, 0x20D, 0x20E, 0x20F, 0x210, 0x211, 0x212, 0x213,
    0x214, 0x215, 0x216, 0x217, 0x218, 0x219, 0x21A, 0x21B, 0x21E, 0x21F,
    0x226, 0x227, 0x228, 0x229, 0x22A, 0x22B, 0x22C, 0x22D, 0x22E, 0x22F,
    0x230, 0x231, 0x232, 0x233, 0x2B0, 0x2B1, 0x2B2, 0x2B3, 0x2B4, 0x2B5,
    0x2B6, 0x2B7, 0x2B8, 0x2D8, 0x2D9, 0x2DA, 0x2DB, 0x2DC, 0x2DD, 0x2E0,
    0x2E1, 0x2E2, 0x2E3, 0x2E4, 0x340, 0x341, 0x343, 0x344, 0x374, 0x37A,
    0x37E, 0x384, 0x385, 0x386, 0x387, 0x388, 0x389, 0x38A, 0x38C, 0x38E,
    0x38F, 0x390, 0x3AA, 0x3AB, 0x3AC, 0x3AD, 0x3AE, 0x3AF, 0x3B0, 0x3CA,
    0x3CB, 0x3CC, 0x3CD, 0x3CE, 0x3D0, 0x3D1, 0x3D2, 0x3D3, 0x3D4, 0x3D5,
    0x3D6, 0x3F0, 0x3F1, 0x3F2, 0x3F4, 0x3F5, 0x3F9, 0x400, 0x401, 0x403,
    0x407, 0x40C, 0x40D, 0x40E, 0x419, 0x439, 0x450, 0x451, 0x453, 0x457,
    0x45C, 0x45D, 0x45E, 0x476, 0x477, 0x4C1, 0x4C2, 0x4D0, 0x4D1, 0x4D2,
    0x4D3, 0x4D6, 0x4D7, 0x4DA, 0x4DB, 0x4DC, 0x4DD, 0x4DE, 0x4DF, 0x4E2,
    0x4E3, 0x4E4, 0x4E5, 0x4E6, 0x4E7, 0x4EA, 0x4EB, 0x4EC, 0x4ED, 0x4EE,
    0x4EF, 0x4F0, 0x4F1, 0x4F2, 0x4F3, 0x4F4, 0x4F5, 0x4F8, 0x4F9, 0x587,
    0x622, 0x623, 0x624, 0x625, 0x626, 0x675, 0x676, 0x677, 0x678, 0x6C0,
    0x6C2, 0x6D3, 0x929, 0x931, 0x934, 0x958, 0x959, 0x95A, 0x95B, 0x95C,
    0x95D, 0x95E, 0x95F, 0x9CB, 0x9CC, 0x9DC, 0x9DD, 0x9DF, 0xA33, 0xA36,
    0xA59, 0xA5A, 0xA5B, 0xA5E, 0xB48, 0xB4B, 0xB4C, 0xB5C, 0xB5D, 0xB94,
    0xBCA, 0xBCB, 0xBCC, 0xC48, 0xCC0, 0xCC7, 0xCC8, 0xCCA, 0xCCB, 0xD4A,
    0xD4B, 0xD4C, 0xDDA, 0xDDC, 0xDDD, 0xDDE, 0xE33, 0xEB3, 0xEDC, 0xEDD,
    0xF0C, 0xF43, 0xF4D, 0xF52, 0xF57, 0xF5C, 0xF69, 0xF73, 0xF75, 0xF76,
    0xF77, 0xF78, 0xF79, 0xF81, 0xF93, 0xF9D, 0xFA2, 0xFA7, 0xFAC, 0xFB9,
    0x1026, 0x10FC, 0x1B06, 0x1B08, 0x1B0A, 0x1B0C, 0x1B0E, 0x1B12, 0x1B3B, 0x1B3D,
    0x1B40, 0x1B41, 0x1B43, 0x1D2C, 0x1D2D, 0x1D2E, 0x1D30, 0x1D31, 0x1D32, 0x1D33,
    0x1D34, 0x1D35, 0x1D36, 0x1D37, 0x1D38, 0x1D39, 0x1D3A, 0x1D3C, 0x1D3D, 0x1D3E,
    0x1D3F, 0x1D40, 0x1D41, 0x1D42, 0x1D43, 0x1D44, 0x1D45, 0x1D46, 0x1D47, 0x1D48,
    0x1D49, 0x1D4A, 0x1D4B, 0x1D4C, 0x1D4D, 0x1D4F, 0x1D50, 0x1D51, 0x1D52, 0x1D53,
    0x1D54, 0x1D55, 0x1D56, 0x1D57, 0x1D58, 0x1D59, 0x1D5A, 0x1D5B, 0x1D5C, 0x1D5D,
    0x1D5E, 0x1D5F, 0x1D60, 0x1D61, 0x1D62, 0x1D63, 0x1D64, 0x1D65, 0x1D66, 0x1D67,
    0x1D68, 0x1D69, 0x1D6A, 0x1D78, 0x1D9B, 0x1D9C, 0x1D9D, 0x1D9E, 0x1D9F, 0x1DA0,
    0x1DA1, 0x1DA2, 0x1DA3, 0x1DA4, 0x1DA5, 0x1DA6, 0x1DA7, 0x1DA8, 0x1DA9, 0x1DAA,
    0x1DAB, 0x1DAC, 0x1DAD, 0x1DAE, 0x1DAF, 0x1DB0, 0x1DB1, 0x1DB2, 0x1DB3, 0x1DB4,
    0x1DB5, 0x1DB6, 0x1DB7, 0x1DB8, 0x1DB9, 0x1DBA, 0x1DBB, 0x1DBC, 0x1DBD, 0x1DBE,
    0x1DBF, 0x1E00, 0x1E01, 0x1E02, 0x1E03, 0x1E04, 0x1E05, 0x1E06, 0x1E07, 0x1E08,
    0x1E09, 0x1E0A, 0x1E0B, 0x1E0C, 0x1E0D, 0x1E0E, 0x1E0F, 0x1E10, 0x1E11, 0x1E12,
    0x1E13, 0x1E14, 0x1E15, 0x1E16, 0x1E17, 0x1E18, 0x1E19, 0x1E1A, 0x1E1B, 0x1E1C,
    0x1E1D, 0x1E1E, 0x1E1F, 0x1E20, 0x1E21, 0x1E22, 0x1E23, 0x1E24, 0x1E25, 0x1E26,
    0x1E27, 0x1E28, 0x1E29, 0x1E2A, 0x1E2B, 0x1E2C, 0x1E2D, 0x1E2E, 0x1E2F, 0x1E30,
    0x1E31, 0x1E32, 0x1E33, 0x1E34, 0x1E35, 0x1E36, 0x1E37, 0x1E38, 0x1E39, 0x1E3A,
    0x1E3B, 0x1E3C, 0x1E3D, 0x1E3E, 0x1E3F, 0x1E40, 0x1E41, 0x1E42, 0x1E43, 0x1E44,
    0x1E45, 0x1E46, 0x1E47, 0x1E48, 0x1E49, 0x1E4A, 0x1E4B, 0x1E4C, 0x1E4D, 0x1E4E,
    0x1E4F, 0x1E50, 0x1E51, 0x1E52, 0x1E53, 0x1E54, 0x1E55, 0x1E56, 0x1E57, 0x1E58,
    0x1E59, 0x1E5A, 0x1E5B, 0x1E5C, 0x1E5D, 0x1E5E, 0x1E5F, 0x1E60, 0x1E61, 0x1E62,
    0x1E63, 0x1E64, 0x1E65, 0x1E66, 0x1E67, 0x1E68, 0x1E69, 0x1E6A, 0x1E6B, 0x1E6C,
    0x1E6D, 0x1E6E, 0x1E6F, 0x1E70, 0x1E71, 0x1E72, 0x1E73, 0x1E74, 0x1E75, 0x1E76,
    0x1E77, 0x1E78, 0x1E79, 0x1E7A, 0x1E7B, 0x1E7C, 0x1E7D, 0x1E7E, 0x1E7F, 0x1E80,
    0x1E81, 0x1E82, 0x1E83, 0x1E84, 0x1E85, 0x1E86, 0x1E87, 0x1E88, 0x1E89, 0x1E8A,
    0x1E8B, 0x1E8C, 0x1E8D, 0x1E8E, 0x1E8F, 0x1E90, 0x1E91, 0x1E92, 0x1E93, 0x1E94,
    0x1E95, 0x1E96, 0x1E97, 0x1E98, 0x1E99, 0x1E9A, 0x1E9B, 0x1EA0, 0x1EA1, 0x1EA2,
    0x1EA3, 0x1EA4, 0x1EA5, 0x1EA6, 0x1EA7, 0x1EA8, 0x1EA9, 0x1EAA, 0x1EAB, 0x1EAC,
    0x1EAD, 0x1EAE, 0x1EAF, 0x1EB0, 0x1EB1, 0x1EB2, 0x1EB3, 0x1EB4, 0x1EB5, 0x1EB6,
    0x1EB7, 0x1EB8, 0x1EB9, 0x1EBA, 0x1EBB, 0x1EBC, 0x1EBD, 0x1EBE, 0x1EBF, 0x1EC0,
    0x1EC1, 0x1EC2, 0x1EC3, 0x1EC4, 0x1EC5, 0x1EC6, 0x1EC7, 0x1EC8, 0x1EC9, 0x1ECA,
    0x1ECB, 0x1ECC, 0x1ECD, 0x1ECE, 0x1ECF, 0x1ED0, 0x1ED1, 0x1ED2, 0x1ED3, 0x1ED4,
    0x1ED5, 0x1ED6, 0x1ED7, 0x1ED8, 0x1ED9, 0x1EDA, 0x1EDB, 0x1EDC, 0x1EDD, 0x1EDE,
    0x1EDF, 0x1EE0, 0x1EE1, 0x1EE2, 0x1EE3, 0x1EE4, 0x1EE5, 0x1EE6, 0x1EE7, 0x1EE8,
    0x1EE9, 0x1EEA, 0x1EEB, 0x1EEC, 0x1EED, 0x1EEE, 0x1EEF, 0x1EF0, 0x1EF1, 0x1EF2,
    0x1EF3, 0x1EF4, 0x1EF5, 0x1EF6, 0x1EF7, 0x1EF8, 0x1EF9, 0x1F00, 0x1F01, 0x1F02,
    0x1F03, 0x1F04, 0x1F05, 0x1F06, 0x1F07, 0x1F08, 0x1F09, 0x1F0A, 0x1F0B, 0x1F0C,
    0x1F0D, 0x1F0E, 0x1F0F, 0x1F10, 0x1F11, 0x1F12, 0x1F13, 0x1F14, 0x1F15, 0x1F18,
    0x1F19, 0x1F1A, 0x1F1B, 0x1F1C, 0x1F1D, 0x1F20, 0x1F21, 0x1F22, 0x1F23, 0x1F24,
    0x1F25, 0x1F26, 0x1F27, 0x1F28, 0x1F29, 0x1F2A, 0x1F2B, 0x1F2C, 0x1F2D, 0x1F2E,
    0x1F2F, 0x1F30, 0x1F31, 0x1F32, 0x1F33, 0x1F34, 0x1F35, 0x1F36, 0x1F37, 0x1F38,
    0x1F39, 0x1F3A, 0x1F3B, 0x1F3C, 0x1F3D, 0x1F3E, 0x1F3F, 0x1F40, 0x1F41, 0x1F42,
    0x1F43, 0x1F44, 0x1F45, 0x1F48, 0x1F49, 0x1F4A, 0x1F4B, 0x1F4C, 0x1F4D, 0x1F50,
    0x1F51, 0x1F52, 0x1F53, 0x1F54, 0x1F55, 0x1F56, 0x1F57, 0x1F59, 0x1F5B, 0x1F5D,
    0x1F5F, 0x1F60, 0x1F61, 0x1F62, 0x1F63, 0x1F64, 0x1F65, 0x1F66, 0x1F67, 0x1F68,
    0x1F69, 0x1F6A, 0x1F6B, 0x1F6C, 0x1F6D, 0x1F6E, 0x1F6F, 0x1F70, 0x1F71, 0x1F72,
    0x1F73, 0x1F74, 0x1F75, 0x1F76, 0x1F77, 0x1F78, 0x1F79, 0x1F7A, 0x1F7B, 0x1F7C,
    0x1F7D, 0x1F80, 0x1F81, 0x1F82, 0x1F83, 0x1F84, 0x1F85, 0x1F86, 0x1F87, 0x1F88,
    0x1F89, 0x1F8A, 0x1F8B, 0x1F8C, 0x1F8D, 0x1F8E, 0x1F8F, 0x1F90, 0x1F91, 0x1F92,
    0x1F93, 0x1F94, 0x1F95, 0x1F96, 0x1F97, 0x1F98, 0x1F99, 0x1F9A, 0x1F9B, 0x1F9C,
    0x1F9D, 0x1F9E, 0x1F9F, 0x1FA0, 0x1FA1, 0x1FA2, 0x1FA3, 0x1FA4, 0x1FA5, 0x1FA6,
    0x1FA7, 0x1FA8, 0x1FA9, 0x1FAA, 0x1FAB, 0x1FAC, 0x1FAD, 0x1FAE, 0x1FAF, 0x1FB0,
    0x1FB1, 0x1FB2, 0x1FB3, 0x1FB4, 0x1FB6, 0x1FB7, 0x1FB8, 0x1FB9, 0x1FBA, 0x1FBB,
    0x1FBC, 0x1FBD, 0x1FBE, 0x1FBF, 0x1FC0, 0x1FC1, 0x1FC2, 0x1FC3, 0x1FC4, 0x1FC6,
    0x1FC7, 0x1FC8, 0x1FC9, 0x1FCA, 0x1FCB, 0x1FCC, 0x1FCD, 0x1FCE, 0x1FCF, 0x1FD0,
    0x1FD1, 0x1FD2, 0x1FD3, 0x1FD6, 0x1FD7, 0x1FD8, 0x1FD9, 0x1FDA, 0x1FDB, 0x1FDD,
    0x1FDE, 0x1FDF, 0x1FE0, 0x1FE1, 0x1FE2, 0x1FE3, 0x1FE4, 0x1FE5, 0x1FE6, 0x1FE7,
    0x1FE8, 0x1FE9, 0x1FEA, 0x1FEB, 0x1FEC, 0x1FED, 0x1FEE, 0x1FEF, 0x1FF2, 0x1FF3,
    0x1FF4, 0x1FF6, 0x1FF7, 0x1FF8, 0x1FF9, 0x1FFA, 0x1FFB, 0x1FFC, 0x1FFD, 0x1FFE,
    0x2000, 0x2001, 0x2002, 0x2003, 0x2004, 0x2005, 0x2006, 0x2007, 0x2008, 0x2009,
    0x200A, 0x2011, 0x2017, 0x2024, 0x2025, 0x2026, 0x202F, 0x2033, 0x2034, 0x2036,
    0x2037, 0x203C, 0x203E, 0x2047, 0x2048, 0x2049, 0x2057, 0x205F, 0x2070, 0x2071,
    0x2074, 0x2075, 0x2076, 0x2077, 0x2078, 0x2079, 0x207A, 0x207B, 0x207C, 0x207D,
    0x207E, 0x207F, 0x2080, 0x2081, 0x2082, 0x2083, 0x2084, 0x2085, 0x2086, 0x2087,
    0x2088, 0x2089, 0x208A, 0x208B, 0x208C, 0x208D, 0x208E, 0x2090, 0x2091, 0x2092,
    0x2093, 0x2094, 0x2095, 0x2096, 0x2097, 0x2098, 0x2099, 0x209A, 0x209B, 0x209C,
    0x20A8, 0x2100, 0x2101, 0x2102, 0x2103, 0x2105, 0x2106, 0x2107, 0x2109, 0x210A,
    0x210B, 0x210C, 0x210D, 0x210E, 0x210F, 0x2110, 0x2111, 0x2112, 0x2113, 0x2115,
    0x2116, 0x2119, 0x211A, 0x211B, 0x211C, 0x211D, 0x2120, 0x2121, 0x2122, 0x2124,
    0x2126, 0x2128, 0x212A, 0x212B, 0x212C, 0x212D, 0x212F, 0x2130, 0x2131, 0x2133,
    0x2134, 0x2135, 0x2136, 0x2137, 0x2138, 0x2139, 0x213B, 0x213C, 0x213D, 0x213E,
    0x213F, 0x2140, 0x2145, 0x2146, 0x2147, 0x2148, 0x2149, 0x2150, 0x2151, 0x2152,
    0x2153, 0x2154, 0x2155, 0x2156, 0x2157, 0x2158, 0x2159, 0x215A, 0x215B, 0x215C,
    0x215D, 0x215E, 0x215F, 0x2160, 0x2161, 0x2162, 0x2163, 0x2164, 0x2165, 0x2166,
    0x2167, 0x2168, 0x2169, 0x216A, 0x216B, 0x216C, 0x216D, 0x216E, 0x216F, 0x2170,
    0x2171, 0x2172, 0x2173, 0x2174, 0x2175, 0x2176, 0x2177, 0x2178, 0x2179, 0x217A,
    0x217B, 0x217C, 0x217D, 0x217E, 0x217F, 0x2189, 0x219A, 0x219B, 0x21AE, 0x21CD,
    0x21CE, 0x21CF, 0x2204, 0x2209, 0x220C, 0x2224, 0x2226, 0x222C, 0x222D, 0x222F,
    0x2230, 0x2241, 0x2244, 0x2247, 0x2249, 0x2260, 0x2262, 0x226D, 0x226E, 0x226F,
    0x2270, 0x2271, 0x2274, 0x2275, 0x2278, 0x2279, 0x2280, 0x2281, 0x2284, 0x2285,
    0x2288, 0x2289, 0x22AC, 0x22AD, 0x22AE, 0x22AF, 0x22E0, 0x22E1, 0x22E2, 0x22E3,
    0x22EA, 0x22EB, 0x22EC, 0x22ED, 0x2329, 0x232A, 0x2460, 0x2461, 0x2462, 0x2463,
    0x2464, 0x2465, 0x2466, 0x2467, 0x2468, 0x2469, 0x246A, 0x246B, 0x246C, 0x246D,
    0x246E, 0x246F, 0x2470, 0x2471, 0x2472, 0x2473, 0x2474, 0x2475, 0x2476, 0x2477,
    0x2478, 0x2479, 0x247A, 0x247B, 0x247C, 0x247D, 0x247E, 0x247F, 0x2480, 0x2481,
    0x2482, 0x2483, 0x2484, 0x2485, 0x2486, 0x2487, 0x2488, 0x2489, 0x248A, 0x248B,
    0x248C, 0x248D, 0x248E, 0x248F, 0x2490, 0x2491, 0x2492, 0x2493, 0x2494, 0x2495,
    0x2496, 0x2497, 0x2498, 0x2499, 0x249A, 0x249B, 0x249C, 0x249D, 0x249E, 0x249F,
    0x24A0, 0x24A1, 0x24A2, 0x24A3, 0x24A4, 0x24A5, 0x24A6, 0x24A7, 0x24A8, 0x24A9,
    0x24AA, 0x24AB, 0x24AC, 0x24AD, 0x24AE, 0x24AF, 0x24B0, 0x24B1, 0x24B2, 0x24B3,
    0x24B4, 0x24B5, 0x24B6, 0x24B7, 0x24B8, 0x24B9, 0x24BA, 0x24BB, 0x24BC, 0x24BD,
    0x24BE, 0x24BF, 0x24C0, 0x24C1, 0x24C2, 0x24C3, 0x24C4, 0x24C5, 0x24C6, 0x24C7,
    0x24C8, 0x24C9, 0x24CA, 0x24CB, 0x24CC, 0x24CD, 0x24CE, 0x24CF, 0x24D0, 0x24D1,
    0x24D2, 0x24D3, 0x24D4, 0x24D5, 0x24D6, 0x24D7, 0x24D8, 0x24D9, 0x24DA, 0x24DB,
    0x24DC, 0x24DD, 0x24DE, 0x24DF, 0x24E0, 0x24E1, 0x24E2, 0x24E3, 0x24E4, 0x24E5,
    0x24E6, 0x24E7, 0x24E8, 0x24E9, 0x24EA, 0x2A0C, 0x2A74, 0x2A75, 0x2A76, 0x2ADC,
    0x2C7C, 0x2C7D, 0x2D6F, 0x2E9F, 0x2EF3, 0x2F00, 0x2F01, 0x2F02, 0x2F03, 0x2F04,
    0x2F05, 0x2F06, 0x2F07, 0x2F08, 0x2F09, 0x2F0A, 0x2F0B, 0x2F0C, 0x2F0D, 0x2F0E,
    0x2F0F, 0x2F10, 0x2F11, 0x2F12, 0x2F13, 0x2F14, 0x2F15, 0x2F16, 0x2F17, 0x2F18,
    0x2F19, 0x2F1A, 0x2F1B, 0x2F1C, 0x2F1D, 0x2F1E, 0x2F1F, 0x2F20, 0x2F21, 0x2F22,
    0x2F23, 0x2F24, 0x2F25, 0x2F26, 0x2F27, 0x2F28, 0x2F29, 0x2F2A, 0x2F2B, 0x2F2C,
    0x2F2D, 0x2F2E, 0x2F2F, 0x2F30, 0x2F31, 0x2F32, 0x2F33, 0x2F34, 0x2F35, 0x2F36,
    0x2F37, 0x2F38, 0x2F39, 0x2F3A, 0x2F3B, 0x2F3C, 0x2F3D, 0x2F3E, 0x2F3F, 0x2F40,
    0x2F41, 0x2F42, 0x2F43, 0x2F44, 0x2F45, 0x2F46, 0x2F47, 0x2F48, 0x2F49, 0x2F4A,
    0x2F4B, 0x2F4C, 0x2F4D, 0x2F4E, 0x2F4F, 0x2F50, 0x2F51, 0x2F52, 0x2F53, 0x2F54,
    0x2F55, 0x2F56, 0x2F57, 0x2F58, 0x2F59, 0x2F5A, 0x2F5B, 0x2F5C, 0x2F5D, 0x2F5E,
    0x2F5F, 0x2F60, 0x2F61, 0x2F62, 0x2F63, 0x2F64, 0x2F65, 0x2F66, 0x2F67, 0x2F68,
    0x2F69, 0x2F6A, 0x2F6B, 0x2F6C, 0x2F6D, 0x2F6E, 0x2F6F, 0x2F70, 0x2F71, 0x2F72,
    0x2F73, 0x2F74, 0x2F75, 0x2F76, 0x2F77, 0x2F78, 0x2F79, 0x2F7A, 0x2F7B, 0x2F7C,
    0x2F7D, 0x2F7E, 0x2F7F, 0x2F80, 0x2F81, 0x2F82, 0x2F83, 0x2F84, 0x2F85, 0x2F86,
    0x2F87, 0x2F88, 0x2F89, 0x2F8A, 0x2F8B, 0x2F8C, 0x2F8D, 0x2F8E, 0x2F8F, 0x2F90,
    0x2F91, 0x2F92, 0x2F93, 0x2F94, 0x2F95, 0x2F96, 0x2F97, 0x2F98, 0x2F99, 0x2F9A,
    0x2F9B, 0x2F9C, 0x2F9D, 0x2F9E, 0x2F9F, 0x2FA0, 0x2FA1, 0x2FA2, 0x2FA3, 0x2FA4,
    0x2FA5, 0x2FA6, 0x2FA7, 0x2FA8, 0x2FA9, 0x2FAA, 0x2FAB, 0x2FAC, 0x2FAD, 0x2FAE,
    0x2FAF, 0x2FB0, 0x2FB1, 0x2FB2, 0x2FB3, 0x2FB4, 0x2FB5, 0x2FB6, 0x2FB7, 0x2FB8,
    0x2FB9, 0x2FBA, 0x2FBB, 0x2FBC, 0x2FBD, 0x2FBE, 0x2FBF, 0x2FC0, 0x2FC1, 0x2FC2,
    0x2FC3, 0x2FC4, 0x2FC5, 0x2FC6, 0x2FC7, 0x2FC8, 0x2FC9, 0x2FCA, 0x2FCB, 0x2FCC,
    0x2FCD, 0x2FCE, 0x2FCF, 0x2FD0, 0x2FD1, 0x2FD2, 0x2FD3, 0x2FD4, 0x2FD5, 0x3000,
    0x3036, 0x3038, 0x3039, 0x303A, 0x304C, 0x304E, 0x3050, 0x3052, 0x3054, 0x3056,
    0x3058, 0x305A, 0x305C, 0x305E, 0x3060, 0x3062, 0x3065, 0x3067, 0x3069, 0x3070,
    0x3071, 0x3073, 0x3074, 0x3076, 0x3077, 0x3079, 0x307A, 0x307C, 0x307D, 0x3094,
    0x309B, 0x309C, 0x309E, 0x309F, 0x30AC, 0x30AE, 0x30B0, 0x30B2, 0x30B4, 0x30B6,
    0x30B8, 0x30BA, 0x30BC, 0x30BE, 0x30C0, 0x30C2, 0x30C5, 0x30C7, 0x30C9, 0x30D0,
    0x30D1, 0x30D3, 0x30D4, 0x30D6, 0x30D7, 0x30D9, 0x30DA, 0x30DC, 0x30DD, 0x30F4,
    0x30F7, 0x30F8, 0x30F9, 0x30FA, 0x30FE, 0x30FF, 0x3131, 0x3132, 0x3133, 0x3134,
    0x3135, 0x3136, 0x3137, 0x3138, 0x3139, 0x313A, 0x313B, 0x313C, 0x313D, 0x313E,
    0x313F, 0x3140, 0x3141, 0x3142, 0x3143, 0x3144, 0x3145, 0x3146, 0x3147, 0x3148,
    0x3149, 0x314A, 0x314B, 0x314C, 0x314D, 0x314E, 0x314F, 0x3150, 0x3151, 0x3152,
    0x3153, 0x3154, 0x3155, 0x3156, 0x3157, 0x3158, 0x3159, 0x315A, 0x315B, 0x315C,
    0x315D, 0x315E, 0x315F, 0x3160, 0x3161, 0x3162, 0x3163, 0x3164, 0x3165, 0x3166,
    0x3167, 0x3168, 0x3169, 0x316A, 0x316B, 0x316C, 0x316D, 0x316E, 0x316F, 0x3170,
    0x3171, 0x3172, 0x3173, 0x3174, 0x3175, 0x3176, 0x3177, 0x3178, 0x3179, 0x317A,
    0x317B, 0x317C, 0x317D, 0x317E, 0x317F, 0x3180, 0x3181, 0x3182, 0x3183, 0x3184,
    0x3185, 0x3186, 0x3187, 0x3188, 0x3189, 0x318A, 0x318B, 0x318C, 0x318D, 0x318E,
    0x3192, 0x3193, 0x3194, 0x3195, 0x3196, 0x3197, 0x3198, 0x3199, 0x319A, 0x319B,
    0x319C, 0x319D, 0x319E, 0x319F, 0x3200, 0x3201, 0x3202, 0x3203, 0x3204, 0x3205,
    0x3206, 0x3207, 0x3208, 0x3209, 0x320A, 0x320B, 0x320C, 0x320D, 0x320E, 0x320F,
    0x3210, 0x3211, 0x3212, 0x3213, 0x3214, 0x3215, 0x3216, 0x3217, 0x3218, 0x3219,
    0x321A, 0x321B, 0x321C, 0x321D, 0x321E, 0x3220, 0x3221, 0x3222, 0x3223, 0x3224,
    0x3225, 0x3226, 0x3227, 0x3228, 0x3229, 0x322A, 0x322B, 0x322C, 0x322D, 0x322E,
    0x322F, 0x3230, 0x3231, 0x3232, 0x3233, 0x3234, 0x3235, 0x3236, 0x3237, 0x3238,
    0x3239, 0x323A, 0x323B, 0x323C, 0x323D, 0x323E, 0x323F, 0x3240, 0x3241, 0x3242,
    0x3243, 0x3244, 0x3245, 0x3246, 0x3247, 0x3250, 0x3251, 0x3252, 0x3253, 0x3254,
    0x3255, 0x3256, 0x3257, 0x3258, 0x3259, 0x325A, 0x325B, 0x325C, 0x325D, 0x325E,
    0x325F, 0x3260, 0x3261, 0x3262, 0x3263, 0x3264, 0x3265, 0x3266, 0x3267, 0x3268,
    0x3269, 0x326A, 0x326B, 0x326C, 0x326D, 0x326E, 0x326F, 0x3270, 0x3271, 0x3272,
    0x3273, 0x3274, 0x3275, 0x3276, 0x3277, 0x3278, 0x3279, 0x327A, 0x327B, 0x327C,
    0x327D, 0x327E, 0x3280, 0x3281, 0x3282, 0x3283, 0x3284, 0x3285, 0x3286, 0x3287,
    0x3288, 0x3289, 0x328A, 0x328B, 0x328C, 0x328D, 0x328E, 0x328F, 0x3290, 0x3291,
    0x3292, 0x3293, 0x3294, 0x3295, 0x3296, 0x3297, 0x3298, 0x3299, 0x329A, 0x329B,
    0x329C, 0x329D, 0x329E, 0x329F, 0x32A0, 0x32A1, 0x32A2, 0x32A3, 0x32A4, 0x32A5,
    0x32A6, 0x32A7, 0x32A8, 0x32A9, 0x32AA, 0x32AB, 0x32AC, 0x32AD, 0x32AE, 0x32AF,
    0x32B0, 0x32B1, 0x32B2, 0x32B3, 0x32B4, 0x32B5, 0x32B6, 0x32B7, 0x32B8, 0x32B9,
    0x32BA, 0x32BB, 0x32BC, 0x32BD, 0x32BE, 0x32BF, 0x32C0, 0x32C1, 0x32C2, 0x32C3,
    0x32C4, 0x32C5, 0x32C6, 0x32C7, 0x32C8, 0x32C9, 0x32CA, 0x32CB, 0x32CC, 0x32CD,
    0x32CE, 0x32CF, 0x32D0, 0x32D1, 0x32D2, 0x32D3, 0x32D4, 0x32D5, 0x32D6, 0x32D7,
    0x32D8, 0x32D9, 0x32DA, 0x32DB, 0x32DC, 0x32DD, 0x32DE, 0x32DF, 0x32E0, 0x32E1,
    0x32E2, 0x32E3, 0x32E4, 0x32E5, 0x32E6, 0x32E7, 0x32E8, 0x32E9, 0x32EA, 0x32EB,
    0x32EC, 0x32ED, 0x32EE, 0x32EF, 0x32F0, 0x32F1, 0x32F2, 0x32F3, 0x32F4, 0x32F5,
    0x32F6, 0x32F7, 0x32F8, 0x32F9, 0x32FA, 0x32FB, 0x32FC, 0x32FD, 0x32FE, 0x32FF,
    0x3300, 0x3301, 0x3302, 0x3303, 0x3304, 0x3305, 0x3306, 0x3307, 0x3308, 0x3309,
    0x330A, 0x330B, 0x330C, 0x330D, 0x330E, 0x330F, 0x3310, 0x3311, 0x3312, 0x3313,
    0x3314, 0x3315, 0x3316, 0x3317, 0x3318, 0x3319, 0x331A, 0x331B, 0x331C, 0x331D,
    0x331E, 0x331F, 0x3320, 0x3321, 0x3322, 0x3323, 0x3324, 0x3325, 0x3326, 0x3327,
    0x3328, 0x3329, 0x332A, 0x332B, 0x332C, 0x332D, 0x332E, 0x332F, 0x3330, 0x3331,
    0x3332, 0x3333, 0x3334, 0x3335, 0x3336, 0x3337, 0x3338, 0x3339, 0x333A, 0x333B,
    0x333C, 0x333D, 0x333E, 0x333F, 0x3340, 0x3341, 0x3342, 0x3343, 0x3344, 0x3345,
    0x3346, 0x3347, 0x3348, 0x3349, 0x334A, 0x334B, 0x334C, 0x334D, 0x334E, 0x334F,
    0x3350, 0x3351, 0x3352, 0x3353, 0x3354, 0x3355, 0x3356, 0x3357, 0x3358, 0x3359,
    0x335A, 0x335B, 0x335C, 0x335D, 0x335E, 0x335F, 0x3360, 0x3361, 0x3362, 0x3363,
    0x3364, 0x3365, 0x3366, 0x3367, 0x3368, 0x3369, 0x336A, 0x336B, 0x336C, 0x336D,
    0x336E, 0x336F, 0x3370, 0x3371, 0x3372, 0x3373, 0x3374, 0x3375, 0x3376, 0x3377,
    0x3378, 0x3379, 0x337A, 0x337B, 0x337C, 0x337D, 0x337E, 0x337F, 0x3380, 0x3381,
    0x3382, 0x3383, 0x3384, 0x3385, 0x3386, 0x3387, 0x3388, 0x3389, 0x338A, 0x338B,
    0x338C, 0x338D, 0x338E, 0x338F, 0x3390, 0x3391, 0x3392, 0x3393, 0x3394, 0x3395,
    0x3396, 0x3397, 0x3398, 0x3399, 0x339A, 0x339B, 0x339C, 0x339D, 0x339E, 0x339F,
    0x33A0, 0x33A1, 0x33A2, 0x33A3, 0x33A4, 0x33A5, 0x33A6, 0x33A7, 0x33A8, 0x33A9,
    0x33AA, 0x33AB, 0x33AC, 0x33AD, 0x33AE, 0x33AF, 0x33B0, 0x33B1, 0x33B2, 0x33B3,
    0x33B4, 0x33B5, 0x33B6, 0x33B7, 0x33B8, 0x33B9, 0x33BA, 0x33BB, 0x33BC, 0x33BD,
    0x33BE, 0x33BF, 0x33C0, 0x33C1, 0x33C2, 0x33C3, 0x33C4, 0x33C5, 0x33C6, 0x33C7,
    0x33C8, 0x33C9, 0x33CA, 0x33CB, 0x33CC, 0x33CD, 0x33CE, 0x33CF, 0x33D0, 0x33D1,
    0x33D2, 0x33D3, 0x33D4, 0x33D5, 0x33D6, 0x33D7, 0x33D8, 0x33D9, 0x33DA, 0x33DB,
    0x33DC, 0x33DD, 0x33DE, 0x33DF, 0x33E0, 0x33E1, 0x33E2, 0x33E3, 0x33E4, 0x33E5,
    0x33E6, 0x33E7, 0x33E8, 0x33E9, 0x33EA, 0x33EB, 0x33EC, 0x33ED, 0x33EE, 0x33EF,
    0x33F0, 0x33F1, 0x33F2, 0x33F3, 0x33F4, 0x33F5, 0x33F6, 0x33F7, 0x33F8, 0x33F9,
    0x33FA, 0x33FB, 0x33FC, 0x33FD, 0x33FE, 0x33FF, 0xA69C, 0xA69D, 0xA770, 0xA7F2,
    0xA7F3, 0xA7F4, 0xA7F8, 0xA7F9, 0xAB5C, 0xAB5D, 0xAB5E, 0xAB5F, 0xAB69, 0xF900,
    0xF901, 0xF902, 0xF903, 0xF904, 0xF905, 0xF906, 0xF907, 0xF908, 0xF909, 0xF90A,
    0xF90B, 0xF90C, 0xF90D, 0xF90E, 0xF90F, 0xF910, 0xF911, 0xF912, 0xF913, 0xF914,
    0xF915, 0xF916, 0xF917, 0xF918, 0xF919, 0xF91A, 0xF91B, 0xF91C, 0xF91D, 0xF91E,
    0xF91F, 0xF920, 0xF921, 0xF922, 0xF923, 0xF924, 0xF925, 0xF926, 0xF927, 0xF928,
    0xF929, 0xF92A, 0xF92B, 0xF92C, 0xF92D, 0xF92E, 0xF92F, 0xF930, 0xF931, 0xF932,
    0xF933, 0xF934, 0xF935, 0xF936, 0xF937, 0xF938, 0xF939, 0xF93A, 0xF93B, 0xF93C,
    0xF93D, 0xF93E, 0xF93F, 0xF940, 0xF941, 0xF942, 0xF943, 0xF944, 0xF945, 0xF946,
    0xF947, 0xF948, 0xF949, 0xF94A, 0xF94B, 0xF94C, 0xF94D, 0xF94E, 0xF94F, 0xF950,
    0xF951, 0xF952, 0xF953, 0xF954, 0xF955, 0xF956, 0xF957, 0xF958, 0xF959, 0xF95A,
    0xF95B, 0xF95C, 0xF95D, 0xF95E, 0xF95F, 0xF960, 0xF961, 0xF962, 0xF963, 0xF964,
    0xF965, 0xF966, 0xF967, 0xF968, 0xF969, 0xF96A, 0xF96B, 0xF96C, 0xF96D, 0xF96E,
    0xF96F, 0xF970, 0xF971, 0xF972, 0xF973, 0xF974, 0xF975, 0xF976, 0xF977, 0xF978,
    0xF979, 0xF97A, 0xF97B, 0xF97C, 0xF97D, 0xF97E, 0xF97F, 0xF980, 0xF981, 0xF982,
    0xF983, 0xF984, 0xF985, 0xF986, 0xF987, 0xF988, 0xF989, 0xF98A, 0xF98B, 0xF98C,
    0xF98D, 0xF98E, 0xF98F, 0xF990, 0xF991, 0xF992, 0xF993, 0xF994, 0xF995, 0xF996,
    0xF997, 0xF998, 0xF999, 0xF99A, 0xF99B, 0xF99C, 0xF99D, 0xF99E, 0xF99F, 0xF9A0,
    0xF9A1, 0xF9A2, 0xF9A3, 0xF9A4, 0xF9A5, 0xF9A6, 0xF9A7, 0xF9A8, 0xF9A9, 0xF9AA,
    0xF9AB, 0xF9AC, 0xF9AD, 0xF9AE, 0xF9AF, 0xF9B0, 0xF9B1, 0xF9B2, 0xF9B3, 0xF9B4,
    0xF9B5, 0xF9B6, 0xF9B7, 0xF9B8, 0xF9B9, 0xF9BA, 0xF9BB, 0xF9BC, 0xF9BD, 0xF9BE,
    0xF9BF, 0xF9C0, 0xF9C1, 0xF9C2, 0xF9C3, 0xF9C4, 0xF9C5, 0xF9C6, 0xF9C7, 0xF9C8,
    0xF9C9, 0xF9CA, 0xF9CB, 0xF9CC, 0xF9CD, 0xF9CE, 0xF9CF, 0xF9D0, 0xF9D1, 0xF9D2,
    0xF9D3, 0xF9D4, 0xF9D5, 0xF9D6, 0xF9D7, 0xF9D8, 0xF9D9, 0xF9DA, 0xF9DB, 0xF9DC,
    0xF9DD, 0xF9DE, 0xF9DF, 0xF9E0, 0xF9E1, 0xF9E2, 0xF9E3, 0xF9E4, 0xF9E5, 0xF9E6,
    0xF9E7, 0xF9E8, 0xF9E9, 0xF9EA, 0xF9EB, 0xF9EC, 0xF9ED, 0xF9EE, 0xF9EF, 0xF9F0,
    0xF9F1, 0xF9F2, 0xF9F3, 0xF9F4, 0xF9F5, 0xF9F6, 0xF9F7, 0xF9F8, 0xF9F9, 0xF9FA,
    0xF9FB, 0xF9FC, 0xF9FD, 0xF9FE, 0xF9FF, 0xFA00, 0xFA01, 0xFA02, 0xFA03, 0xFA04,
    0xFA05, 0xFA06, 0xFA07, 0xFA08, 0xFA09, 0xFA0A, 0xFA0B, 0xFA0C, 0xFA0D, 0xFA10,
    0xFA12, 0xFA15, 0xFA16, 0xFA17, 0xFA18, 0xFA19, 0xFA1A, 0xFA1B, 0xFA1C, 0xFA1D,
    0xFA1E, 0xFA20, 0xFA22, 0xFA25, 0xFA26, 0xFA2A, 0xFA2B, 0xFA2C, 0xFA2D, 0xFA2E,
    0xFA2F, 0xFA30, 0xFA31, 0xFA32, 0xFA33, 0xFA34, 0xFA35, 0xFA36, 0xFA37, 0xFA38,
    0xFA39, 0xFA3A, 0xFA3B, 0xFA3C, 0xFA3D, 0xFA3E, 0xFA3F, 0xFA40, 0xFA41, 0xFA42,
    0xFA43, 0xFA44, 0xFA45, 0xFA46, 0xFA47, 0xFA48, 0xFA49, 0xFA4A, 0xFA4B, 0xFA4C,
    0xFA4D, 0xFA4E, 0xFA4F, 0xFA50, 0xFA51, 0xFA52, 0xFA53, 0xFA54, 0xFA55, 0xFA56,
    0xFA57, 0xFA58, 0xFA59, 0xFA5A, 0xFA5B, 0xFA5C, 0xFA5D, 0xFA5E, 0xFA5F, 0xFA60,
    0xFA61, 0xFA62, 0xFA63, 0xFA64, 0xFA65, 0xFA66, 0xFA67, 0xFA68, 0xFA69, 0xFA6A,
    0xFA6B, 0xFA6C, 0xFA6D, 0xFA70, 0xFA71, 0xFA72, 0xFA73, 0xFA74, 0xFA75, 0xFA76,
    0xFA77, 0xFA78, 0xFA79, 0xFA7A, 0xFA7B, 0xFA7C, 0xFA7D, 0xFA7E, 0xFA7F, 0xFA80,
    0xFA81, 0xFA82, 0xFA83, 0xFA84, 0xFA85, 0xFA86, 0xFA87, 0xFA88, 0xFA89, 0xFA8A,
    0xFA8B, 0xFA8C, 0xFA8D, 0xFA8E, 0xFA8F, 0xFA90, 0xFA91, 0xFA92, 0xFA93, 0xFA94,
    0xFA95, 0xFA96, 0xFA97, 0xFA98, 0xFA99, 0xFA9A, 0xFA9B, 0xFA9C, 0xFA9D, 0xFA9E,
    0xFA9F, 0xFAA0, 0xFAA1, 0xFAA2, 0xFAA3, 0xFAA4, 0xFAA5, 0xFAA6, 0xFAA7, 0xFAA8,
    0xFAA9, 0xFAAA, 0xFAAB, 0xFAAC, 0xFAAD, 0xFAAE, 0xFAAF, 0xFAB0, 0xFAB1, 0xFAB2,
    0xFAB3, 0xFAB4, 0xFAB5, 0xFAB6, 0xFAB7, 0xFAB8, 0xFAB9, 0xFABA, 0xFABB, 0xFABC,
    0xFABD, 0xFABE, 0xFABF, 0xFAC0, 0xFAC1, 0xFAC2, 0xFAC3, 0xFAC4, 0xFAC5, 0xFAC6,
    0xFAC7, 0xFAC8, 0xFAC9, 0xFACA, 0xFACB, 0xFACC, 0xFACD, 0xFACE, 0xFACF, 0xFAD0,
    0xFAD1, 0xFAD2, 0xFAD3, 0xFAD4, 0xFAD5, 0xFAD6, 0xFAD7, 0xFAD8, 0xFAD9, 0xFB00,
    0xFB01, 0xFB02, 0xFB03, 0xFB04, 0xFB05, 0xFB06, 0xFB13, 0xFB14, 0xFB15, 0xFB16,
    0xFB17, 0xFB1D, 0xFB1F, 0xFB20, 0xFB21, 0xFB22, 0xFB23, 0xFB24, 0xFB25, 0xFB26,
    0xFB27, 0xFB28, 0xFB29, 0xFB2A, 0xFB2B, 0xFB2C, 0xFB2D, 0xFB2E, 0xFB2F, 0xFB30,
    0xFB31, 0xFB32, 0xFB33, 0xFB34, 0xFB35, 0xFB36, 0xFB38, 0xFB39, 0xFB3A, 0xFB3B,
    0xFB3C, 0xFB3E, 0xFB40, 0xFB41, 0xFB43, 0xFB44, 0xFB46, 0xFB47, 0xFB48, 0xFB49,
    0xFB4A, 0xFB4B, 0xFB4C, 0xFB4D, 0xFB4E, 0xFB4F, 0xFB50, 0xFB51, 0xFB52, 0xFB53,
    0xFB54, 0xFB55, 0xFB56, 0xFB57, 0xFB58, 0xFB59, 0xFB5A, 0xFB5B, 0xFB5C, 0xFB5D,
    0xFB5E, 0xFB5F, 0xFB60, 0xFB61, 0xFB62, 0xFB63, 0xFB64, 0xFB65, 0xFB66, 0xFB67,
    0xFB68, 0xFB69, 0xFB6A, 0xFB6B, 0xFB6C, 0xFB6D, 0xFB6E, 0xFB6F, 0xFB70, 0xFB71,
    0xFB72, 0xFB73, 0xFB74, 0xFB75, 0xFB76, 0xFB77, 0xFB78, 0xFB79, 0xFB7A, 0xFB7B,
    0xFB7C, 0xFB7D, 0xFB7E, 0xFB7F, 0xFB80, 0xFB81, 0xFB82, 0xFB83, 0xFB84, 0xFB85,
    0xFB86, 0xFB87, 0xFB88, 0xFB89, 0xFB8A, 0xFB8B, 0xFB8C, 0xFB8D, 0xFB8E, 0xFB8F,
    0xFB90, 0xFB91, 0xFB92, 0xFB93, 0xFB94, 0xFB95, 0xFB96, 0xFB97, 0xFB98, 0xFB99,
    0xFB9A, 0xFB9B, 0xFB9C, 0xFB9D, 0xFB9E, 0xFB9F, 0xFBA0, 0xFBA1, 0xFBA2, 0xFBA3,
    0xFBA4, 0xFBA5, 0xFBA6, 0xFBA7, 0xFBA8, 0xFBA9, 0xFBAA, 0xFBAB, 0xFBAC, 0xFBAD,
    0xFBAE, 0xFBAF, 0xFBB0, 0xFBB1, 0xFBD3, 0xFBD4, 0xFBD5, 0xFBD6, 0xFBD7, 0xFBD8,
    0xFBD9, 0xFBDA, 0xFBDB, 0xFBDC, 0xFBDD, 0xFBDE, 0xFBDF, 0xFBE0, 0xFBE1, 0xFBE2,
    0xFBE3, 0xFBE4, 0xFBE5, 0xFBE6, 0xFBE7, 0xFBE8, 0xFBE9, 0xFBEA, 0xFBEB, 0xFBEC,
    0xFBED, 0xFBEE, 0xFBEF, 0xFBF0, 0xFBF1, 0xFBF2, 0xFBF3, 0xFBF4, 0xFBF5, 0xFBF6,
    0xFBF7, 0xFBF8, 0xFBF9, 0xFBFA, 0xFBFB, 0xFBFC, 0xFBFD, 0xFBFE, 0xFBFF, 0xFC00,
    0xFC01, 0xFC02, 0xFC03, 0xFC04, 0xFC05, 0xFC06, 0xFC07, 0xFC08, 0xFC09, 0xFC0A,
    0xFC0B, 0xFC0C, 0xFC0D, 0xFC0E, 0xFC0F, 0xFC10, 0xFC11, 0xFC12, 0xFC13, 0xFC14,
    0xFC15, 0xFC16, 0xFC17, 0xFC18, 0xFC19, 0xFC1A, 0xFC1B, 0xFC1C, 0xFC1D, 0xFC1E,
    0xFC1F, 0xFC20, 0xFC21, 0xFC22, 0xFC23, 0xFC24, 0xFC25, 0xFC26, 0xFC27, 0xFC28,
    0xFC29, 0xFC2A, 0xFC2B, 0xFC2C, 0xFC2D, 0xFC2E, 0xFC2F, 0xFC30, 0xFC31, 0xFC32,
    0xFC33, 0xFC34, 0xFC35, 0xFC36, 0xFC37, 0xFC38, 0xFC39, 0xFC3A, 0xFC3B, 0xFC3C,
    0xFC3D, 0xFC3E, 0xFC3F, 0xFC40, 0xFC41, 0xFC42, 0xFC43, 0xFC44, 0xFC45, 0xFC46,
    0xFC47, 0xFC48, 0xFC49, 0xFC4A, 0xFC4B, 0xFC4C, 0xFC4D, 0xFC4E, 0xFC4F, 0xFC50,
    0xFC51, 0xFC52, 0xFC53, 0xFC54, 0xFC55, 0xFC56, 0xFC57, 0xFC58, 0xFC59, 0xFC5A,
    0xFC5B, 0xFC5C, 0xFC5D, 0xFC5E, 0xFC5F, 0xFC60, 0xFC61, 0xFC62, 0xFC63, 0xFC64,
    0xFC65, 0xFC66, 0xFC67, 0xFC68, 0xFC69, 0xFC6A, 0xFC6B, 0xFC6C, 0xFC6D, 0xFC6E,
    0xFC6F, 0xFC70, 0xFC71, 0xFC72, 0xFC73, 0xFC74, 0xFC75, 0xFC76, 0xFC77, 0xFC78,
    0xFC79, 0xFC7A, 0xFC7B, 0xFC7C, 0xFC7D, 0xFC7E, 0xFC7F, 0xFC80, 0xFC81, 0xFC82,
    0xFC83, 0xFC84, 0xFC85, 0xFC86, 0xFC87, 0xFC88, 0xFC89, 0xFC8A, 0xFC8B, 0xFC8C,
    0xFC8D, 0xFC8E, 0xFC8F, 0xFC90, 0xFC91, 0xFC92, 0xFC93, 0xFC94, 0xFC95, 0xFC96,
    0xFC97, 0xFC98, 0xFC99, 0xFC9A, 0xFC9B, 0xFC9C, 0xFC9D, 0xFC9E, 0xFC9F, 0xFCA0,
    0xFCA1, 0xFCA2, 0xFCA3, 0xFCA4, 0xFCA5, 0xFCA6, 0xFCA7, 0xFCA8, 0xFCA9, 0xFCAA,
    0xFCAB, 0xFCAC, 0xFCAD, 0xFCAE, 0xFCAF, 0xFCB0, 0xFCB1, 0xFCB2, 0xFCB3, 0xFCB4,
    0xFCB5, 0xFCB6, 0xFCB7, 0xFCB8, 0xFCB9, 0xFCBA, 0xFCBB, 0xFCBC, 0xFCBD, 0xFCBE,
    0xFCBF, 0xFCC0, 0xFCC1, 0xFCC2, 0xFCC3, 0xFCC4, 0xFCC5, 0xFCC6, 0xFCC7, 0xFCC8,
    0xFCC9, 0xFCCA, 0xFCCB, 0xFCCC, 0xFCCD, 0xFCCE, 0xFCCF, 0xFCD0, 0xFCD1, 0xFCD2,
    0xFCD3, 0xFCD4, 0xFCD5, 0xFCD6, 0xFCD7, 0xFCD8, 0xFCD9, 0xFCDA, 0xFCDB, 0xFCDC,
    0xFCDD, 0xFCDE, 0xFCDF, 0xFCE0, 0xFCE1, 0xFCE2, 0xFCE3, 0xFCE4, 0xFCE5, 0xFCE6,
    0xFCE7, 0xFCE8, 0xFCE9, 0xFCEA, 0xFCEB, 0xFCEC, 0xFCED, 0xFCEE, 0xFCEF, 0xFCF0,
    0xFCF1, 0xFCF2, 0xFCF3, 0xFCF4, 0xFCF5, 0xFCF6, 0xFCF7, 0xFCF8, 0xFCF9, 0xFCFA,
    0xFCFB, 0xFCFC, 0xFCFD, 0xFCFE, 0xFCFF, 0xFD00, 0xFD01, 0xFD02, 0xFD03, 0xFD04,
    0xFD05, 0xFD06, 0xFD07, 0xFD08, 0xFD09, 0xFD0A, 0xFD0B, 0xFD0C, 0xFD0D, 0xFD0E,
    0xFD0F, 0xFD10, 0xFD11, 0xFD12, 0xFD13, 0xFD14, 0xFD15, 0xFD16, 0xFD17, 0xFD18,
    0xFD19, 0xFD1A, 0xFD1B, 0xFD1C, 0xFD1D, 0xFD1E, 0xFD1F, 0xFD20, 0xFD21, 0xFD22,
    0xFD23, 0xFD24, 0xFD25, 0xFD26, 0xFD27, 0xFD28, 0xFD29, 0xFD2A, 0xFD2B, 0xFD2C,
    0xFD2D, 0xFD2E, 0xFD2F, 0xFD30, 0xFD31, 0xFD32, 0xFD33, 0xFD34, 0xFD35, 0xFD36,
    0xFD37, 0xFD38, 0xFD39, 0xFD3A, 0xFD3B, 0xFD3C, 0xFD3D, 0xFD50, 0xFD51, 0xFD52,
    0xFD53, 0xFD54, 0xFD55, 0xFD56, 0xFD57, 0xFD58, 0xFD59, 0xFD5A, 0xFD5B, 0xFD5C,
    0xFD5D, 0xFD5E, 0xFD5F, 0xFD60, 0xFD61, 0xFD62, 0xFD63, 0xFD64, 0xFD65, 0xFD66,
    0xFD67, 0xFD68, 0xFD69, 0xFD6A, 0xFD6B, 0xFD6C, 0xFD6D, 0xFD6E, 0xFD6F, 0xFD70,
    0xFD71, 0xFD72, 0xFD73, 0xFD74, 0xFD75, 0xFD76, 0xFD77, 0xFD78, 0xFD79, 0xFD7A,
    0xFD7B, 0xFD7C, 0xFD7D, 0xFD7E, 0xFD7F, 0xFD80, 0xFD81, 0xFD82, 0xFD83, 0xFD84,
    0xFD85, 0xFD86, 0xFD87, 0xFD88, 0xFD89, 0xFD8A, 0xFD8B, 0xFD8C, 0xFD8D, 0xFD8E,
    0xFD8F, 0xFD92, 0xFD93, 0xFD94, 0xFD95, 0xFD96, 0xFD97, 0xFD98, 0xFD99, 0xFD9A,
    0xFD9B, 0xFD9C, 0xFD9D, 0xFD9E, 0xFD9F, 0xFDA0, 0xFDA1, 0xFDA2, 0xFDA3, 0xFDA4,
    0xFDA5, 0xFDA6, 0xFDA7, 0xFDA8, 0xFDA9, 0xFDAA, 0xFDAB, 0xFDAC, 0xFDAD, 0xFDAE,
    0xFDAF, 0xFDB0, 0xFDB1, 0xFDB2, 0xFDB3, 0xFDB4, 0xFDB5, 0xFDB6, 0xFDB7, 0xFDB8,
    0xFDB9, 0xFDBA, 0xFDBB, 0xFDBC, 0xFDBD, 0xFDBE, 0xFDBF, 0xFDC0, 0xFDC1, 0xFDC2,
    0xFDC3, 0xFDC4, 0xFDC5, 0xFDC6, 0xFDC7, 0xFDF0, 0xFDF1, 0xFDF2, 0xFDF3, 0xFDF4,
    0xFDF5, 0xFDF6, 0xFDF7, 0xFDF8, 0xFDF9, 0xFDFA, 0xFDFB, 0xFDFC, 0xFE10, 0xFE11,
    0xFE12, 0xFE13, 0xFE14, 0xFE15, 0xFE16, 0xFE17, 0xFE18, 0xFE19, 0xFE30, 0xFE31,
    0xFE32, 0xFE33, 0xFE34, 0xFE35, 0xFE36, 0xFE37, 0xFE38, 0xFE39, 0xFE3A, 0xFE3B,
    0xFE3C, 0xFE3D, 0xFE3E, 0xFE3F, 0xFE40, 0xFE41, 0xFE42, 0xFE43, 0xFE44, 0xFE47,
    0xFE48, 0xFE49, 0xFE4A, 0xFE4B, 0xFE4C, 0xFE4D, 0xFE4E, 0xFE4F, 0xFE50, 0xFE51,
    0xFE52, 0xFE54, 0xFE55, 0xFE56, 0xFE57, 0xFE58, 0xFE59, 0xFE5A, 0xFE5B, 0xFE5C,
    0xFE5D, 0xFE5E, 0xFE5F, 0xFE60, 0xFE61, 0xFE62, 0xFE63, 0xFE64, 0xFE65, 0xFE66,
    0xFE68, 0xFE69, 0xFE6A, 0xFE6B, 0xFE70, 0xFE71, 0xFE72, 0xFE74, 0xFE76, 0xFE77,
    0xFE78, 0xFE79, 0xFE7A, 0xFE7B, 0xFE7C, 0xFE7D, 0xFE7E, 0xFE7F, 0xFE80, 0xFE81,
    0xFE82, 0xFE83, 0xFE84, 0xFE85, 0xFE86, 0xFE87, 0xFE88, 0xFE89, 0xFE8A, 0xFE8B,
    0xFE8C, 0xFE8D, 0xFE8E, 0xFE8F, 0xFE90, 0xFE91, 0xFE92, 0xFE93, 0xFE94, 0xFE95,
    0xFE96, 0xFE97, 0xFE98, 0xFE99, 0xFE9A, 0xFE9B, 0xFE9C, 0xFE9D, 0xFE9E, 0xFE9F,
    0xFEA0, 0xFEA1, 0xFEA2, 0xFEA3, 0xFEA4, 0xFEA5, 0xFEA6, 0xFEA7, 0xFEA8, 0xFEA9,
    0xFEAA, 0xFEAB, 0xFEAC, 0xFEAD, 0xFEAE, 0xFEAF, 0xFEB0, 0xFEB1, 0xFEB2, 0xFEB3,
    0xFEB4, 0xFEB5, 0xFEB6, 0xFEB7, 0xFEB8, 0xFEB9, 0xFEBA, 0xFEBB, 0xFEBC, 0xFEBD,
    0xFEBE, 0xFEBF, 0xFEC0, 0xFEC1, 0xFEC2, 0xFEC3, 0xFEC4, 0xFEC5, 0xFEC6, 0xFEC7,
    0xFEC8, 0xFEC9, 0xFECA, 0xFECB, 0xFECC, 0xFECD, 0xFECE, 0xFECF, 0xFED0, 0xFED1,
    0xFED2, 0xFED3, 0xFED4, 0xFED5, 0xFED6, 0xFED7, 0xFED8, 0xFED9, 0xFEDA, 0xFEDB,
    0xFEDC, 0xFEDD, 0xFEDE, 0xFEDF, 0xFEE0, 0xFEE1, 0xFEE2, 0xFEE3, 0xFEE4, 0xFEE5,
    0xFEE6, 0xFEE7, 0xFEE8, 0xFEE9, 0xFEEA, 0xFEEB, 0xFEEC, 0xFEED, 0xFEEE, 0xFEEF,
    0xFEF0, 0xFEF1, 0xFEF2, 0xFEF3, 0xFEF4, 0xFEF5, 0xFEF6, 0xFEF7, 0xFEF8, 0xFEF9,
    0xFEFA, 0xFEFB, 0xFEFC, 0xFF01, 0xFF02, 0xFF03, 0xFF04, 0xFF05, 0xFF06, 0xFF07,
    0xFF08, 0xFF09, 0xFF0A, 0xFF0B, 0xFF0C, 0xFF0D, 0xFF0E, 0xFF0F, 0xFF10, 0xFF11,
    0xFF12, 0xFF13, 0xFF14, 0xFF15, 0xFF16, 0xFF17, 0xFF18, 0xFF19, 0xFF1A, 0xFF1B,
    0xFF1C, 0xFF1D, 0xFF1E, 0xFF1F, 0xFF20, 0xFF21, 0xFF22, 0xFF23, 0xFF24, 0xFF25,
    0xFF26, 0xFF27, 0xFF28, 0xFF29, 0xFF2A, 0xFF2B, 0xFF2C, 0xFF2D, 0xFF2E, 0xFF2F,
    0xFF30, 0xFF31, 0xFF32, 0xFF33, 0xFF34, 0xFF35, 0xFF36, 0xFF37, 0xFF38, 0xFF39,
    0xFF3A, 0xFF3B, 0xFF3C, 0xFF3D, 0xFF3E, 0xFF3F, 0xFF40, 0xFF41, 0xFF42, 0xFF43,
    0xFF44, 0xFF45, 0xFF46, 0xFF47, 0xFF48, 0xFF49, 0xFF4A, 0xFF4B, 0xFF4C, 0xFF4D,
    0xFF4E, 0xFF4F, 0xFF50, 0xFF51, 0xFF52, 0xFF53, 0xFF54, 0xFF55, 0xFF56, 0xFF57,
    0xFF58, 0xFF59, 0xFF5A, 0xFF5B, 0xFF5C, 0xFF5D, 0xFF5E, 0xFF5F, 0xFF60, 0xFF61,
    0xFF62, 0xFF63, 0xFF64, 0xFF65, 0xFF66, 0xFF67, 0xFF68, 0xFF69, 0xFF6A, 0xFF6B,
    0xFF6C, 0xFF6D, 0xFF6E, 0xFF6F, 0xFF70, 0xFF71, 0xFF72, 0xFF73, 0xFF74, 0xFF75,
    0xFF76, 0xFF77, 0xFF78, 0xFF79, 0xFF7A, 0xFF7B, 0xFF7C, 0xFF7D, 0xFF7E, 0xFF7F,
    0xFF80, 0xFF81, 0xFF82, 0xFF83, 0xFF84, 0xFF85, 0xFF86, 0xFF87, 0xFF88, 0xFF89,
    0xFF8A, 0xFF8B, 0xFF8C, 0xFF8D, 0xFF8E, 0xFF8F, 0xFF90, 0xFF91, 0xFF92, 0xFF93,
    0xFF94, 0xFF95, 0xFF96, 0xFF97, 0xFF98, 0xFF99, 0xFF9A, 0xFF9B, 0xFF9C, 0xFF9D,
    0xFF9E, 0xFF9F, 0xFFA0, 0xFFA1, 0xFFA2, 0xFFA3, 0xFFA4, 0xFFA5, 0xFFA6, 0xFFA7,
    0xFFA8, 0xFFA9, 0xFFAA, 0xFFAB, 0xFFAC, 0xFFAD, 0xFFAE, 0xFFAF, 0xFFB0, 0xFFB1,
    0xFFB2, 0xFFB3, 0xFFB4, 0xFFB5, 0xFFB6, 0xFFB7, 0xFFB8, 0xFFB9, 0xFFBA, 0xFFBB,
    0xFFBC, 0xFFBD, 0xFFBE, 0xFFC2, 0xFFC3, 0xFFC4, 0xFFC5, 0xFFC6, 0xFFC7, 0xFFCA,
    0xFFCB, 0xFFCC, 0xFFCD, 0xFFCE, 0xFFCF, 0xFFD2, 0xFFD3, 0xFFD4, 0xFFD5, 0xFFD6,
    0xFFD7, 0xFFDA, 0xFFDB, 0xFFDC, 0xFFE0, 0xFFE1, 0xFFE2, 0xFFE3, 0xFFE4, 0xFFE5,
    0xFFE6, 0xFFE8, 0xFFE9, 0xFFEA, 0xFFEB, 0xFFEC, 0xFFED, 0xFFEE, 0x105C9, 0x105E4,
    0x10781, 0x10782, 0x10783, 0x10784, 0x10785, 0x10787, 0x10788, 0x10789, 0x1078A, 0x1078B,
    0x1078C, 0x1078D, 0x1078E, 0x1078F, 0x10790, 0x10791, 0x10792, 0x10793, 0x10794, 0x10795,
    0x10796, 0x10797, 0x10798, 0x10799, 0x1079A, 0x1079B, 0x1079C, 0x1079D, 0x1079E, 0x1079F,
    0x107A0, 0x107A1, 0x107A2, 0x107A3, 0x107A4, 0x107A5, 0x107A6, 0x107A7, 0x107A8, 0x107A9,
    0x107AA, 0x107AB, 0x107AC, 0x107AD, 0x107AE, 0x107AF, 0x107B0, 0x107B2, 0x107B3, 0x107B4,
    0x107B5, 0x107B6, 0x107B7, 0x107B8, 0x107B9, 0x107BA, 0x1109A, 0x1109C, 0x110AB, 0x1112E,
    0x1112F, 0x1134B, 0x1134C, 0x11383, 0x11385, 0x1138E, 0x11391, 0x113C5, 0x113C7, 0x113C8,
    0x114BB, 0x114BC, 0x114BE, 0x115BA, 0x115BB, 0x11938, 0x16121, 0x16122, 0x16123, 0x16124,
    0x16125, 0x16126, 0x16127, 0x16128, 0x16D68, 0x16D69, 0x16D6A, 0x1CCD6, 0x1CCD7, 0x1CCD8,
    0x1CCD9, 0x1CCDA, 0x1CCDB, 0x1CCDC, 0x1CCDD, 0x1CCDE, 0x1CCDF, 0x1CCE0, 0x1CCE1, 0x1CCE2,
    0x1CCE3, 0x1CCE4, 0x1CCE5, 0x1CCE6, 0x1CCE7, 0x1CCE8, 0x1CCE9, 0x1CCEA, 0x1CCEB, 0x1CCEC,
    0x1CCED, 0x1CCEE, 0x1CCEF, 0x1CCF0, 0x1CCF1, 0x1CCF2, 0x1CCF3, 0x1CCF4, 0x1CCF5, 0x1CCF6,
    0x1CCF7, 0x1CCF8, 0x1CCF9, 0x1D15E, 0x1D15F, 0x1D160, 0x1D161, 0x1D162, 0x1D163, 0x1D164,
    0x1D1BB, 0x1D1BC, 0x1D1BD, 0x1D1BE, 0x1D1BF, 0x1D1C0, 0x1D400, 0x1D401, 0x1D402, 0x1D403,
    0x1D404, 0x1D405, 0x1D406, 0x1D407, 0x1D408, 0x1D409, 0x1D40A, 0x1D40B, 0x1D40C, 0x1D40D,
    0x1D40E, 0x1D40F, 0x1D410, 0x1D411, 0x1D412, 0x1D413, 0x1D414, 0x1D415, 0x1D416, 0x1D417,
    0x1D418, 0x1D419, 0x1D41A, 0x1D41B, 0x1D41C, 0x1D41D, 0x1D41E, 0x1D41F, 0x1D420, 0x1D421,
    0x1D422, 0x1D423, 0x1D424, 0x1D425, 0x1D426, 0x1D427, 0x1D428, 0x1D429, 0x1D42A, 0x1D42B,
    0x1D42C, 0x1D42D, 0x1D42E, 0x1D42F, 0x1D430, 0x1D431, 0x1D432, 0x1D433, 0x1D434, 0x1D435,
    0x1D436, 0x1D437, 0x1D438, 0x1D439, 0x1D43A, 0x1D43B, 0x1D43C, 0x1D43D, 0x1D43E, 0x1D43F,
    0x1D440, 0x1D441, 0x1D442, 0x1D443, 0x1D444, 0x1D445, 0x1D446, 0x1D447, 0x1D448, 0x1D449,
    0x1D44A, 0x1D44B, 0x1D44C, 0x1D44D, 0x1D44E, 0x1D44F, 0x1D450, 0x1D451, 0x1D452, 0x1D453,
    0x1D454, 0x1D456, 0x1D457, 0x1D458, 0x1D459, 0x1D45A, 0x1D45B, 0x1D45C, 0x1D45D, 0x1D45E,
    0x1D45F, 0x1D460, 0x1D461, 0x1D462, 0x1D463, 0x1D464, 0x1D465, 0x1D466, 0x1D467, 0x1D468,
    0x1D469, 0x1D46A, 0x1D46B, 0x1D46C, 0x1D46D, 0x1D46E, 0x1D46F, 0x1D470, 0x1D471, 0x1D472,
    0x1D473, 0x1D474, 0x1D475, 0x1D476, 0x1D477, 0x1D478, 0x1D479, 0x1D47A, 0x1D47B, 0x1D47C,
    0x1D47D, 0x1D47E, 0x1D47F, 0x1D480, 0x1D481, 0x1D482, 0x1D483, 0x1D484, 0x1D485, 0x1D486,
    0x1D487, 0x1D488, 0x1D489, 0x1D48A, 0x1D48B, 0x1D48C, 0x1D48D, 0x1D48E, 0x1D48F, 0x1D490,
    0x1D491, 0x1D492, 0x1D493, 0x1D494, 0x1D495, 0x1D496, 0x1D497, 0x1D498, 0x1D499, 0x1D49A,
    0x1D49B, 0x1D49C, 0x1D49E, 0x1D49F, 0x1D4A2, 0x1D4A5, 0x1D4A6, 0x1D4A9, 0x1D4AA, 0x1D4AB,
    0x1D4AC, 0x1D4AE, 0x1D4AF, 0x1D4B0, 0x1D4B1, 0x1D4B2, 0x1D4B3, 0x1D4B4, 0x1D4B5, 0x1D4B6,
    0x1D4B7, 0x1D4B8, 0x1D4B9, 0x1D4BB, 0x1D4BD, 0x1D4BE, 0x1D4BF, 0x1D4C0, 0x1D4C1, 0x1D4C2,
    0x1D4C3, 0x1D4C5, 0x1D4C6, 0x1D4C7, 0x1D4C8, 0x1D4C9, 0x1D4CA, 0x1D4CB, 0x1D4CC, 0x1D4CD,
    0x1D4CE, 0x1D4CF, 0x1D4D0, 0x1D4D1, 0x1D4D2, 0x1D4D3, 0x1D4D4, 0x1D4D5, 0x1D4D6, 0x1D4D7,
    0x1D4D8, 0x1D4D9, 0x1D4DA, 0x1D4DB, 0x1D4DC, 0x1D4DD, 0x1D4DE, 0x1D4DF, 0x1D4E0, 0x1D4E1,
    0x1D4E2, 0x1D4E3, 0x1D4E4, 0x1D4E5, 0x1D4E6, 0x1D4E7, 0x1D4E8, 0x1D4E9, 0x1D4EA, 0x1D4EB,
    0x1D4EC, 0x1D4ED, 0x1D4EE, 0x1D4EF, 0x1D4F0, 0x1D4F1, 0x1D4F2, 0x1D4F3, 0x1D4F4, 0x1D4F5,
    0x1D4F6, 0x1D4F7, 0x1D4F8, 0x1D4F9, 0x1D4FA, 0x1D4FB, 0x1D4FC, 0x1D4FD, 0x1D4FE, 0x1D4FF,
    0x1D500, 0x1D501, 0x1D502, 0x1D503, 0x1D504, 0x1D505, 0x1D507, 0x1D508, 0x1D509, 0x1D50A,
    0x1D50D, 0x1D50E, 0x1D50F, 0x1D510, 0x1D511, 0x1D512, 0x1D513, 0x1D514, 0x1D516, 0x1D517,
    0x1D518, 0x1D519, 0x1D51A, 0x1D51B, 0x1D51C, 0x1D51E, 0x1D51F, 0x1D520, 0x1D521, 0x1D522,
    0x1D523, 0x1D524, 0x1D525, 0x1D526, 0x1D527, 0x1D528, 0x1D529, 0x1D52A, 0x1D52B, 0x1D52C,
    0x1D52D, 0x1D52E, 0x1D52F, 0x1D530, 0x1D531, 0x1D532, 0x1D533, 0x1D534, 0x1D535, 0x1D536,
    0x1D537, 0x1D538, 0x1D539, 0x1D53B, 0x1D53C, 0x1D53D, 0x1D53E, 0x1D540, 0x1D541, 0x1D542,
    0x1D543, 0x1D544, 0x1D546, 0x1D54A, 0x1D54B, 0x1D54C, 0x1D54D, 0x1D54E, 0x1D54F, 0x1D550,
    0x1D552, 0x1D553, 0x1D554, 0x1D555, 0x1D556, 0x1D557, 0x1D558, 0x1D559, 0x1D55A, 0x1D55B,
    0x1D55C, 0x1D55D, 0x1D55E, 0x1D55F, 0x1D560, 0x1D561, 0x1D562, 0x1D563, 0x1D564, 0x1D565,
    0x1D566, 0x1D567, 0x1D568, 0x1D569, 0x1D56A, 0x1D56B, 0x1D56C, 0x1D56D, 0x1D56E, 0x1D56F,
    0x1D570, 0x1D571, 0x1D572, 0x1D573, 0x1D574, 0x1D575, 0x1D576, 0x1D577, 0x1D578, 0x1D579,
    0x1D57A, 0x1D57B, 0x1D57C, 0x1D57D, 0x1D57E, 0x1D57F, 0x1D580, 0x1D581, 0x1D582, 0x1D583,
    0x1D584, 0x1D585, 0x1D586, 0x1D587, 0x1D588, 0x1D589, 0x1D58A, 0x1D58B, 0x1D58C, 0x1D58D,
    0x1D58E, 0x1D58F, 0x1D590, 0x1D591, 0x1D592, 0x1D593, 0x1D594, 0x1D595, 0x1D596, 0x1D597,
    0x1D598, 0x1D599, 0x1D59A, 0x1D59B, 0x1D59C, 0x1D59D, 0x1D59E, 0x1D59F, 0x1D5A0, 0x1D5A1,
    0x1D5A2, 0x1D5A3, 0x1D5A4, 0x1D5A5, 0x1D5A6, 0x1D5A7, 0x1D5A8, 0x1D5A9, 0x1D5AA, 0x1D5AB,
    0x1D5AC, 0x1D5AD, 0x1D5AE, 0x1D5AF, 0x1D5B0, 0x1D5B1, 0x1D5B2, 0x1D5B3, 0x1D5B4, 0x1D5B5,
    0x1D5B6, 0x1D5B7, 0x1D5B8, 0x1D5B9, 0x1D5BA, 0x1D5BB, 0x1D5BC, 0x1D5BD, 0x1D5BE, 0x1D5BF,
    0x1D5C0, 0x1D5C1, 0x1D5C2, 0x1D5C3, 0x1D5C4, 0x1D5C5, 0x1D5C6, 0x1D5C7, 0x1D5C8, 0x1D5C9,
    0x1D5CA, 0x1D5CB, 0x1D5CC, 0x1D5CD, 0x1D5CE, 0x1D5CF, 0x1D5D0, 0x1D5D1, 0x1D5D2, 0x1D5D3,
    0x1D5D4, 0x1D5D5, 0x1D5D6, 0x1D5D7, 0x1D5D8, 0x1D5D9, 0x1D5DA, 0x1D5DB, 0x1D5DC, 0x1D5DD,
    0x1D5DE, 0x1D5DF, 0x1D5E0, 0x1D5E1, 0x1D5E2, 0x1D5E3, 0x1D5E4, 0x1D5E5, 0x1D5E6, 0x1D5E7,
    0x1D5E8, 0x1D5E9, 0x1D5EA, 0x1D5EB, 0x1D5EC, 0x1D5ED, 0x1D5EE, 0x1D5EF, 0x1D5F0, 0x1D5F1,
    0x1D5F2, 0x1D5F3, 0x1D5F4, 0x1D5F5, 0x1D5F6, 0x1D5F7, 0x1D5F8, 0x1D5F9, 0x1D5FA, 0x1D5FB,
    0x1D5FC, 0x1D5FD, 0x1D5FE, 0x1D5FF, 0x1D600, 0x1D601, 0x1D602, 0x1D603, 0x1D604, 0x1D605,
    0x1D606, 0x1D607, 0x1D608, 0x1D609, 0x1D60A, 0x1D60B, 0x1D60C, 0x1D60D, 0x1D60E, 0x1D60F,
    0x1D610, 0x1D611, 0x1D612, 0x1D613, 0x1D614, 0x1D615, 0x1D616, 0x1D617, 0x1D618, 0x1D619,
    0x1D61A, 0x1D61B, 0x1D61C, 0x1D61D, 0x1D61E, 0x1D61F, 0x1D620, 0x1D621, 0x1D622, 0x1D623,
    0x1D624, 0x1D625, 0x1D626, 0x1D627, 0x1D628, 0x1D629, 0x1D62A, 0x1D62B, 0x1D62C, 0x1D62D,
    0x1D62E, 0x1D62F, 0x1D630, 0x1D631, 0x1D632, 0x1D633, 0x1D634, 0x1D635, 0x1D636, 0x1D637,
    0x1D638, 0x1D639, 0x1D63A, 0x1D63B, 0x1D63C, 0x1D63D, 0x1D63E, 0x1D63F, 0x1D640, 0x1D641,
    0x1D642, 0x1D643, 0x1D644, 0x1D645, 0x1D646, 0x1D647, 0x1D648, 0x1D649, 0x1D64A, 0x1D64B,
    0x1D64C, 0x1D64D, 0x1D64E, 0x1D64F, 0x1D650, 0x1D651, 0x1D652, 0x1D653, 0x1D654, 0x1D655,
    0x1D656, 0x1D657, 0x1D658, 0x1D659, 0x1D65A, 0x1D65B, 0x1D65C, 0x1D65D, 0x1D65E, 0x1D65F,
    0x1D660, 0x1D661, 0x1D662, 0x1D663, 0x1D664, 0x1D665, 0x1D666, 0x1D667, 0x1D668, 0x1D669,
    0x1D66A, 0x1D66B, 0x1D66C, 0x1D66D, 0x1D66E, 0x1D66F, 0x1D670, 0x1D671, 0x1D672, 0x1D673,
    0x1D674, 0x1D675, 0x1D676, 0x1D677, 0x1D678, 0x1D679, 0x1D67A, 0x1D67B, 0x1D67C, 0x1D67D,
    0x1D67E, 0x1D67F, 0x1D680, 0x1D681, 0x1D682, 0x1D683, 0x1D684, 0x1D685, 0x1D686, 0x1D687,
    0x1D688, 0x1D689, 0x1D68A, 0x1D68B, 0x1D68C, 0x1D68D, 0x1D68E, 0x1D68F, 0x1D690, 0x1D691,
    0x1D692, 0x1D693, 0x1D694, 0x1D695, 0x1D696, 0x1D697, 0x1D698, 0x1D699, 0x1D69A, 0x1D69B,
    0x1D69C, 0x1D69D, 0x1D69E, 0x1D69F, 0x1D6A0, 0x1D6A1, 0x1D6A2, 0x1D6A3, 0x1D6A4, 0x1D6A5,
    0x1D6A8, 0x1D6A9, 0x1D6AA, 0x1D6AB, 0x1D6AC, 0x1D6AD, 0x1D6AE, 0x1D6AF, 0x1D6B0, 0x1D6B1,
    0x1D6B2, 0x1D6B3, 0x1D6B4, 0x1D6B5, 0x1D6B6, 0x1D6B7, 0x1D6B8, 0x1D6B9, 0x1D6BA, 0x1D6BB,
    0x1D6BC, 0x1D6BD, 0x1D6BE, 0x1D6BF, 0x1D6C0, 0x1D6C1, 0x1D6C2, 0x1D6C3, 0x1D6C4, 0x1D6C5,
    0x1D6C6, 0x1D6C7, 0x1D6C8, 0x1D6C9, 0x1D6CA, 0x1D6CB, 0x1D6CC, 0x1D6CD, 0x1D6CE, 0x1D6CF,
    0x1D6D0, 0x1D6D1, 0x1D6D2, 0x1D6D3, 0x1D6D4, 0x1D6D5, 0x1D6D6, 0x1D6D7, 0x1D6D8, 0x1D6D9,
    0x1D6DA, 0x1D6DB, 0x1D6DC, 0x1D6DD, 0x1D6DE, 0x1D6DF, 0x1D6E0, 0x1D6E1, 0x1D6E2, 0x1D6E3,
    0x1D6E4, 0x1D6E5, 0x1D6E6, 0x1D6E7, 0x1D6E8, 0x1D6E9, 0x1D6EA, 0x1D6EB, 0x1D6EC, 0x1D6ED,
    0x1D6EE, 0x1D6EF, 0x1D6F0, 0x1D6F1, 0x1D6F2, 0x1D6F3, 0x1D6F4, 0x1D6F5, 0x1D6F6, 0x1D6F7,
    0x1D6F8, 0x1D6F9, 0x1D6FA, 0x1D6FB, 0x1D6FC, 0x1D6FD, 0x1D6FE, 0x1D6FF, 0x1D700, 0x1D701,
    0x1D702, 0x1D703, 0x1D704, 0x1D705, 0x1D706, 0x1D707, 0x1D708, 0x1D709, 0x1D70A, 0x1D70B,
    0x1D70C, 0x1D70D, 0x1D70E, 0x1D70F, 0x1D710, 0x1D711, 0x1D712, 0x1D713, 0x1D714, 0x1D715,
    0x1D716, 0x1D717, 0x1D718, 0x1D719, 0x1D71A, 0x1D71B, 0x1D71C, 0x1D71D, 0x1D71E, 0x1D71F,
    0x1D720, 0x1D721, 0x1D722, 0x1D723, 0x1D724, 0x1D725, 0x1D726, 0x1D727, 0x1D728, 0x1D729,
    0x1D72A, 0x1D72B, 0x1D72C, 0x1D72D, 0x1D72E, 0x1D72F, 0x1D730, 0x1D731, 0x1D732, 0x1D733,
    0x1D734, 0x1D735, 0x1D736, 0x1D737, 0x1D738, 0x1D739, 0x1D73A, 0x1D73B, 0x1D73C, 0x1D73D,
    0x1D73E, 0x1D73F, 0x1D740, 0x1D741, 0x1D742, 0x1D743, 0x1D744, 0x1D745, 0x1D746, 0x1D747,
    0x1D748, 0x1D749, 0x1D74A, 0x1D74B, 0x1D74C, 0x1D74D, 0x1D74E, 0x1D74F, 0x1D750, 0x1D751,
    0x1D752, 0x1D753, 0x1D754, 0x1D755, 0x1D756, 0x1D757, 0x1D758, 0x1D759, 0x1D75A, 0x1D75B,
    0x1D75C, 0x1D75D, 0x1D75E, 0x1D75F, 0x1D760, 0x1D761, 0x1D762, 0x1D763, 0x1D764, 0x1D765,
    0x1D766, 0x1D767, 0x1D768, 0x1D769, 0x1D76A, 0x1D76B, 0x1D76C, 0x1D76D, 0x1D76E, 0x1D76F,
    0x1D770, 0x1D771, 0x1D772, 0x1D773, 0x1D774, 0x1D775, 0x1D776, 0x1D777, 0x1D778, 0x1D779,
    0x1D77A, 0x1D77B, 0x1D77C, 0x1D77D, 0x1D77E, 0x1D77F, 0x1D780, 0x1D781, 0x1D782, 0x1D783,
    0x1D784, 0x1D785, 0x1D786, 0x1D787, 0x1D788, 0x1D789, 0x1D78A, 0x1D78B, 0x1D78C, 0x1D78D,
    0x1D78E, 0x1D78F, 0x1D790, 0x1D791, 0x1D792, 0x1D793, 0x1D794, 0x1D795, 0x1D796, 0x1D797,
    0x1D798, 0x1D799, 0x1D79A, 0x1D79B, 0x1D79C, 0x1D79D, 0x1D79E, 0x1D79F, 0x1D7A0, 0x1D7A1,
    0x1D7A2, 0x1D7A3, 0x1D7A4, 0x1D7A5, 0x1D7A6, 0x1D7A7, 0x1D7A8, 0x1D7A9, 0x1D7AA, 0x1D7AB,
    0x1D7AC, 0x1D7AD, 0x1D7AE, 0x1D7AF, 0x1D7B0, 0x1D7B1, 0x1D7B2, 0x1D7B3, 0x1D7B4, 0x1D7B5,
    0x1D7B6, 0x1D7B7, 0x1D7B8, 0x1D7B9, 0x1D7BA, 0x1D7BB, 0x1D7BC, 0x1D7BD, 0x1D7BE, 0x1D7BF,
    0x1D7C0, 0x1D7C1, 0x1D7C2, 0x1D7C3, 0x1D7C4, 0x1D7C5, 0x1D7C6, 0x1D7C7, 0x1D7C8, 0x1D7C9,
    0x1D7CA, 0x1D7CB, 0x1D7CE, 0x1D7CF, 0x1D7D0, 0x1D7D1, 0x1D7D2, 0x1D7D3, 0x1D7D4, 0x1D7D5,
    0x1D7D6, 0x1D7D7, 0x1D7D8, 0x1D7D9, 0x1D7DA, 0x1D7DB, 0x1D7DC, 0x1D7DD, 0x1D7DE, 0x1D7DF,
    0x1D7E0, 0x1D7E1, 0x1D7E2, 0x1D7E3, 0x1D7E4, 0x1D7E5, 0x1D7E6, 0x1D7E7, 0x1D7E8, 0x1D7E9,
    0x1D7EA, 0x1D7EB, 0x1D7EC, 0x1D7ED, 0x1D7EE, 0x1D7EF, 0x1D7F0, 0x1D7F1, 0x1D7F2, 0x1D7F3,
    0x1D7F4, 0x1D7F5, 0x1D7F6, 0x1D7F7, 0x1D7F8, 0x1D7F9, 0x1D7FA, 0x1D7FB, 0x1D7FC, 0x1D7FD,
    0x1D7FE, 0x1D7FF, 0x1E030, 0x1E031, 0x1E032, 0x1E033, 0x1E034, 0x1E035, 0x1E036, 0x1E037,
    0x1E038, 0x1E039, 0x1E03A, 0x1E03B, 0x1E03C, 0x1E03D, 0x1E03E, 0x1E03F, 0x1E040, 0x1E041,
    0x1E042, 0x1E043, 0x1E044, 0x1E045, 0x1E046, 0x1E047, 0x1E048, 0x1E049, 0x1E04A, 0x1E04B,
    0x1E04C, 0x1E04D, 0x1E04E, 0x1E04F, 0x1E050, 0x1E051, 0x1E052, 0x1E053, 0x1E054, 0x1E055,
    0x1E056, 0x1E057, 0x1E058, 0x1E059, 0x1E05A, 0x1E05B, 0x1E05C, 0x1E05D, 0x1E05E, 0x1E05F,
    0x1E060, 0x1E061, 0x1E062, 0x1E063, 0x1E064, 0x1E065, 0x1E066, 0x1E067, 0x1E068, 0x1E069,
    0x1E06A, 0x1E06B, 0x1E06C, 0x1E06D, 0x1EE00, 0x1EE01, 0x1EE02, 0x1EE03, 0x1EE05, 0x1EE06,
    0x1EE07, 0x1EE08, 0x1EE09, 0x1EE0A, 0x1EE0B, 0x1EE0C, 0x1EE0D, 0x1EE0E, 0x1EE0F, 0x1EE10,
    0x1EE11, 0x1EE12, 0x1EE13, 0x1EE14, 0x1EE15, 0x1EE16, 0x1EE17, 0x1EE18, 0x1EE19, 0x1EE1A,
    0x1EE1B, 0x1EE1C, 0x1EE1D, 0x1EE1E, 0x1EE1F, 0x1EE21, 0x1EE22, 0x1EE24, 0x1EE27, 0x1EE29,
    0x1EE2A, 0x1EE2B, 0x1EE2C, 0x1EE2D, 0x1EE2E, 0x1EE2F, 0x1EE30, 0x1EE31, 0x1EE32, 0x1EE34,
    0x1EE35, 0x1EE36, 0x1EE37, 0x1EE39, 0x1EE3B, 0x1EE42, 0x1EE47, 0x1EE49, 0x1EE4B, 0x1EE4D,
    0x1EE4E, 0x1EE4F, 0x1EE51, 0x1EE52, 0x1EE54, 0x1EE57, 0x1EE59, 0x1EE5B, 0x1EE5D, 0x1EE5F,
    0x1EE61, 0x1EE62, 0x1EE64, 0x1EE67, 0x1EE68, 0x1EE69, 0x1EE6A, 0x1EE6C, 0x1EE6D, 0x1EE6E,
    0x1EE6F, 0x1EE70, 0x1EE71, 0x1EE72, 0x1EE74, 0x1EE75, 0x1EE76, 0x1EE77, 0x1EE79, 0x1EE7A,
    0x1EE7B, 0x1EE7C, 0x1EE7E, 0x1EE80, 0x1EE81, 0x1EE82, 0x1EE83, 0x1EE84, 0x1EE85, 0x1EE86,
    0x1EE87, 0x1EE88, 0x1EE89, 0x1EE8B, 0x1EE8C, 0x1EE8D, 0x1EE8E, 0x1EE8F, 0x1EE90, 0x1EE91,
    0x1EE92, 0x1EE93, 0x1EE94, 0x1EE95, 0x1EE96, 0x1EE97, 0x1EE98, 0x1EE99, 0x1EE9A, 0x1EE9B,
    0x1EEA1, 0x1EEA2, 0x1EEA3, 0x1EEA5, 0x1EEA6, 0x1EEA7, 0x1EEA8, 0x1EEA9, 0x1EEAB, 0x1EEAC,
    0x1EEAD, 0x1EEAE, 0x1EEAF, 0x1EEB0, 0x1EEB1, 0x1EEB2, 0x1EEB3, 0x1EEB4, 0x1EEB5, 0x1EEB6,
    0x1EEB7, 0x1EEB8, 0x1EEB9, 0x1EEBA, 0x1EEBB, 0x1F100, 0x1F101, 0x1F102, 0x1F103, 0x1F104,
    0x1F105, 0x1F106, 0x1F107, 0x1F108, 0x1F109, 0x1F10A, 0x1F110, 0x1F111, 0x1F112, 0x1F113,
    0x1F114, 0x1F115, 0x1F116, 0x1F117, 0x1F118, 0x1F119, 0x1F11A, 0x1F11B, 0x1F11C, 0x1F11D,
    0x1F11E, 0x1F11F, 0x1F120, 0x1F121, 0x1F122, 0x1F123, 0x1F124, 0x1F125, 0x1F126, 0x1F127,
    0x1F128, 0x1F129, 0x1F12A, 0x1F12B, 0x1F12C, 0x1F12D, 0x1F12E, 0x1F130, 0x1F131, 0x1F132,
    0x1F133, 0x1F134, 0x1F135, 0x1F136, 0x1F137, 0x1F138, 0x1F139, 0x1F13A, 0x1F13B, 0x1F13C,
    0x1F13D, 0x1F13E, 0x1F13F, 0x1F140, 0x1F141, 0x1F142, 0x1F143, 0x1F144, 0x1F145, 0x1F146,
    0x1F147, 0x1F148, 0x1F149, 0x1F14A, 0x1F14B, 0x1F14C, 0x1F14D, 0x1F14E, 0x1F14F, 0x1F16A,
    0x1F16B, 0x1F16C, 0x1F190, 0x1F200, 0x1F201, 0x1F202, 0x1F210, 0x1F211, 0x1F212, 0x1F213,
    0x1F214, 0x1F215, 0x1F216, 0x1F217, 0x1F218, 0x1F219, 0x1F21A, 0x1F21B, 0x1F21C, 0x1F21D,
    0x1F21E, 0x1F21F, 0x1F220, 0x1F221, 0x1F222, 0x1F223, 0x1F224, 0x1F225, 0x1F226, 0x1F227,
    0x1F228, 0x1F229, 0x1F22A, 0x1F22B, 0x1F22C, 0x1F22D, 0x1F22E, 0x1F22F, 0x1F230, 0x1F231,
    0x1F232, 0x1F233, 0x1F234, 0x1F235, 0x1F236, 0x1F237, 0x1F238, 0x1F239, 0x1F23A, 0x1F23B,
    0x1F240, 0x1F241, 0x1F242, 0x1F243, 0x1F244, 0x1F245, 0x1F246, 0x1F247, 0x1F248, 0x1F250,
    0x1F251, 0x1FBF0, 0x1FBF1, 0x1FBF2, 0x1FBF3, 0x1FBF4, 0x1FBF5, 0x1FBF6, 0x1FBF7, 0x1FBF8,
    0x1FBF9, 0x2F800, 0x2F801, 0x2F802, 0x2F803, 0x2F804, 0x2F805, 0x2F806, 0x2F807, 0x2F808,
    0x2F809, 0x2F80A, 0x2F80B, 0x2F80C, 0x2F80D, 0x2F80E, 0x2F80F, 0x2F810, 0x2F811, 0x2F812,
    0x2F813, 0x2F814, 0x2F815, 0x2F816, 0x2F817, 0x2F818, 0x2F819, 0x2F81A, 0x2F81B, 0x2F81C,
    0x2F81D, 0x2F81E, 0x2F81F, 0x2F820, 0x2F821, 0x2F822, 0x2F823, 0x2F824, 0x2F825, 0x2F826,
    0x2F827, 0x2F828, 0x2F829, 0x2F82A, 0x2F82B, 0x2F82C, 0x2F82D, 0x2F82E, 0x2F82F, 0x2F830,
    0x2F831, 0x2F832, 0x2F833, 0x2F834, 0x2F835, 0x2F836, 0x2F837, 0x2F838, 0x2F839, 0x2F83A,
    0x2F83B, 0x2F83C, 0x2F83D, 0x2F83E, 0x2F83F, 0x2F840, 0x2F841, 0x2F842, 0x2F843, 0x2F844,
    0x2F845, 0x2F846, 0x2F847, 0x2F848, 0x2F849, 0x2F84A, 0x2F84B, 0x2F84C, 0x2F84D, 0x2F84E,
    0x2F84F, 0x2F850, 0x2F851, 0x2F852, 0x2F853, 0x2F854, 0x2F855, 0x2F856, 0x2F857, 0x2F858,
    0x2F859, 0x2F85A, 0x2F85B, 0x2F85C, 0x2F85D, 0x2F85E, 0x2F85F, 0x2F860, 0x2F861, 0x2F862,
    0x2F863, 0x2F864, 0x2F865, 0x2F866, 0x2F867, 0x2F868, 0x2F869, 0x2F86A, 0x2F86B, 0x2F86C,
    0x2F86D, 0x2F86E, 0x2F86F, 0x2F870, 0x2F871, 0x2F872, 0x2F873, 0x2F874, 0x2F875, 0x2F876,
    0x2F877, 0x2F878, 0x2F879, 0x2F87A, 0x2F87B, 0x2F87C, 0x2F87D, 0x2F87E, 0x2F87F, 0x2F880,
    0x2F881, 0x2F882, 0x2F883, 0x2F884, 0x2F885, 0x2F886, 0x2F887, 0x2F888, 0x2F889, 0x2F88A,
    0x2F88B, 0x2F88C, 0x2F88D, 0x2F88E, 0x2F88F, 0x2F890, 0x2F891, 0x2F892, 0x2F893, 0x2F894,
    0x2F895, 0x2F896, 0x2F897, 0x2F898, 0x2F899, 0x2F89A, 0x2F89B, 0x2F89C, 0x2F89D, 0x2F89E,
    0x2F89F, 0x2F8A0, 0x2F8A1, 0x2F8A2, 0x2F8A3, 0x2F8A4, 0x2F8A5, 0x2F8A6, 0x2F8A7, 0x2F8A8,
    0x2F8A9, 0x2F8AA, 0x2F8AB, 0x2F8AC, 0x2F8AD, 0x2F8AE, 0x2F8AF, 0x2F8B0, 0x2F8B1, 0x2F8B2,
    0x2F8B3, 0x2F8B4, 0x2F8B5, 0x2F8B6, 0x2F8B7, 0x2F8B8, 0x2F8B9, 0x2F8BA, 0x2F8BB, 0x2F8BC,
    0x2F8BD, 0x2F8BE, 0x2F8BF, 0x2F8C0, 0x2F8C1, 0x2F8C2, 0x2F8C3, 0x2F8C4, 0x2F8C5, 0x2F8C6,
    0x2F8C7, 0x2F8C8, 0x2F8C9, 0x2F8CA, 0x2F8CB, 0x2F8CC, 0x2F8CD, 0x2F8CE, 0x2F8CF, 0x2F8D0,
    0x2F8D1, 0x2F8D2, 0x2F8D3, 0x2F8D4, 0x2F8D5, 0x2F8D6, 0x2F8D7, 0x2F8D8, 0x2F8D9, 0x2F8DA,
    0x2F8DB, 0x2F8DC, 0x2F8DD, 0x2F8DE, 0x2F8DF, 0x2F8E0, 0x2F8E1, 0x2F8E2, 0x2F8E3, 0x2F8E4,
    0x2F8E5, 0x2F8E6, 0x2F8E7, 0x2F8E8, 0x2F8E9, 0x2F8EA, 0x2F8EB, 0x2F8EC, 0x2F8ED, 0x2F8EE,
    0x2F8EF, 0x2F8F0, 0x2F8F1, 0x2F8F2, 0x2F8F3, 0x2F8F4, 0x2F8F5, 0x2F8F6, 0x2F8F7, 0x2F8F8,
    0x2F8F9, 0x2F8FA, 0x2F8FB, 0x2F8FC, 0x2F8FD, 0x2F8FE, 0x2F8FF, 0x2F900, 0x2F901, 0x2F902,
    0x2F903, 0x2F904, 0x2F905, 0x2F906, 0x2F907, 0x2F908, 0x2F909, 0x2F90A, 0x2F90B, 0x2F90C,
    0x2F90D, 0x2F90E, 0x2F90F, 0x2F910, 0x2F911, 0x2F912, 0x2F913, 0x2F914, 0x2F915, 0x2F916,
    0x2F917, 0x2F918, 0x2F919, 0x2F91A, 0x2F91B, 0x2F91C, 0x2F91D, 0x2F91E, 0x2F91F, 0x2F920,
    0x2F921, 0x2F922, 0x2F923, 0x2F924, 0x2F925, 0x2F926, 0x2F927, 0x2F928, 0x2F929, 0x2F92A,
    0x2F92B, 0x2F92C, 0x2F92D, 0x2F92E, 0x2F92F, 0x2F930, 0x2F931, 0x2F932, 0x2F933, 0x2F934,
    0x2F935, 0x2F936, 0x2F937, 0x2F938, 0x2F939, 0x2F93A, 0x2F93B, 0x2F93C, 0x2F93D, 0x2F93E,
    0x2F93F, 0x2F940, 0x2F941, 0x2F942, 0x2F943, 0x2F944, 0x2F945, 0x2F946, 0x2F947, 0x2F948,
    0x2F949, 0x2F94A, 0x2F94B, 0x2F94C, 0x2F94D, 0x2F94E, 0x2F94F, 0x2F950, 0x2F951, 0x2F952,
    0x2F953, 0x2F954, 0x2F955, 0x2F956, 0x2F957, 0x2F958, 0x2F959, 0x2F95A, 0x2F95B, 0x2F95C,
    0x2F95D, 0x2F95E, 0x2F95F, 0x2F960, 0x2F961, 0x2F962, 0x2F963, 0x2F964, 0x2F965, 0x2F966,
    0x2F967, 0x2F968, 0x2F969, 0x2F96A, 0x2F96B, 0x2F96C, 0x2F96D, 0x2F96E, 0x2F96F, 0x2F970,
    0x2F971, 0x2F972, 0x2F973, 0x2F974, 0x2F975, 0x2F976, 0x2F977, 0x2F978, 0x2F979, 0x2F97A,
    0x2F97B, 0x2F97C, 0x2F97D, 0x2F97E, 0x2F97F, 0x2F980, 0x2F981, 0x2F982, 0x2F983, 0x2F984,
    0x2F985, 0x2F986, 0x2F987, 0x2F988, 0x2F989, 0x2F98A, 0x2F98B, 0x2F98C, 0x2F98D, 0x2F98E,
    0x2F98F, 0x2F990, 0x2F991, 0x2F992, 0x2F993, 0x2F994, 0x2F995, 0x2F996, 0x2F997, 0x2F998,
    0x2F999, 0x2F99A, 0x2F99B, 0x2F99C, 0x2F99D, 0x2F99E, 0x2F99F, 0x2F9A0, 0x2F9A1, 0x2F9A2,
    0x2F9A3, 0x2F9A4, 0x2F9A5, 0x2F9A6, 0x2F9A7, 0x2F9A8, 0x2F9A9, 0x2F9AA, 0x2F9AB, 0x2F9AC,
    0x2F9AD, 0x2F9AE, 0x2F9AF, 0x2F9B0, 0x2F9B1, 0x2F9B2, 0x2F9B3, 0x2F9B4, 0x2F9B5, 0x2F9B6,
    0x2F9B7, 0x2F9B8, 0x2F9B9, 0x2F9BA, 0x2F9BB, 0x2F9BC, 0x2F9BD, 0x2F9BE, 0x2F9BF, 0x2F9C0,
    0x2F9C1, 0x2F9C2, 0x2F9C3, 0x2F9C4, 0x2F9C5, 0x2F9C6, 0x2F9C7, 0x2F9C8, 0x2F9C9, 0x2F9CA,
    0x2F9CB, 0x2F9CC, 0x2F9CD, 0x2F9CE, 0x2F9CF, 0x2F9D0, 0x2F9D1, 0x2F9D2, 0x2F9D3, 0x2F9D4,
    0x2F9D5, 0x2F9D6, 0x2F9D7, 0x2F9D8, 0x2F9D9, 0x2F9DA, 0x2F9DB, 0x2F9DC, 0x2F9DD, 0x2F9DE,
    0x2F9DF, 0x2F9E0, 0x2F9E1, 0x2F9E2, 0x2F9E3, 0x2F9E4, 0x2F9E5, 0x2F9E6, 0x2F9E7, 0x2F9E8,
    0x2F9E9, 0x2F9EA, 0x2F9EB, 0x2F9EC, 0x2F9ED, 0x2F9EE, 0x2F9EF, 0x2F9F0, 0x2F9F1, 0x2F9F2,
    0x2F9F3, 0x2F9F4, 0x2F9F5, 0x2F9F6, 0x2F9F7, 0x2F9F8, 0x2F9F9, 0x2F9FA, 0x2F9FB, 0x2F9FC,
    0x2F9FD, 0x2F9FE, 0x2F9FF, 0x2FA00, 0x2FA01, 0x2FA02, 0x2FA03, 0x2FA04, 0x2FA05, 0x2FA06,
    0x2FA07, 0x2FA08, 0x2FA09, 0x2FA0A, 0x2FA0B, 0x2FA0C, 0x2FA0D, 0x2FA0E, 0x2FA0F, 0x2FA10,
    0x2FA11, 0x2FA12, 0x2FA13, 0x2FA14, 0x2FA15, 0x2FA16, 0x2FA17, 0x2FA18, 0x2FA19, 0x2FA1A,
    0x2FA1B, 0x2FA1C, 0x2FA1D,
};

static const uint32_t un_nfkd_idx[5913] = {
    0x1, 0x102, 0x301, 0x402, 0x601, 0x701, 0x802, 0xA01, 0xB02, 0xD01,
    0xE01, 0xF03, 0x1203, 0x1503, 0x1802, 0x1A02, 0x1C02, 0x1E02, 0x2002, 0x2202,
    0x2402, 0x2602, 0x2802, 0x2A02, 0x2C02, 0x2E02, 0x3002, 0x3202, 0x3402, 0x3602,
    0x3802, 0x3A02, 0x3C02, 0x3E02, 0x4002, 0x4202, 0x4402, 0x4602, 0x4802, 0x4A02,
    0x4C02, 0x4E02, 0x5002, 0x5202, 0x5402, 0x5602, 0x5802, 0x5A02, 0x5C02, 0x5E02,
    0x6002, 0x6202, 0x6402, 0x6602, 0x6802, 0x6A02, 0x6C02, 0x6E02, 0x7002, 0x7202,
    0x7402, 0x7602, 0x7802, 0x7A02, 0x7C02, 0x7E02, 0x8002, 0x8202, 0x8402, 0x8602,
    0x8802, 0x8A02, 0x8C02, 0x8E02, 0x9002, 0x9202, 0x9402, 0x9602, 0x9802, 0x9A02,
    0x9C02, 0x9E02, 0xA002, 0xA202, 0xA402, 0xA602, 0xA802, 0xAA02, 0xAC02, 0xAE02,
    0xB002, 0xB202, 0xB402, 0xB602, 0xB802, 0xBA02, 0xBC02, 0xBE02, 0xC002, 0xC202,
    0xC402, 0xC602, 0xC802, 0xCA02, 0xCC02, 0xCE02, 0xD002, 0xD202, 0xD402, 0xD602,
    0xD802, 0xDA02, 0xDC02, 0xDE02, 0xE002, 0xE202, 0xE402, 0xE602, 0xE802, 0xEA02,
    0xEC02, 0xEE02, 0xF002, 0xF202, 0xF402, 0xF602, 0xF802, 0xFA02, 0xFC02, 0xFE02,
    0x10002, 0x10202, 0x10402, 0x10602, 0x10802, 0x10A02, 0x10C02, 0x10E02, 0x11002, 0x11202,
    0x11402, 0x11602, 0x11802, 0x11A02, 0x11C02, 0x11E02, 0x12002, 0x12202, 0x12402, 0x12602,
    0x12802, 0x12A02, 0x12C02, 0x12E02, 0x13002, 0x13202, 0x13402, 0x13602, 0x13802, 0x13A02,
    0x13C02, 0x13E02, 0x14002, 0x14202, 0x14402, 0x14602, 0x14802, 0x14A02, 0x14C02, 0x14E02,
    0x15002, 0x15202, 0x15402, 0x15602, 0x15802, 0x15A02, 0x15C02, 0x15E02, 0x16002, 0x16202,
    0x16401, 0x16502, 0x16702, 0x16902, 0x16B02, 0x16D03, 0x17003, 0x17303, 0x17602, 0x17802,
    0x17A02, 0x17C02, 0x17E02, 0x18002, 0x18202, 0x18402, 0x18602, 0x18802, 0x18A02, 0x18C02,
    0x18E02, 0x19002, 0x19203, 0x19503, 0x19803, 0x19B03, 0x19E03, 0x1A103, 0x1A403, 0x1A703,
    0x1AA03, 0x1AD03, 0x1B003, 0x1B303, 0x1B602, 0x1B802, 0x1BA02, 0x1BC02, 0x1BE02, 0x1C002,
    0x1C202, 0x1C402, 0x1C603, 0x1C903, 0x1CC02, 0x1CE02, 0x1D002, 0x1D202, 0x1D402, 0x1D602,
    0x1D802, 0x1DA02, 0x1DC02, 0x1DE02, 0x1E003, 0x1E303, 0x1E602, 0x1E802, 0x1EA02, 0x1EC02,
    0x1EE02, 0x1F002, 0x1F202, 0x1F402, 0x1F602, 0x1F802, 0x1FA02, 0x1FC02, 0x1FE02, 0x20002,
    0x20202, 0x20402, 0x20602, 0x20802, 0x20A02, 0x20C02, 0x20E02, 0x21002, 0x21202, 0x21402,
    0x21602, 0x21802, 0x21A02, 0x21C02, 0x21E02, 0x22002, 0x22202, 0x22402, 0x22602, 0x22802,
    0x22A02, 0x22C02, 0x22E02, 0x23002, 0x23203, 0x23503, 0x23803, 0x23B03, 0x23E02, 0x24002,
    0x24203, 0x24503, 0x24802, 0x24A02, 0x24C01, 0x24D01, 0x24E01, 0x24F01, 0x25001, 0x25101,
    0x25201, 0x25301, 0x25401, 0x25502, 0x25702, 0x25902, 0x25B02, 0x25D02, 0x25F02, 0x26101,
    0x26201, 0x26301, 0x26401, 0x26501, 0x26601, 0x26701, 0x26801, 0x26902, 0x26B01, 0x26C02,
    0x26E01, 0x26F02, 0x27103, 0x27402, 0x27601, 0x27702, 0x27902, 0x27B02, 0x27D02, 0x27F02,
    0x28102, 0x28303, 0x28602, 0x28802, 0x28A02, 0x28C02, 0x28E02, 0x29002, 0x29203, 0x29502,
    0x29702, 0x29902, 0x29B02, 0x29D02, 0x29F01, 0x2A001, 0x2A101, 0x2A202, 0x2A402, 0x2A601,
    0x2A701, 0x2A801, 0x2A901, 0x2AA01, 0x2AB01, 0x2AC01, 0x2AD01, 0x2AE02, 0x2B002, 0x2B202,
    0x2B402, 0x2B602, 0x2B802, 0x2BA02, 0x2BC02, 0x2BE02, 0x2C002, 0x2C202, 0x2C402, 0x2C602,
    0x2C802, 0x2CA02, 0x2CC02, 0x2CE02, 0x2D002, 0x2D202, 0x2D402, 0x2D602, 0x2D802, 0x2DA02,
    0x2DC02, 0x2DE02, 0x2E002, 0x2E202, 0x2E402, 0x2E602, 0x2E802, 0x2EA02, 0x2EC02, 0x2EE02,
    0x2F002, 0x2F202, 0x2F402, 0x2F602, 0x2F802, 0x2FA02, 0x2FC02, 0x2FE02, 0x30002, 0x30202,
    0x30402, 0x30602, 0x30802, 0x30A02, 0x30C02, 0x30E02, 0x31002, 0x31202, 0x31402, 0x31602,
    0x31802, 0x31A02, 0x31C02, 0x31E02, 0x32002, 0x32202, 0x32402, 0x32602, 0x32802, 0x32A02,
    0x32C02, 0x32E02, 0x33002, 0x33202, 0x33402, 0x33602, 0x33802, 0x33A02, 0x33C02, 0x33E02,
    0x34002, 0x34202, 0x34402, 0x34602, 0x34802, 0x34A02, 0x34C02, 0x34E02, 0x35002, 0x35202,
    0x35402, 0x35602, 0x35802, 0x35A02, 0x35C02, 0x35E02, 0x36002, 0x36202, 0x36402, 0x36602,
    0x36802, 0x36A02, 0x36C02, 0x36E02, 0x37002, 0x37202, 0x37402, 0x37602, 0x37803, 0x37B02,
    0x37D02, 0x37F02, 0x38102, 0x38302, 0x38503, 0x38802, 0x38A02, 0x38C02, 0x38E02, 0x39002,
    0x39201, 0x39302, 0x39502, 0x39702, 0x39902, 0x39B02, 0x39D02, 0x39F02, 0x3A102, 0x3A302,
    0x3A503, 0x3A802, 0x3AA03, 0x3AD02, 0x3AF02, 0x3B102, 0x3B302, 0x3B502, 0x3B702, 0x3B902,
    0x3BB02, 0x3BD01, 0x3BE02, 0x3C002, 0x3C202, 0x3C402, 0x3C602, 0x3C802, 0x3CA02, 0x3CC02,
    0x3CE02, 0x3D002, 0x3D202, 0x3D401, 0x3D501, 0x3D601, 0x3D701, 0x3D801, 0x3D901, 0x3DA01,
    0x3DB01, 0x3DC01, 0x3DD01, 0x3DE01, 0x3DF01, 0x3E001, 0x3E101, 0x3E201, 0x3E301, 0x3E401,
    0x3E501, 0x3E601, 0x3E701, 0x3E801, 0x3E901, 0x3EA01, 0x3EB01, 0x3EC01, 0x3ED01, 0x3EE01,
    0x3EF01, 0x3F001, 0x3F101, 0x3F201, 0x3F301, 0x3F401, 0x3F501, 0x3F601, 0x3F701, 0x3F801,
    0x3F901, 0x3FA01, 0x3FB01, 0x3FC01, 0x3FD01, 0x3FE01, 0x3FF01, 0x40001, 0x40101, 0x40201,
    0x40301, 0x40401, 0x40501, 0x40601, 0x40701, 0x40801, 0x40901, 0x40A01, 0x40B01, 0x40C01,
    0x40D01, 0x40E01, 0x40F01, 0x41001, 0x41101, 0x41201, 0x41301, 0x41401, 0x41501, 0x41601,
    0x41701, 0x41801, 0x41901, 0x41A01, 0x41B01, 0x41C01, 0x41D01, 0x41E01, 0x41F01, 0x42001,
    0x42101, 0x42201, 0x42301, 0x42401, 0x42501, 0x42601, 0x42701, 0x42801, 0x42901, 0x42A01,
    0x42B01, 0x42C01, 0x42D01, 0x42E01, 0x42F01, 0x43001, 0x43101, 0x43201, 0x43301, 0x43401,
    0x43501, 0x43602, 0x43802, 0x43A02, 0x43C02, 0x43E02, 0x44002, 0x44202, 0x44402, 0x44603,
    0x44903, 0x44C02, 0x44E02, 0x45002, 0x45202, 0x45402, 0x45602, 0x45802, 0x45A02, 0x45C02,
    0x45E02, 0x46003, 0x46303, 0x46603, 0x46903, 0x46C02, 0x46E02, 0x47002, 0x47202, 0x47403,
    0x47703, 0x47A02, 0x47C02, 0x47E02, 0x48002, 0x48202, 0x48402, 0x48602, 0x48802, 0x48A02,
    0x48C02, 0x48E02, 0x49002, 0x49202, 0x49402, 0x49602, 0x49802, 0x49A03, 0x49D03, 0x4A002,
    0x4A202, 0x4A402, 0x4A602, 0x4A802, 0x4AA02, 0x4AC02, 0x4AE02, 0x4B003, 0x4B303, 0x4B602,
    0x4B802, 0x4BA02, 0x4BC02, 0x4BE02, 0x4C002, 0x4C202, 0x4C402, 0x4C602, 0x4C802, 0x4CA02,
    0x4CC02, 0x4CE02, 0x4D002, 0x4D202, 0x4D402, 0x4D602, 0x4D802, 0x4DA03, 0x4DD03, 0x4E003,
    0x4E303, 0x4E603, 0x4E903, 0x4EC03, 0x4EF03, 0x4F202, 0x4F402, 0x4F602, 0x4F802, 0x4FA02,
    0x4FC02, 0x4FE02, 0x50002, 0x50203, 0x50503, 0x50802, 0x50A02, 0x50C02, 0x50E02, 0x51002,
    0x51202, 0x51403, 0x51703, 0x51A03, 0x51D03, 0x52003, 0x52303, 0x52602, 0x52802, 0x52A02,
    0x52C02, 0x52E02, 0x53002, 0x53202, 0x53402, 0x53602, 0x53802, 0x53A02, 0x53C02, 0x53E02,
    0x54002, 0x54203, 0x54503, 0x54803, 0x54B03, 0x54E02, 0x55002, 0x55202, 0x55402, 0x55602,
    0x55802, 0x55A02, 0x55C02, 0x55E02, 0x56002, 0x56202, 0x56402, 0x56602, 0x56802, 0x56A02,
    0x56C02, 0x56E02, 0x57002, 0x57202, 0x57402, 0x57602, 0x57802, 0x57A02, 0x57C02, 0x57E02,
    0x58002, 0x58202, 0x58402, 0x58602, 0x58802, 0x58A02, 0x58C02, 0x58E02, 0x59002, 0x59202,
    0x59402, 0x59603, 0x59903, 0x59C03, 0x59F03, 0x5A203, 0x5A503, 0x5A803, 0x5AB03, 0x5AE03,
    0x5B103, 0x5B403, 0x5B703, 0x5BA03, 0x5BD03, 0x5C003, 0x5C303, 0x5C603, 0x5C903, 0x5CC03,
    0x5CF03, 0x5D202, 0x5D402, 0x5D602, 0x5D802, 0x5DA02, 0x5DC02, 0x5DE03, 0x5E103, 0x5E403,
    0x5E703, 0x5EA03, 0x5ED03, 0x5F003, 0x5F303, 0x5F603, 0x5F903, 0x5FC02, 0x5FE02, 0x60002,
    0x60202, 0x60402, 0x60602, 0x60802, 0x60A02, 0x60C03, 0x60F03, 0x61203, 0x61503, 0x61803,
    0x61B03, 0x61E03, 0x62103, 0x62403, 0x62703, 0x62A03, 0x62D03, 0x63003, 0x63303, 0x63603,
    0x63903, 0x63C03, 0x63F03, 0x64203, 0x64503, 0x64802, 0x64A02, 0x64C02, 0x64E02, 0x65003,
    0x65303, 0x65603, 0x65903, 0x65C03, 0x65F03, 0x66203, 0x66503, 0x66803, 0x66B03, 0x66E02,
    0x67002, 0x67202, 0x67402, 0x67602, 0x67802, 0x67A02, 0x67C02, 0x67E02, 0x68002, 0x68203,
    0x68503, 0x68803, 0x68B03, 0x68E03, 0x69103, 0x69402, 0x69602, 0x69803, 0x69B03, 0x69E03,
    0x6A103, 0x6A403, 0x6A703, 0x6AA02, 0x6AC02, 0x6AE03, 0x6B103, 0x6B403, 0x6B703, 0x6BA02,
    0x6BC02, 0x6BE03, 0x6C103, 0x6C403, 0x6C703, 0x6CA02, 0x6CC02, 0x6CE03, 0x6D103, 0x6D403,
    0x6D703, 0x6DA03, 0x6DD03, 0x6E002, 0x6E202, 0x6E403, 0x6E703, 0x6EA03, 0x6ED03, 0x6F003,
    0x6F303, 0x6F602, 0x6F802, 0x6FA03, 0x6FD03, 0x70003, 0x70303, 0x70603, 0x70903, 0x70C02,
    0x70E02, 0x71003, 0x71303, 0x71603, 0x71903, 0x71C03, 0x71F03, 0x72202, 0x72402, 0x72603,
    0x72903, 0x72C03, 0x72F03, 0x73202, 0x73402, 0x73603, 0x73903, 0x73C03, 0x73F03, 0x74202,
    0x74402, 0x74603, 0x74903, 0x74C03, 0x74F03, 0x75203, 0x75503, 0x75802, 0x75A03, 0x75D03,
    0x76003, 0x76302, 0x76502, 0x76703, 0x76A03, 0x76D03, 0x77003, 0x77303, 0x77603, 0x77902,
    0x77B02, 0x77D03, 0x78003, 0x78303, 0x78603, 0x78903, 0x78C03, 0x78F02, 0x79102, 0x79302,
    0x79502, 0x79702, 0x79902, 0x79B02, 0x79D02, 0x79F02, 0x7A102, 0x7A302, 0x7A502, 0x7A702,
    0x7A902, 0x7AB03, 0x7AE03, 0x7B104, 0x7B504, 0x7B904, 0x7BD04, 0x7C104, 0x7C504, 0x7C903,
    0x7CC03, 0x7CF04, 0x7D304, 0x7D704, 0x7DB04, 0x7DF04, 0x7E304, 0x7E703, 0x7EA03, 0x7ED04,
    0x7F104, 0x7F504, 0x7F904, 0x7FD04, 0x80104, 0x80503, 0x80803, 0x80B04, 0x80F04, 0x81304,
    0x81704, 0x81B04, 0x81F04, 0x82303, 0x82603, 0x82904, 0x82D04, 0x83104, 0x83504, 0x83904,
    0x83D04, 0x84103, 0x84403, 0x84704, 0x84B04, 0x84F04, 0x85304, 0x85704, 0x85B04, 0x85F02,
    0x86102, 0x86303, 0x86602, 0x86803, 0x86B02, 0x86D03, 0x87002, 0x87202, 0x87402, 0x87602,
    0x87802, 0x87A02, 0x87C01, 0x87D02, 0x87F02, 0x88103, 0x88403, 0x88702, 0x88903, 0x88C02,
    0x88E03, 0x89102, 0x89302, 0x89502, 0x89702, 0x89902, 0x89B03, 0x89E03, 0x8A103, 0x8A402,
    0x8A602, 0x8A803, 0x8AB03, 0x8AE02, 0x8B003, 0x8B302, 0x8B502, 0x8B702, 0x8B902, 0x8BB03,
    0x8BE03, 0x8C103, 0x8C402, 0x8C602, 0x8C803, 0x8CB03, 0x8CE02, 0x8D002, 0x8D202, 0x8D403,
    0x8D702, 0x8D902, 0x8DB02, 0x8DD02, 0x8DF02, 0x8E103, 0x8E403, 0x8E701, 0x8E803, 0x8EB02,
    0x8ED03, 0x8F002, 0x8F203, 0x8F502, 0x8F702, 0x8F902, 0x8FB02, 0x8FD02, 0x8FF02, 0x90102,
    0x90301, 0x90401, 0x90501, 0x90601, 0x90701, 0x90801, 0x90901, 0x90A01, 0x90B01, 0x90C01,
    0x90D01, 0x90E01, 0x90F02, 0x91101, 0x91202, 0x91403, 0x91701, 0x91802, 0x91A03, 0x91D02,
    0x91F03, 0x92202, 0x92402, 0x92602, 0x92802, 0x92A02, 0x92C04, 0x93001, 0x93101, 0x93201,
    0x93301, 0x93401, 0x93501, 0x93601, 0x93701, 0x93801, 0x93901, 0x93A01, 0x93B01, 0x93C01,
    0x93D01, 0x93E01, 0x93F01, 0x94001, 0x94101, 0x94201, 0x94301, 0x94401, 0x94501, 0x94601,
    0x94701, 0x94801, 0x94901, 0x94A01, 0x94B01, 0x94C01, 0x94D01, 0x94E01, 0x94F01, 0x95001,
    0x95101, 0x95201, 0x95301, 0x95401, 0x95501, 0x95601, 0x95701, 0x95801, 0x95901, 0x95A01,
    0x95B02, 0x95D03, 0x96003, 0x96301, 0x96402, 0x96603, 0x96903, 0x96C01, 0x96D02, 0x96F01,
    0x97001, 0x97101, 0x97201, 0x97301, 0x97401, 0x97501, 0x97601, 0x97701, 0x97801, 0x97901,
    0x97A02, 0x97C01, 0x97D01, 0x97E01, 0x97F01, 0x98001, 0x98102, 0x98303, 0x98602, 0x98801,
    0x98901, 0x98A01, 0x98B01, 0x98C02, 0x98E01, 0x98F01, 0x99001, 0x99101, 0x99201, 0x99301,
    0x99401, 0x99501, 0x99601, 0x99701, 0x99801, 0x99901, 0x99A03, 0x99D01, 0x99E01, 0x99F01,
    0x9A001, 0x9A101, 0x9A201, 0x9A301, 0x9A401, 0x9A501, 0x9A601, 0x9A703, 0x9AA03, 0x9AD04,
    0x9B103, 0x9B403, 0x9B703, 0x9BA03, 0x9BD03, 0x9C003, 0x9C303, 0x9C603, 0x9C903, 0x9CC03,
    0x9CF03, 0x9D203, 0x9D502, 0x9D701, 0x9D802, 0x9DA03, 0x9DD02, 0x9DF01, 0x9E002, 0x9E203,
    0x9E504, 0x9E902, 0x9EB01, 0x9EC02, 0x9EE03, 0x9F101, 0x9F201, 0x9F301, 0x9F401, 0x9F501,
    0x9F602, 0x9F803, 0x9FB02, 0x9FD01, 0x9FE02, 0xA0003, 0xA0304, 0xA0702, 0xA0901, 0xA0A02,
    0xA0C03, 0xA0F01, 0xA1001, 0xA1101, 0xA1201, 0xA1303, 0xA1602, 0xA1802, 0xA1A02, 0xA1C02,
    0xA1E02, 0xA2002, 0xA2202, 0xA2402, 0xA2602, 0xA2802, 0xA2A02, 0xA2C02, 0xA2E03, 0xA3102,
    0xA3303, 0xA3602, 0xA3802, 0xA3A02, 0xA3C02, 0xA3E02, 0xA4002, 0xA4202, 0xA4402, 0xA4602,
    0xA4802, 0xA4A02, 0xA4C02, 0xA4E02, 0xA5002, 0xA5202, 0xA5402, 0xA5602, 0xA5802, 0xA5A02,
    0xA5C02, 0xA5E02, 0xA6002, 0xA6202, 0xA6402, 0xA6602, 0xA6802, 0xA6A02, 0xA6C02, 0xA6E02,
    0xA7002, 0xA7202, 0xA7402, 0xA7602, 0xA7801, 0xA7901, 0xA7A01, 0xA7B01, 0xA7C01, 0xA7D01,
    0xA7E01, 0xA7F01, 0xA8001, 0xA8101, 0xA8201, 0xA8302, 0xA8502, 0xA8702, 0xA8902, 0xA8B02,
    0xA8D02, 0xA8F02, 0xA9102, 0xA9302, 0xA9502, 0xA9702, 0xA9903, 0xA9C03, 0xA9F03, 0xAA203,
    0xAA503, 0xAA803, 0xAAB03, 0xAAE03, 0xAB103, 0xAB404, 0xAB804, 0xABC04, 0xAC004, 0xAC404,
    0xAC804, 0xACC04, 0xAD004, 0xAD404, 0xAD804, 0xADC04, 0xAE002, 0xAE202, 0xAE402, 0xAE602,
    0xAE802, 0xAEA02, 0xAEC02, 0xAEE02, 0xAF002, 0xAF203, 0xAF503, 0xAF803, 0xAFB03, 0xAFE03,
    0xB0103, 0xB0403, 0xB0703, 0xB0A03, 0xB0D03, 0xB1003, 0xB1303, 0xB1603, 0xB1903, 0xB1C03,
    0xB1F03, 0xB2203, 0xB2503, 0xB2803, 0xB2B03, 0xB2E03, 0xB3103, 0xB3403, 0xB3703, 0xB3A03,
    0xB3D03, 0xB4003, 0xB4303, 0xB4603, 0xB4903, 0xB4C03, 0xB4F03, 0xB5203, 0xB5503, 0xB5803,
    0xB5B03, 0xB5E03, 0xB6101, 0xB6201, 0xB6301, 0xB6401, 0xB6501, 0xB6601, 0xB6701, 0xB6801,
    0xB6901, 0xB6A01, 0xB6B01, 0xB6C01, 0xB6D01, 0xB6E01, 0xB6F01, 0xB7001, 0xB7101, 0xB7201,
    0xB7301, 0xB7401, 0xB7501, 0xB7601, 0xB7701, 0xB7801, 0xB7901, 0xB7A01, 0xB7B01, 0xB7C01,
    0xB7D01, 0xB7E01, 0xB7F01, 0xB8001, 0xB8101, 0xB8201, 0xB8301, 0xB8401, 0xB8501, 0xB8601,
    0xB8701, 0xB8801, 0xB8901, 0xB8A01, 0xB8B01, 0xB8C01, 0xB8D01, 0xB8E01, 0xB8F01, 0xB9001,
    0xB9101, 0xB9201, 0xB9301, 0xB9401, 0xB9501, 0xB9604, 0xB9A03, 0xB9D02, 0xB9F03, 0xBA202,
    0xBA401, 0xBA501, 0xBA601, 0xBA701, 0xBA801, 0xBA901, 0xBAA01, 0xBAB01, 0xBAC01, 0xBAD01,
    0xBAE01, 0xBAF01, 0xBB001, 0xBB101, 0xBB201, 0xBB301, 0xBB401, 0xBB501, 0xBB601, 0xBB701,
    0xBB801, 0xBB901, 0xBBA01, 0xBBB01, 0xBBC01, 0xBBD01, 0xBBE01, 0xBBF01, 0xBC001, 0xBC101,
    0xBC201, 0xBC301, 0xBC401, 0xBC501, 0xBC601, 0xBC701, 0xBC801, 0xBC901, 0xBCA01, 0xBCB01,
    0xBCC01, 0xBCD01, 0xBCE01, 0xBCF01, 0xBD001, 0xBD101, 0xBD201, 0xBD301, 0xBD401, 0xBD501,
    0xBD601, 0xBD701, 0xBD801, 0xBD901, 0xBDA01, 0xBDB01, 0xBDC01, 0xBDD01, 0xBDE01, 0xBDF01,
    0xBE001, 0xBE101, 0xBE201, 0xBE301, 0xBE401, 0xBE501, 0xBE601, 0xBE701, 0xBE801, 0xBE901,
    0xBEA01, 0xBEB01, 0xBEC01, 0xBED01, 0xBEE01, 0xBEF01, 0xBF001, 0xBF101, 0xBF201, 0xBF301,
    0xBF401, 0xBF501, 0xBF601, 0xBF701, 0xBF801, 0xBF901, 0xBFA01, 0xBFB01, 0xBFC01, 0xBFD01,
    0xBFE01, 0xBFF01, 0xC0001, 0xC0101, 0xC0201, 0xC0301, 0xC0401, 0xC0501, 0xC0601, 0xC0701,
    0xC0801, 0xC0901, 0xC0A01, 0xC0B01, 0xC0C01, 0xC0D01, 0xC0E01, 0xC0F01, 0xC1001, 0xC1101,
    0xC1201, 0xC1301, 0xC1401, 0xC1501, 0xC1601, 0xC1701, 0xC1801, 0xC1901, 0xC1A01, 0xC1B01,
    0xC1C01, 0xC1D01, 0xC1E01, 0xC1F01, 0xC2001, 0xC2101, 0xC2201, 0xC2301, 0xC2401, 0xC2501,
    0xC2601, 0xC2701, 0xC2801, 0xC2901, 0xC2A01, 0xC2B01, 0xC2C01, 0xC2D01, 0xC2E01, 0xC2F01,
    0xC3001, 0xC3101, 0xC3201, 0xC3301, 0xC3401, 0xC3501, 0xC3601, 0xC3701, 0xC3801, 0xC3901,
    0xC3A01, 0xC3B01, 0xC3C01, 0xC3D01, 0xC3E01, 0xC3F01, 0xC4001, 0xC4101, 0xC4201, 0xC4301,
    0xC4401, 0xC4501, 0xC4601, 0xC4701, 0xC4801, 0xC4901, 0xC4A01, 0xC4B01, 0xC4C01, 0xC4D01,
    0xC4E01, 0xC4F01, 0xC5001, 0xC5101, 0xC5201, 0xC5301, 0xC5401, 0xC5501, 0xC5601, 0xC5701,
    0xC5801, 0xC5901, 0xC5A01, 0xC5B01, 0xC5C01, 0xC5D01, 0xC5E01, 0xC5F01, 0xC6001, 0xC6101,
    0xC6201, 0xC6301, 0xC6401, 0xC6501, 0xC6601, 0xC6701, 0xC6801, 0xC6901, 0xC6A01, 0xC6B01,
    0xC6C01, 0xC6D01, 0xC6E01, 0xC6F01, 0xC7001, 0xC7101, 0xC7201, 0xC7301, 0xC7401, 0xC7501,
    0xC7601, 0xC7701, 0xC7801, 0xC7901, 0xC7A01, 0xC7B01, 0xC7C01, 0xC7D01, 0xC7E01, 0xC7F01,
    0xC8001, 0xC8101, 0xC8201, 0xC8301, 0xC8402, 0xC8602, 0xC8802, 0xC8A02, 0xC8C02, 0xC8E02,
    0xC9002, 0xC9202, 0xC9402, 0xC9602, 0xC9802, 0xC9A02, 0xC9C02, 0xC9E02, 0xCA002, 0xCA202,
    0xCA402, 0xCA602, 0xCA802, 0xCAA02, 0xCAC02, 0xCAE02, 0xCB002, 0xCB202, 0xCB402, 0xCB602,
    0xCB802, 0xCBA02, 0xCBC02, 0xCBE02, 0xCC002, 0xCC202, 0xCC402, 0xCC602, 0xCC802, 0xCCA02,
    0xCCC02, 0xCCE02, 0xCD002, 0xCD202, 0xCD402, 0xCD602, 0xCD802, 0xCDA02, 0xCDC02, 0xCDE02,
    0xCE002, 0xCE202, 0xCE402, 0xCE602, 0xCE802, 0xCEA02, 0xCEC02, 0xCEE02, 0xCF002, 0xCF202,
    0xCF402, 0xCF602, 0xCF802, 0xCFA02, 0xCFC02, 0xCFE02, 0xD0001, 0xD0101, 0xD0201, 0xD0301,
    0xD0401, 0xD0501, 0xD0601, 0xD0701, 0xD0801, 0xD0901, 0xD0A01, 0xD0B01, 0xD0C01, 0xD0D01,
    0xD0E01, 0xD0F01, 0xD1001, 0xD1101, 0xD1201, 0xD1301, 0xD1401, 0xD1501, 0xD1601, 0xD1701,
    0xD1801, 0xD1901, 0xD1A01, 0xD1B01, 0xD1C01, 0xD1D01, 0xD1E01, 0xD1F01, 0xD2001, 0xD2101,
    0xD2201, 0xD2301, 0xD2401, 0xD2501, 0xD2601, 0xD2701, 0xD2801, 0xD2901, 0xD2A01, 0xD2B01,
    0xD2C01, 0xD2D01, 0xD2E01, 0xD2F01, 0xD3001, 0xD3101, 0xD3201, 0xD3301, 0xD3401, 0xD3501,
    0xD3601, 0xD3701, 0xD3801, 0xD3901, 0xD3A01, 0xD3B01, 0xD3C01, 0xD3D01, 0xD3E01, 0xD3F01,
    0xD4001, 0xD4101, 0xD4201, 0xD4301, 0xD4401, 0xD4501, 0xD4601, 0xD4701, 0xD4801, 0xD4901,
    0xD4A01, 0xD4B01, 0xD4C01, 0xD4D01, 0xD4E01, 0xD4F01, 0xD5001, 0xD5101, 0xD5201, 0xD5301,
    0xD5401, 0xD5501, 0xD5601, 0xD5701, 0xD5801, 0xD5901, 0xD5A01, 0xD5B01, 0xD5C01, 0xD5D01,
    0xD5E01, 0xD5F01, 0xD6001, 0xD6101, 0xD6201, 0xD6301, 0xD6401, 0xD6501, 0xD6601, 0xD6701,
    0xD6801, 0xD6901, 0xD6A01, 0xD6B01, 0xD6C03, 0xD6F03, 0xD7203, 0xD7503, 0xD7803, 0xD7B03,
    0xD7E03, 0xD8103, 0xD8403, 0xD8703, 0xD8A03, 0xD8D03, 0xD9003, 0xD9303, 0xD9604, 0xD9A04,
    0xD9E04, 0xDA204, 0xDA604, 0xDAA04, 0xDAE04, 0xDB204, 0xDB604, 0xDBA04, 0xDBE04, 0xDC204,
    0xDC604, 0xDCA04, 0xDCE04, 0xDD207, 0xDD906, 0xDDF03, 0xDE203, 0xDE503, 0xDE803, 0xDEB03,
    0xDEE03, 0xDF103, 0xDF403, 0xDF703, 0xDFA03, 0xDFD03, 0xE0003, 0xE0303, 0xE0603, 0xE0903,
    0xE0C03, 0xE0F03, 0xE1203, 0xE1503, 0xE1803, 0xE1B03, 0xE1E03, 0xE2103, 0xE2403, 0xE2703,
    0xE2A03, 0xE2D03, 0xE3003, 0xE3303, 0xE3603, 0xE3903, 0xE3C03, 0xE3F03, 0xE4203, 0xE4503,
    0xE4803, 0xE4B01, 0xE4C01, 0xE4D01, 0xE4E01, 0xE4F03, 0xE5202, 0xE5402, 0xE5602, 0xE5802,
    0xE5A02, 0xE5C02, 0xE5E02, 0xE6002, 0xE6202, 0xE6402, 0xE6602, 0xE6802, 0xE6A02, 0xE6C02,
    0xE6E02, 0xE7001, 0xE7101, 0xE7201, 0xE7301, 0xE7401, 0xE7501, 0xE7601, 0xE7701, 0xE7801,
    0xE7901, 0xE7A01, 0xE7B01, 0xE7C01, 0xE7D01, 0xE7E02, 0xE8002, 0xE8202, 0xE8402, 0xE8602,
    0xE8802, 0xE8A02, 0xE8C02, 0xE8E02, 0xE9002, 0xE9202, 0xE9402, 0xE9602, 0xE9802, 0xE9A05,
    0xE9F04, 0xEA302, 0xEA501, 0xEA601, 0xEA701, 0xEA801, 0xEA901, 0xEAA01, 0xEAB01, 0xEAC01,
    0xEAD01, 0xEAE01, 0xEAF01, 0xEB001, 0xEB101, 0xEB201, 0xEB301, 0xEB401, 0xEB501, 0xEB601,
    0xEB701, 0xEB801, 0xEB901, 0xEBA01, 0xEBB01, 0xEBC01, 0xEBD01, 0xEBE01, 0xEBF01, 0xEC001,
    0xEC101, 0xEC201, 0xEC301, 0xEC401, 0xEC501, 0xEC601, 0xEC701, 0xEC801, 0xEC901, 0xECA01,
    0xECB01, 0xECC01, 0xECD01, 0xECE01, 0xECF01, 0xED001, 0xED101, 0xED201, 0xED301, 0xED401,
    0xED501, 0xED602, 0xED802, 0xEDA02, 0xEDC02, 0xEDE02, 0xEE002, 0xEE202, 0xEE402, 0xEE602,
    0xEE802, 0xEEA02, 0xEEC02, 0xEEE02, 0xEF002, 0xEF202, 0xEF402, 0xEF602, 0xEF802, 0xEFA02,
    0xEFC02, 0xEFE02, 0xF0002, 0xF0202, 0xF0402, 0xF0603, 0xF0903, 0xF0C03, 0xF0F02, 0xF1103,
    0xF1402, 0xF1603, 0xF1901, 0xF1A01, 0xF1B01, 0xF1C01, 0xF1D01, 0xF1E01, 0xF1F01, 0xF2001,
    0xF2101, 0xF2201, 0xF2301, 0xF2401, 0xF2501, 0xF2601, 0xF2701, 0xF2801, 0xF2901, 0xF2A01,
    0xF2B01, 0xF2C01, 0xF2D01, 0xF2E01, 0xF2F01, 0xF3001, 0xF3101, 0xF3201, 0xF3301, 0xF3401,
    0xF3501, 0xF3601, 0xF3701, 0xF3801, 0xF3901, 0xF3A01, 0xF3B01, 0xF3C01, 0xF3D01, 0xF3E01,
    0xF3F01, 0xF4001, 0xF4101, 0xF4201, 0xF4301, 0xF4401, 0xF4501, 0xF4601, 0xF4701, 0xF4802,
    0xF4A05, 0xF4F04, 0xF5305, 0xF5803, 0xF5B05, 0xF6003, 0xF6303, 0xF6606, 0xF6C04, 0xF7003,
    0xF7303, 0xF7603, 0xF7904, 0xF7D04, 0xF8104, 0xF8504, 0xF8904, 0xF8D04, 0xF9104, 0xF9506,
    0xF9B02, 0xF9D06, 0xFA306, 0xFA905, 0xFAE04, 0xFB206, 0xFB806, 0xFBE04, 0xFC203, 0xFC503,
    0xFC804, 0xFCC04, 0xFD005, 0xFD505, 0xFDA03, 0xFDD03, 0xFE004, 0xFE403, 0xFE703, 0xFEA02,
    0xFEC02, 0xFEE03, 0xFF103, 0xFF406, 0xFFA04, 0xFFE05, 0x100306, 0x100904, 0x100D03, 0x101003,
    0x101306, 0x101904, 0x101D06, 0x102303, 0x102605, 0x102B03, 0x102E04, 0x103203, 0x103504, 0x103905,
    0x103E04, 0x104205, 0x104704, 0x104B02, 0x104D05, 0x105203, 0x105503, 0x105804, 0x105C03, 0x105F03,
    0x106203, 0x106505, 0x106A04, 0x106E02, 0x107006, 0x107603, 0x107905, 0x107E04, 0x108204, 0x108603,
    0x108903, 0x108C04, 0x109002, 0x109204, 0x109605, 0x109B02, 0x109D06, 0x10A303, 0x10A602, 0x10A802,
    0x10AA02, 0x10AC02, 0x10AE02, 0x10B002, 0x10B202, 0x10B402, 0x10B602, 0x10B802, 0x10BA03, 0x10BD03,
    0x10C003, 0x10C303, 0x10C603, 0x10C903, 0x10CC03, 0x10CF03, 0x10D203, 0x10D503, 0x10D803, 0x10DB03,
    0x10DE03, 0x10E103, 0x10E403, 0x10E703, 0x10EA02, 0x10EC02, 0x10EE03, 0x10F102, 0x10F302, 0x10F502,
    0x10F703, 0x10FA03, 0x10FD02, 0x10FF02, 0x110102, 0x110302, 0x110502, 0x110704, 0x110B02, 0x110D02,
    0x110F02, 0x111102, 0x111302, 0x111502, 0x111702, 0x111902, 0x111B03, 0x111E04, 0x112202, 0x112402,
    0x112602, 0x112802, 0x112A02, 0x112C02, 0x112E02, 0x113003, 0x113303, 0x113603, 0x113903, 0x113C02,
    0x113E02, 0x114002, 0x114202, 0x114402, 0x114602, 0x114802, 0x114A02, 0x114C02, 0x114E02, 0x115003,
    0x115303, 0x115602, 0x115803, 0x115B03, 0x115E03, 0x116102, 0x116303, 0x116603, 0x116904, 0x116D02,
    0x116F03, 0x117203, 0x117503, 0x117803, 0x117B05, 0x118006, 0x118602, 0x118802, 0x118A02, 0x118C02,
    0x118E02, 0x119002, 0x119202, 0x119402, 0x119602, 0x119802, 0x119A02, 0x119C02, 0x119E02, 0x11A002,
    0x11A202, 0x11A402, 0x11A602, 0x11A802, 0x11AA04, 0x11AE02, 0x11B002, 0x11B202, 0x11B404, 0x11B803,
    0x11BB02, 0x11BD02, 0x11BF02, 0x11C102, 0x11C302, 0x11C502, 0x11C702, 0x11C902, 0x11CB02, 0x11CD02,
    0x11CF03, 0x11D202, 0x11D402, 0x11D603, 0x11D903, 0x11DC02, 0x11DE04, 0x11E203, 0x11E502, 0x11E702,
    0x11E902, 0x11EB02, 0x11ED03, 0x11F003, 0x11F302, 0x11F502, 0x11F702, 0x11F902, 0x11FB02, 0x11FD02,
    0x11FF02, 0x120102, 0x120302, 0x120503, 0x120803, 0x120B03, 0x120E03, 0x121103, 0x121403, 0x121703,
    0x121A03, 0x121D03, 0x122003, 0x122303, 0x122603, 0x122903, 0x122C03, 0x122F03, 0x123203, 0x123503,
    0x123803, 0x123B03, 0x123E03, 0x124103, 0x124403, 0x124703, 0x124A01, 0x124B01, 0x124C01, 0x124D01,
    0x124E01, 0x124F01, 0x125001, 0x125101, 0x125201, 0x125301, 0x125401, 0x125501, 0x125601, 0x125701,
    0x125801, 0x125901, 0x125A01, 0x125B01, 0x125C01, 0x125D01, 0x125E01, 0x125F01, 0x126001, 0x126101,
    0x126201, 0x126301, 0x126401, 0x126501, 0x126601, 0x126701, 0x126801, 0x126901, 0x126A01, 0x126B01,
    0x126C01, 0x126D01, 0x126E01, 0x126F01, 0x127001, 0x127101, 0x127201, 0x127301, 0x127401, 0x127501,
    0x127601, 0x127701, 0x127801, 0x127901, 0x127A01, 0x127B01, 0x127C01, 0x127D01, 0x127E01, 0x127F01,
    0x128001, 0x128101, 0x128201, 0x128301, 0x128401, 0x128501, 0x128601, 0x128701, 0x128801, 0x128901,
    0x128A01, 0x128B01, 0x128C01, 0x128D01, 0x128E01, 0x128F01, 0x129001, 0x129101, 0x129201, 0x129301,
    0x129401, 0x129501, 0x129601, 0x129701, 0x129801, 0x129901, 0x129A01, 0x129B01, 0x129C01, 0x129D01,
    0x129E01, 0x129F01, 0x12A001, 0x12A101, 0x12A201, 0x12A301, 0x12A401, 0x12A501, 0x12A601, 0x12A701,
    0x12A801, 0x12A901, 0x12AA01, 0x12AB01, 0x12AC01, 0x12AD01, 0x12AE01, 0x12AF01, 0x12B001, 0x12B101,
    0x12B201, 0x12B301, 0x12B401, 0x12B501, 0x12B601, 0x12B701, 0x12B801, 0x12B901, 0x12BA01, 0x12BB01,
    0x12BC01, 0x12BD01, 0x12BE01, 0x12BF01, 0x12C001, 0x12C101, 0x12C201, 0x12C301, 0x12C401, 0x12C501,
    0x12C601, 0x12C701, 0x12C801, 0x12C901, 0x12CA01, 0x12CB01, 0x12CC01, 0x12CD01, 0x12CE01, 0x12CF01,
    0x12D001, 0x12D101, 0x12D201, 0x12D301, 0x12D401, 0x12D501, 0x12D601, 0x12D701, 0x12D801, 0x12D901,
    0x12DA01, 0x12DB01, 0x12DC01, 0x12DD01, 0x12DE01, 0x12DF01, 0x12E001, 0x12E101, 0x12E201, 0x12E301,
    0x12E401, 0x12E501, 0x12E601, 0x12E701, 0x12E801, 0x12E901, 0x12EA01, 0x12EB01, 0x12EC01, 0x12ED01,
    0x12EE01, 0x12EF01, 0x12F001, 0x12F101, 0x12F201, 0x12F301, 0x12F401, 0x12F501, 0x12F601, 0x12F701,
    0x12F801, 0x12F901, 0x12FA01, 0x12FB01, 0x12FC01, 0x12FD01, 0x12FE01, 0x12FF01, 0x130001, 0x130101,
    0x130201, 0x130301, 0x130401, 0x130501, 0x130601, 0x130701, 0x130801, 0x130901, 0x130A01, 0x130B01,
    0x130C01, 0x130D01, 0x130E01, 0x130F01, 0x131001, 0x131101, 0x131201, 0x131301, 0x131401, 0x131501,
    0x131601, 0x131701, 0x131801, 0x131901, 0x131A01, 0x131B01, 0x131C01, 0x131D01, 0x131E01, 0x131F01,
    0x132001, 0x132101, 0x132201, 0x132301, 0x132401, 0x132501, 0x132601, 0x132701, 0x132801, 0x132901,
    0x132A01, 0x132B01, 0x132C01, 0x132D01, 0x132E01, 0x132F01, 0x133001, 0x133101, 0x133201, 0x133301,
    0x133401, 0x133501, 0x133601, 0x133701, 0x133801, 0x133901, 0x133A01, 0x133B01, 0x133C01, 0x133D01,
    0x133E01, 0x133F01, 0x134001, 0x134101, 0x134201, 0x134301, 0x134401, 0x134501, 0x134601, 0x134701,
    0x134801, 0x134901, 0x134A01, 0x134B01, 0x134C01, 0x134D01, 0x134E01, 0x134F01, 0x135001, 0x135101,
    0x135201, 0x135301, 0x135401, 0x135501, 0x135601, 0x135701, 0x135801, 0x135901, 0x135A01, 0x135B01,
    0x135C01, 0x135D01, 0x135E01, 0x135F01, 0x136001, 0x136101, 0x136201, 0x136301, 0x136401, 0x136501,
    0x136601, 0x136701, 0x136801, 0x136901, 0x136A01, 0x136B01, 0x136C01, 0x136D01, 0x136E01, 0x136F01,
    0x137001, 0x137101, 0x137201, 0x137301, 0x137401, 0x137501, 0x137601, 0x137701, 0x137801, 0x137901,
    0x137A01, 0x137B01, 0x137C01, 0x137D01, 0x137E01, 0x137F01, 0x138001, 0x138101, 0x138201, 0x138301,
    0x138401, 0x138501, 0x138601, 0x138701, 0x138801, 0x138901, 0x138A01, 0x138B01, 0x138C01, 0x138D01,
    0x138E01, 0x138F01, 0x139001, 0x139101, 0x139201, 0x139301, 0x139401, 0x139501, 0x139601, 0x139701,
    0x139801, 0x139901, 0x139A01, 0x139B01, 0x139C01, 0x139D01, 0x139E01, 0x139F01, 0x13A001, 0x13A101,
    0x13A201, 0x13A301, 0x13A401, 0x13A501, 0x13A601, 0x13A701, 0x13A801, 0x13A901, 0x13AA01, 0x13AB01,
    0x13AC01, 0x13AD01, 0x13AE01, 0x13AF01, 0x13B001, 0x13B101, 0x13B201, 0x13B301, 0x13B401, 0x13B501,
    0x13B601, 0x13B701, 0x13B801, 0x13B901, 0x13BA01, 0x13BB01, 0x13BC01, 0x13BD01, 0x13BE01, 0x13BF01,
    0x13C001, 0x13C101, 0x13C201, 0x13C301, 0x13C401, 0x13C501, 0x13C601, 0x13C701, 0x13C801, 0x13C901,
    0x13CA01, 0x13CB01, 0x13CC01, 0x13CD01, 0x13CE01, 0x13CF01, 0x13D001, 0x13D101, 0x13D201, 0x13D301,
    0x13D401, 0x13D501, 0x13D601, 0x13D701, 0x13D801, 0x13D901, 0x13DA01, 0x13DB01, 0x13DC01, 0x13DD01,
    0x13DE01, 0x13DF01, 0x13E001, 0x13E101, 0x13E201, 0x13E301, 0x13E401, 0x13E501, 0x13E601, 0x13E701,
    0x13E801, 0x13E901, 0x13EA01, 0x13EB01, 0x13EC01, 0x13ED01, 0x13EE01, 0x13EF01, 0x13F001, 0x13F101,
    0x13F201, 0x13F301, 0x13F401, 0x13F501, 0x13F601, 0x13F701, 0x13F801, 0x13F901, 0x13FA01, 0x13FB01,
    0x13FC01, 0x13FD01, 0x13FE01, 0x13FF01, 0x140001, 0x140101, 0x140201, 0x140301, 0x140401, 0x140501,
    0x140601, 0x140701, 0x140801, 0x140901, 0x140A01, 0x140B01, 0x140C01, 0x140D01, 0x140E01, 0x140F01,
    0x141001, 0x141101, 0x141201, 0x141301, 0x141401, 0x141501, 0x141601, 0x141701, 0x141801, 0x141901,
    0x141A01, 0x141B01, 0x141C01, 0x141D01, 0x141E01, 0x141F01, 0x142001, 0x142101, 0x142201, 0x142302,
    0x142502, 0x142702, 0x142903, 0x142C03, 0x142F02, 0x143102, 0x143302, 0x143502, 0x143702, 0x143902,
    0x143B02, 0x143D02, 0x143F02, 0x144101, 0x144201, 0x144301, 0x144401, 0x144501, 0x144601, 0x144701,
    0x144801, 0x144901, 0x144A01, 0x144B02, 0x144D02, 0x144F03, 0x145203, 0x145502, 0x145702, 0x145902,
    0x145B02, 0x145D02, 0x145F02, 0x146102, 0x146302, 0x146502, 0x146702, 0x146902, 0x146B02, 0x146D02,
    0x146F02, 0x147102, 0x147302, 0x147502, 0x147702, 0x147902, 0x147B02, 0x147D02, 0x147F02, 0x148102,
    0x148302, 0x148502, 0x148702, 0x148902, 0x148B02, 0x148D02, 0x148F01, 0x149001, 0x149101, 0x149201,
    0x149301, 0x149401, 0x149501, 0x149601, 0x149701, 0x149801, 0x149901, 0x149A01, 0x149B01, 0x149C01,
    0x149D01, 0x149E01, 0x149F01, 0x14A001, 0x14A101, 0x14A201, 0x14A301, 0x14A401, 0x14A501, 0x14A601,
    0x14A701, 0x14A801, 0x14A901, 0x14AA01, 0x14AB01, 0x14AC01, 0x14AD01, 0x14AE01, 0x14AF01, 0x14B001,
    0x14B101, 0x14B201, 0x14B301, 0x14B401, 0x14B501, 0x14B601, 0x14B701, 0x14B801, 0x14B901, 0x14BA01,
    0x14BB01, 0x14BC01, 0x14BD01, 0x14BE01, 0x14BF01, 0x14C001, 0x14C101, 0x14C201, 0x14C301, 0x14C401,
    0x14C501, 0x14C601, 0x14C701, 0x14C801, 0x14C901, 0x14CA01, 0x14CB01, 0x14CC01, 0x14CD01, 0x14CE01,
    0x14CF01, 0x14D001, 0x14D101, 0x14D201, 0x14D301, 0x14D401, 0x14D501, 0x14D601, 0x14D701, 0x14D801,
    0x14D901, 0x14DA01, 0x14DB01, 0x14DC01, 0x14DD01, 0x14DE01, 0x14DF01, 0x14E001, 0x14E101, 0x14E201,
    0x14E302, 0x14E502, 0x14E701, 0x14E801, 0x14E901, 0x14EA01, 0x14EB01, 0x14EC01, 0x14ED01, 0x14EE01,
    0x14EF01, 0x14F001, 0x14F102, 0x14F302, 0x14F501, 0x14F601, 0x14F701, 0x14F801, 0x14F901, 0x14FA01,
    0x14FB01, 0x14FC01, 0x14FD01, 0x14FE01, 0x14FF02, 0x150101, 0x150201, 0x150301, 0x150401, 0x150501,
    0x150601, 0x150701, 0x150801, 0x150901, 0x150A01, 0x150B01, 0x150C01, 0x150D03, 0x151003, 0x151303,
    0x151603, 0x151903, 0x151C03, 0x151F03, 0x152203, 0x152503, 0x152803, 0x152B03, 0x152E03, 0x153103,
    0x153403, 0x153703, 0x153A03, 0x153D03, 0x154003, 0x154301, 0x154401, 0x154501, 0x154601, 0x154703,
    0x154A03, 0x154D03, 0x155003, 0x155303, 0x155602, 0x155802, 0x155A02, 0x155C02, 0x155E02, 0x156002,
    0x156202, 0x156402, 0x156602, 0x156802, 0x156A02, 0x156C02, 0x156E02, 0x157002, 0x157202, 0x157402,
    0x157602, 0x157802, 0x157A02, 0x157C02, 0x157E02, 0x158002, 0x158202, 0x158402, 0x158602, 0x158802,
    0x158A02, 0x158C02, 0x158E02, 0x159002, 0x159202, 0x159402, 0x159602, 0x159802, 0x159A02, 0x159C02,
    0x159E02, 0x15A002, 0x15A202, 0x15A402, 0x15A602, 0x15A802, 0x15AA02, 0x15AC02, 0x15AE02, 0x15B002,
    0x15B202, 0x15B402, 0x15B602, 0x15B802, 0x15BA02, 0x15BC02, 0x15BE02, 0x15C002, 0x15C202, 0x15C402,
    0x15C602, 0x15C802, 0x15CA02, 0x15CC02, 0x15CE02, 0x15D002, 0x15D202, 0x15D402, 0x15D602, 0x15D802,
    0x15DA02, 0x15DC02, 0x15DE02, 0x15E002, 0x15E202, 0x15E402, 0x15E602, 0x15E802, 0x15EA02, 0x15EC02,
    0x15EE02, 0x15F002, 0x15F202, 0x15F402, 0x15F602, 0x15F802, 0x15FA02, 0x15FC02, 0x15FE02, 0x160002,
    0x160202, 0x160402, 0x160602, 0x160803, 0x160B03, 0x160E03, 0x161103, 0x161403, 0x161703, 0x161A03,
    0x161D03, 0x162003, 0x162303, 0x162603, 0x162903, 0x162C02, 0x162E02, 0x163002, 0x163202, 0x163402,
    0x163602, 0x163802, 0x163A02, 0x163C02, 0x163E02, 0x164002, 0x164202, 0x164402, 0x164602, 0x164802,
    0x164A02, 0x164C02, 0x164E02, 0x165002, 0x165202, 0x165402, 0x165602, 0x165802, 0x165A02, 0x165C02,
    0x165E02, 0x166002, 0x166202, 0x166402, 0x166602, 0x166802, 0x166A02, 0x166C02, 0x166E02, 0x167002,
    0x167202, 0x167402, 0x167602, 0x167802, 0x167A02, 0x167C02, 0x167E02, 0x168002, 0x168202, 0x168402,
    0x168603, 0x168903, 0x168C03, 0x168F03, 0x169203, 0x169502, 0x169702, 0x169902, 0x169B02, 0x169D02,
    0x169F02, 0x16A102, 0x16A302, 0x16A502, 0x16A702, 0x16A902, 0x16AB02, 0x16AD02, 0x16AF02, 0x16B102,
    0x16B302, 0x16B502, 0x16B702, 0x16B902, 0x16BB02, 0x16BD02, 0x16BF02, 0x16C102, 0x16C302, 0x16C502,
    0x16C702, 0x16C902, 0x16CB02, 0x16CD02, 0x16CF02, 0x16D102, 0x16D302, 0x16D502, 0x16D702, 0x16D902,
    0x16DB02, 0x16DD02, 0x16DF02, 0x16E102, 0x16E302, 0x16E502, 0x16E702, 0x16E902, 0x16EB02, 0x16ED02,
    0x16EF02, 0x16F102, 0x16F302, 0x16F502, 0x16F702, 0x16F902, 0x16FB02, 0x16FD02, 0x16FF02, 0x170102,
    0x170302, 0x170502, 0x170702, 0x170902, 0x170B02, 0x170D02, 0x170F02, 0x171102, 0x171302, 0x171502,
    0x171702, 0x171902, 0x171B03, 0x171E03, 0x172102, 0x172302, 0x172502, 0x172702, 0x172902, 0x172B02,
    0x172D02, 0x172F02, 0x173102, 0x173302, 0x173502, 0x173702, 0x173902, 0x173B02, 0x173D02, 0x173F02,
    0x174102, 0x174303, 0x174603, 0x174903, 0x174C02, 0x174E02, 0x175002, 0x175202, 0x175402, 0x175602,
    0x175802, 0x175A02, 0x175C02, 0x175E02, 0x176002, 0x176202, 0x176402, 0x176602, 0x176802, 0x176A02,
    0x176C02, 0x176E02, 0x177002, 0x177202, 0x177402, 0x177602, 0x177802, 0x177A02, 0x177C02, 0x177E02,
    0x178002, 0x178202, 0x178402, 0x178602, 0x178802, 0x178A02, 0x178C02, 0x178E02, 0x179002, 0x179202,
    0x179402, 0x179602, 0x179802, 0x179A02, 0x179C02, 0x179E02, 0x17A002, 0x17A202, 0x17A402, 0x17A602,
    0x17A802, 0x17AA02, 0x17AC02, 0x17AE02, 0x17B002, 0x17B202, 0x17B402, 0x17B602, 0x17B802, 0x17BA02,
    0x17BC02, 0x17BE02, 0x17C002, 0x17C202, 0x17C402, 0x17C602, 0x17C802, 0x17CA02, 0x17CC02, 0x17CE02,
    0x17D002, 0x17D202, 0x17D402, 0x17D602, 0x17D802, 0x17DA02, 0x17DC02, 0x17DE03, 0x17E103, 0x17E403,
    0x17E703, 0x17EA03, 0x17ED03, 0x17F003, 0x17F303, 0x17F603, 0x17F903, 0x17FC03, 0x17FF03, 0x180203,
    0x180503, 0x180803, 0x180B03, 0x180E03, 0x181103, 0x181403, 0x181703, 0x181A03, 0x181D03, 0x182003,
    0x182303, 0x182603, 0x182903, 0x182C03, 0x182F03, 0x183203, 0x183503, 0x183803, 0x183B03, 0x183E03,
    0x184103, 0x184403, 0x184703, 0x184A03, 0x184D03, 0x185003, 0x185303, 0x185603, 0x185903, 0x185C03,
    0x185F03, 0x186203, 0x186503, 0x186803, 0x186B03, 0x186E03, 0x187103, 0x187403, 0x187703, 0x187A03,
    0x187D03, 0x188003, 0x188303, 0x188603, 0x188903, 0x188C03, 0x188F03, 0x189203, 0x189503, 0x189803,
    0x189B03, 0x189E03, 0x18A103, 0x18A403, 0x18A703, 0x18AA03, 0x18AD03, 0x18B003, 0x18B303, 0x18B603,
    0x18B903, 0x18BC03, 0x18BF03, 0x18C203, 0x18C503, 0x18C803, 0x18CB03, 0x18CE03, 0x18D103, 0x18D403,
    0x18D703, 0x18DA03, 0x18DD03, 0x18E003, 0x18E303, 0x18E603, 0x18E903, 0x18EC03, 0x18EF03, 0x18F203,
    0x18F503, 0x18F803, 0x18FB03, 0x18FE03, 0x190103, 0x190403, 0x190703, 0x190A03, 0x190D03, 0x191003,
    0x191303, 0x191603, 0x191903, 0x191C03, 0x191F03, 0x192203, 0x192503, 0x192803, 0x192B03, 0x192E03,
    0x193103, 0x193403, 0x193703, 0x193A03, 0x193D03, 0x194003, 0x194303, 0x194604, 0x194A04, 0x194E04,
    0x195204, 0x195604, 0x195A04, 0x195E04, 0x196203, 0x196512, 0x197708, 0x197F04, 0x198301, 0x198401,
    0x198501, 0x198601, 0x198701, 0x198801, 0x198901, 0x198A01, 0x198B01, 0x198C03, 0x198F02, 0x199101,
    0x199201, 0x199301, 0x199401, 0x199501, 0x199601, 0x199701, 0x199801, 0x199901, 0x199A01, 0x199B01,
    0x199C01, 0x199D01, 0x199E01, 0x199F01, 0x19A001, 0x19A101, 0x19A201, 0x19A301, 0x19A401, 0x19A501,
    0x19A601, 0x19A702, 0x19A902, 0x19AB02, 0x19AD02, 0x19AF01, 0x19B001, 0x19B101, 0x19B201, 0x19B301,
    0x19B401, 0x19B501, 0x19B601, 0x19B701, 0x19B801, 0x19B901, 0x19BA01, 0x19BB01, 0x19BC01, 0x19BD01,
    0x19BE01, 0x19BF01, 0x19C001, 0x19C101, 0x19C201, 0x19C301, 0x19C401, 0x19C501, 0x19C601, 0x19C701,
    0x19C801, 0x19C901, 0x19CA01, 0x19CB01, 0x19CC02, 0x19CE02, 0x19D002, 0x19D202, 0x19D402, 0x19D602,
    0x19D802, 0x19DA02, 0x19DC02, 0x19DE02, 0x19E002, 0x19E202, 0x19E402, 0x19E602, 0x19E801, 0x19E902,
    0x19EB02, 0x19ED02, 0x19EF02, 0x19F102, 0x19F302, 0x19F502, 0x19F702, 0x19F902, 0x19FB02, 0x19FD02,
    0x19FF02, 0x1A0101, 0x1A0201, 0x1A0301, 0x1A0401, 0x1A0501, 0x1A0601, 0x1A0701, 0x1A0801, 0x1A0901,
    0x1A0A01, 0x1A0B01, 0x1A0C01, 0x1A0D01, 0x1A0E01, 0x1A0F01, 0x1A1001, 0x1A1101, 0x1A1201, 0x1A1301,
    0x1A1401, 0x1A1501, 0x1A1601, 0x1A1701, 0x1A1801, 0x1A1901, 0x1A1A01, 0x1A1B01, 0x1A1C01, 0x1A1D01,
    0x1A1E01, 0x1A1F01, 0x1A2001, 0x1A2101, 0x1A2201, 0x1A2301, 0x1A2401, 0x1A2501, 0x1A2601, 0x1A2701,
    0x1A2801, 0x1A2901, 0x1A2A01, 0x1A2B01, 0x1A2C01, 0x1A2D01, 0x1A2E01, 0x1A2F01, 0x1A3001, 0x1A3101,
    0x1A3201, 0x1A3301, 0x1A3401, 0x1A3501, 0x1A3601, 0x1A3701, 0x1A3801, 0x1A3901, 0x1A3A01, 0x1A3B01,
    0x1A3C01, 0x1A3D01, 0x1A3E01, 0x1A3F01, 0x1A4001, 0x1A4101, 0x1A4201, 0x1A4301, 0x1A4401, 0x1A4501,
    0x1A4601, 0x1A4701, 0x1A4801, 0x1A4901, 0x1A4A01, 0x1A4B01, 0x1A4C01, 0x1A4D01, 0x1A4E01, 0x1A4F01,
    0x1A5001, 0x1A5101, 0x1A5201, 0x1A5301, 0x1A5401, 0x1A5501, 0x1A5601, 0x1A5701, 0x1A5801, 0x1A5901,
    0x1A5A01, 0x1A5B01, 0x1A5C01, 0x1A5D01, 0x1A5E01, 0x1A5F01, 0x1A6001, 0x1A6101, 0x1A6201, 0x1A6301,
    0x1A6401, 0x1A6501, 0x1A6601, 0x1A6701, 0x1A6801, 0x1A6903, 0x1A6C03, 0x1A6F03, 0x1A7203, 0x1A7503,
    0x1A7803, 0x1A7B02, 0x1A7D02, 0x1A7F01, 0x1A8001, 0x1A8101, 0x1A8201, 0x1A8301, 0x1A8401, 0x1A8501,
    0x1A8601, 0x1A8701, 0x1A8801, 0x1A8901, 0x1A8A01, 0x1A8B01, 0x1A8C01, 0x1A8D01, 0x1A8E01, 0x1A8F01,
    0x1A9001, 0x1A9101, 0x1A9201, 0x1A9301, 0x1A9401, 0x1A9501, 0x1A9601, 0x1A9701, 0x1A9801, 0x1A9901,
    0x1A9A01, 0x1A9B01, 0x1A9C01, 0x1A9D01, 0x1A9E01, 0x1A9F01, 0x1AA001, 0x1AA101, 0x1AA201, 0x1AA301,
    0x1AA401, 0x1AA501, 0x1AA601, 0x1AA701, 0x1AA801, 0x1AA901, 0x1AAA01, 0x1AAB01, 0x1AAC01, 0x1AAD01,
    0x1AAE01, 0x1AAF01, 0x1AB001, 0x1AB101, 0x1AB201, 0x1AB301, 0x1AB401, 0x1AB501, 0x1AB601, 0x1AB701,
    0x1AB801, 0x1AB901, 0x1ABA01, 0x1ABB01, 0x1ABC01, 0x1ABD01, 0x1ABE01, 0x1ABF01, 0x1AC001, 0x1AC101,
    0x1AC201, 0x1AC301, 0x1AC401, 0x1AC501, 0x1AC601, 0x1AC701, 0x1AC801, 0x1AC901, 0x1ACA01, 0x1ACB01,
    0x1ACC01, 0x1ACD01, 0x1ACE01, 0x1ACF01, 0x1AD001, 0x1AD101, 0x1AD201, 0x1AD301, 0x1AD401, 0x1AD501,
    0x1AD601, 0x1AD701, 0x1AD801, 0x1AD901, 0x1ADA01, 0x1ADB01, 0x1ADC01, 0x1ADD01, 0x1ADE01, 0x1ADF01,
    0x1AE001, 0x1AE101, 0x1AE201, 0x1AE301, 0x1AE401, 0x1AE501, 0x1AE601, 0x1AE701, 0x1AE801, 0x1AE901,
    0x1AEA01, 0x1AEB01, 0x1AEC01, 0x1AED01, 0x1AEE01, 0x1AEF01, 0x1AF001, 0x1AF101, 0x1AF201, 0x1AF301,
    0x1AF401, 0x1AF501, 0x1AF601, 0x1AF701, 0x1AF801, 0x1AF901, 0x1AFA01, 0x1AFB01, 0x1AFC01, 0x1AFD01,
    0x1AFE01, 0x1AFF01, 0x1B0001, 0x1B0101, 0x1B0201, 0x1B0301, 0x1B0401, 0x1B0501, 0x1B0601, 0x1B0701,
    0x1B0801, 0x1B0901, 0x1B0A01, 0x1B0B01, 0x1B0C01, 0x1B0D01, 0x1B0E01, 0x1B0F01, 0x1B1001, 0x1B1101,
    0x1B1201, 0x1B1301, 0x1B1401, 0x1B1501, 0x1B1601, 0x1B1701, 0x1B1801, 0x1B1901, 0x1B1A01, 0x1B1B01,
    0x1B1C01, 0x1B1D01, 0x1B1E01, 0x1B1F01, 0x1B2001, 0x1B2101, 0x1B2201, 0x1B2301, 0x1B2401, 0x1B2501,
    0x1B2601, 0x1B2701, 0x1B2801, 0x1B2901, 0x1B2A01, 0x1B2B01, 0x1B2C01, 0x1B2D01, 0x1B2E01, 0x1B2F01,
    0x1B3001, 0x1B3101, 0x1B3201, 0x1B3301, 0x1B3401, 0x1B3501, 0x1B3601, 0x1B3701, 0x1B3801, 0x1B3901,
    0x1B3A01, 0x1B3B01, 0x1B3C01, 0x1B3D01, 0x1B3E01, 0x1B3F01, 0x1B4001, 0x1B4101, 0x1B4201, 0x1B4301,
    0x1B4401, 0x1B4501, 0x1B4601, 0x1B4701, 0x1B4801, 0x1B4901, 0x1B4A01, 0x1B4B01, 0x1B4C01, 0x1B4D01,
    0x1B4E01, 0x1B4F01, 0x1B5001, 0x1B5101, 0x1B5201, 0x1B5301, 0x1B5401, 0x1B5502, 0x1B5701, 0x1B5801,
    0x1B5901, 0x1B5A01, 0x1B5B01, 0x1B5C01, 0x1B5D01, 0x1B5E01, 0x1B5F01, 0x1B6001, 0x1B6102, 0x1B6302,
    0x1B6501, 0x1B6601, 0x1B6701, 0x1B6801, 0x1B6901, 0x1B6A01, 0x1B6B01, 0x1B6C01, 0x1B6D01, 0x1B6E01,
    0x1B6F01, 0x1B7001, 0x1B7101, 0x1B7201, 0x1B7301, 0x1B7401, 0x1B7501, 0x1B7601, 0x1B7701, 0x1B7801,
    0x1B7901, 0x1B7A01, 0x1B7B01, 0x1B7C01, 0x1B7D01, 0x1B7E01, 0x1B7F01, 0x1B8001, 0x1B8101, 0x1B8201,
    0x1B8301, 0x1B8401, 0x1B8501, 0x1B8601, 0x1B8701, 0x1B8801, 0x1B8901, 0x1B8A01, 0x1B8B01, 0x1B8C01,
    0x1B8D01, 0x1B8E01, 0x1B8F01, 0x1B9001, 0x1B9101, 0x1B9201, 0x1B9301, 0x1B9401, 0x1B9501, 0x1B9601,
    0x1B9701, 0x1B9801, 0x1B9901, 0x1B9A01, 0x1B9B01, 0x1B9C01, 0x1B9D02, 0x1B9F02, 0x1BA102, 0x1BA302,
    0x1BA502, 0x1BA702, 0x1BA902, 0x1BAB02, 0x1BAD02, 0x1BAF02, 0x1BB102, 0x1BB302, 0x1BB502, 0x1BB702,
    0x1BB902, 0x1BBB02, 0x1BBD02, 0x1BBF02, 0x1BC102, 0x1BC302, 0x1BC502, 0x1BC702, 0x1BC902, 0x1BCB02,
    0x1BCD02, 0x1BCF03, 0x1BD203, 0x1BD503, 0x1BD802, 0x1BDA02, 0x1BDC03, 0x1BDF01, 0x1BE001, 0x1BE101,
    0x1BE201, 0x1BE301, 0x1BE401, 0x1BE501, 0x1BE601, 0x1BE701, 0x1BE801, 0x1BE901, 0x1BEA01, 0x1BEB01,
    0x1BEC01, 0x1BED01, 0x1BEE01, 0x1BEF01, 0x1BF001, 0x1BF101, 0x1BF201, 0x1BF301, 0x1BF401, 0x1BF501,
    0x1BF601, 0x1BF701, 0x1BF801, 0x1BF901, 0x1BFA01, 0x1BFB01, 0x1BFC01, 0x1BFD01, 0x1BFE01, 0x1BFF01,
    0x1C0001, 0x1C0101, 0x1C0201, 0x1C0302, 0x1C0502, 0x1C0703, 0x1C0A03, 0x1C0D03, 0x1C1003, 0x1C1303,
    0x1C1602, 0x1C1802, 0x1C1A03, 0x1C1D03, 0x1C2003, 0x1C2303, 0x1C2601, 0x1C2701, 0x1C2801, 0x1C2901,
    0x1C2A01, 0x1C2B01, 0x1C2C01, 0x1C2D01, 0x1C2E01, 0x1C2F01, 0x1C3001, 0x1C3101, 0x1C3201, 0x1C3301,
    0x1C3401, 0x1C3501, 0x1C3601, 0x1C3701, 0x1C3801, 0x1C3901, 0x1C3A01, 0x1C3B01, 0x1C3C01, 0x1C3D01,
    0x1C3E01, 0x1C3F01, 0x1C4001, 0x1C4101, 0x1C4201, 0x1C4301, 0x1C4401, 0x1C4501, 0x1C4601, 0x1C4701,
    0x1C4801, 0x1C4901, 0x1C4A01, 0x1C4B01, 0x1C4C01, 0x1C4D01, 0x1C4E01, 0x1C4F01, 0x1C5001, 0x1C5101,
    0x1C5201, 0x1C5301, 0x1C5401, 0x1C5501, 0x1C5601, 0x1C5701, 0x1C5801, 0x1C5901, 0x1C5A01, 0x1C5B01,
    0x1C5C01, 0x1C5D01, 0x1C5E01, 0x1C5F01, 0x1C6001, 0x1C6101, 0x1C6201, 0x1C6301, 0x1C6401, 0x1C6501,
    0x1C6601, 0x1C6701, 0x1C6801, 0x1C6901, 0x1C6A01, 0x1C6B01, 0x1C6C01, 0x1C6D01, 0x1C6E01, 0x1C6F01,
    0x1C7001, 0x1C7101, 0x1C7201, 0x1C7301, 0x1C7401, 0x1C7501, 0x1C7601, 0x1C7701, 0x1C7801, 0x1C7901,
    0x1C7A01, 0x1C7B01, 0x1C7C01, 0x1C7D01, 0x1C7E01, 0x1C7F01, 0x1C8001, 0x1C8101, 0x1C8201, 0x1C8301,
    0x1C8401, 0x1C8501, 0x1C8601, 0x1C8701, 0x1C8801, 0x1C8901, 0x1C8A01, 0x1C8B01, 0x1C8C01, 0x1C8D01,
    0x1C8E01, 0x1C8F01, 0x1C9001, 0x1C9101, 0x1C9201, 0x1C9301, 0x1C9401, 0x1C9501, 0x1C9601, 0x1C9701,
    0x1C9801, 0x1C9901, 0x1C9A01, 0x1C9B01, 0x1C9C01, 0x1C9D01, 0x1C9E01, 0x1C9F01, 0x1CA001, 0x1CA101,
    0x1CA201, 0x1CA301, 0x1CA401, 0x1CA501, 0x1CA601, 0x1CA701, 0x1CA801, 0x1CA901, 0x1CAA01, 0x1CAB01,
    0x1CAC01, 0x1CAD01, 0x1CAE01, 0x1CAF01, 0x1CB001, 0x1CB101, 0x1CB201, 0x1CB301, 0x1CB401, 0x1CB501,
    0x1CB601, 0x1CB701, 0x1CB801, 0x1CB901, 0x1CBA01, 0x1CBB01, 0x1CBC01, 0x1CBD01, 0x1CBE01, 0x1CBF01,
    0x1CC001, 0x1CC101, 0x1CC201, 0x1CC301, 0x1CC401, 0x1CC501, 0x1CC601, 0x1CC701, 0x1CC801, 0x1CC901,
    0x1CCA01, 0x1CCB01, 0x1CCC01, 0x1CCD01, 0x1CCE01, 0x1CCF01, 0x1CD001, 0x1CD101, 0x1CD201, 0x1CD301,
    0x1CD401, 0x1CD501, 0x1CD601, 0x1CD701, 0x1CD801, 0x1CD901, 0x1CDA01, 0x1CDB01, 0x1CDC01, 0x1CDD01,
    0x1CDE01, 0x1CDF01, 0x1CE001, 0x1CE101, 0x1CE201, 0x1CE301, 0x1CE401, 0x1CE501, 0x1CE601, 0x1CE701,
    0x1CE801, 0x1CE901, 0x1CEA01, 0x1CEB01, 0x1CEC01, 0x1CED01, 0x1CEE01, 0x1CEF01, 0x1CF001, 0x1CF101,
    0x1CF201, 0x1CF301, 0x1CF401, 0x1CF501, 0x1CF601, 0x1CF701, 0x1CF801, 0x1CF901, 0x1CFA01, 0x1CFB01,
    0x1CFC01, 0x1CFD01, 0x1CFE01, 0x1CFF01, 0x1D0001, 0x1D0101, 0x1D0201, 0x1D0301, 0x1D0401, 0x1D0501,
    0x1D0601, 0x1D0701, 0x1D0801, 0x1D0901, 0x1D0A01, 0x1D0B01, 0x1D0C01, 0x1D0D01, 0x1D0E01, 0x1D0F01,
    0x1D1001, 0x1D1101, 0x1D1201, 0x1D1301, 0x1D1401, 0x1D1501, 0x1D1601, 0x1D1701, 0x1D1801, 0x1D1901,
    0x1D1A01, 0x1D1B01, 0x1D1C01, 0x1D1D01, 0x1D1E01, 0x1D1F01, 0x1D2001, 0x1D2101, 0x1D2201, 0x1D2301,
    0x1D2401, 0x1D2501, 0x1D2601, 0x1D2701, 0x1D2801, 0x1D2901, 0x1D2A01, 0x1D2B01, 0x1D2C01, 0x1D2D01,
    0x1D2E01, 0x1D2F01, 0x1D3001, 0x1D3101, 0x1D3201, 0x1D3301, 0x1D3401, 0x1D3501, 0x1D3601, 0x1D3701,
    0x1D3801, 0x1D3901, 0x1D3A01, 0x1D3B01, 0x1D3C01, 0x1D3D01, 0x1D3E01, 0x1D3F01, 0x1D4001, 0x1D4101,
    0x1D4201, 0x1D4301, 0x1D4401, 0x1D4501, 0x1D4601, 0x1D4701, 0x1D4801, 0x1D4901, 0x1D4A01, 0x1D4B01,
    0x1D4C01, 0x1D4D01, 0x1D4E01, 0x1D4F01, 0x1D5001, 0x1D5101, 0x1D5201, 0x1D5301, 0x1D5401, 0x1D5501,
    0x1D5601, 0x1D5701, 0x1D5801, 0x1D5901, 0x1D5A01, 0x1D5B01, 0x1D5C01, 0x1D5D01, 0x1D5E01, 0x1D5F01,
    0x1D6001, 0x1D6101, 0x1D6201, 0x1D6301, 0x1D6401, 0x1D6501, 0x1D6601, 0x1D6701, 0x1D6801, 0x1D6901,
    0x1D6A01, 0x1D6B01, 0x1D6C01, 0x1D6D01, 0x1D6E01, 0x1D6F01, 0x1D7001, 0x1D7101, 0x1D7201, 0x1D7301,
    0x1D7401, 0x1D7501, 0x1D7601, 0x1D7701, 0x1D7801, 0x1D7901, 0x1D7A01, 0x1D7B01, 0x1D7C01, 0x1D7D01,
    0x1D7E01, 0x1D7F01, 0x1D8001, 0x1D8101, 0x1D8201, 0x1D8301, 0x1D8401, 0x1D8501, 0x1D8601, 0x1D8701,
    0x1D8801, 0x1D8901, 0x1D8A01, 0x1D8B01, 0x1D8C01, 0x1D8D01, 0x1D8E01, 0x1D8F01, 0x1D9001, 0x1D9101,
    0x1D9201, 0x1D9301, 0x1D9401, 0x1D9501, 0x1D9601, 0x1D9701, 0x1D9801, 0x1D9901, 0x1D9A01, 0x1D9B01,
    0x1D9C01, 0x1D9D01, 0x1D9E01, 0x1D9F01, 0x1DA001, 0x1DA101, 0x1DA201, 0x1DA301, 0x1DA401, 0x1DA501,
    0x1DA601, 0x1DA701, 0x1DA801, 0x1DA901, 0x1DAA01, 0x1DAB01, 0x1DAC01, 0x1DAD01, 0x1DAE01, 0x1DAF01,
    0x1DB001, 0x1DB101, 0x1DB201, 0x1DB301, 0x1DB401, 0x1DB501, 0x1DB601, 0x1DB701, 0x1DB801, 0x1DB901,
    0x1DBA01, 0x1DBB01, 0x1DBC01, 0x1DBD01, 0x1DBE01, 0x1DBF01, 0x1DC001, 0x1DC101, 0x1DC201, 0x1DC301,
    0x1DC401, 0x1DC501, 0x1DC601, 0x1DC701, 0x1DC801, 0x1DC901, 0x1DCA01, 0x1DCB01, 0x1DCC01, 0x1DCD01,
    0x1DCE01, 0x1DCF01, 0x1DD001, 0x1DD101, 0x1DD201, 0x1DD301, 0x1DD401, 0x1DD501, 0x1DD601, 0x1DD701,
    0x1DD801, 0x1DD901, 0x1DDA01, 0x1DDB01, 0x1DDC01, 0x1DDD01, 0x1DDE01, 0x1DDF01, 0x1DE001, 0x1DE101,
    0x1DE201, 0x1DE301, 0x1DE401, 0x1DE501, 0x1DE601, 0x1DE701, 0x1DE801, 0x1DE901, 0x1DEA01, 0x1DEB01,
    0x1DEC01, 0x1DED01, 0x1DEE01, 0x1DEF01, 0x1DF001, 0x1DF101, 0x1DF201, 0x1DF301, 0x1DF401, 0x1DF501,
    0x1DF601, 0x1DF701, 0x1DF801, 0x1DF901, 0x1DFA01, 0x1DFB01, 0x1DFC01, 0x1DFD01, 0x1DFE01, 0x1DFF01,
    0x1E0001, 0x1E0101, 0x1E0201, 0x1E0301, 0x1E0401, 0x1E0501, 0x1E0601, 0x1E0701, 0x1E0801, 0x1E0901,
    0x1E0A01, 0x1E0B01, 0x1E0C01, 0x1E0D01, 0x1E0E01, 0x1E0F01, 0x1E1001, 0x1E1101, 0x1E1201, 0x1E1301,
    0x1E1401, 0x1E1501, 0x1E1601, 0x1E1701, 0x1E1801, 0x1E1901, 0x1E1A01, 0x1E1B01, 0x1E1C01, 0x1E1D01,
    0x1E1E01, 0x1E1F01, 0x1E2001, 0x1E2101, 0x1E2201, 0x1E2301, 0x1E2401, 0x1E2501, 0x1E2601, 0x1E2701,
    0x1E2801, 0x1E2901, 0x1E2A01, 0x1E2B01, 0x1E2C01, 0x1E2D01, 0x1E2E01, 0x1E2F01, 0x1E3001, 0x1E3101,
    0x1E3201, 0x1E3301, 0x1E3401, 0x1E3501, 0x1E3601, 0x1E3701, 0x1E3801, 0x1E3901, 0x1E3A01, 0x1E3B01,
    0x1E3C01, 0x1E3D01, 0x1E3E01, 0x1E3F01, 0x1E4001, 0x1E4101, 0x1E4201, 0x1E4301, 0x1E4401, 0x1E4501,
    0x1E4601, 0x1E4701, 0x1E4801, 0x1E4901, 0x1E4A01, 0x1E4B01, 0x1E4C01, 0x1E4D01, 0x1E4E01, 0x1E4F01,
    0x1E5001, 0x1E5101, 0x1E5201, 0x1E5301, 0x1E5401, 0x1E5501, 0x1E5601, 0x1E5701, 0x1E5801, 0x1E5901,
    0x1E5A01, 0x1E5B01, 0x1E5C01, 0x1E5D01, 0x1E5E01, 0x1E5F01, 0x1E6001, 0x1E6101, 0x1E6201, 0x1E6301,
    0x1E6401, 0x1E6501, 0x1E6601, 0x1E6701, 0x1E6801, 0x1E6901, 0x1E6A01, 0x1E6B01, 0x1E6C01, 0x1E6D01,
    0x1E6E01, 0x1E6F01, 0x1E7001, 0x1E7101, 0x1E7201, 0x1E7301, 0x1E7401, 0x1E7501, 0x1E7601, 0x1E7701,
    0x1E7801, 0x1E7901, 0x1E7A01, 0x1E7B01, 0x1E7C01, 0x1E7D01, 0x1E7E01, 0x1E7F01, 0x1E8001, 0x1E8101,
    0x1E8201, 0x1E8301, 0x1E8401, 0x1E8501, 0x1E8601, 0x1E8701, 0x1E8801, 0x1E8901, 0x1E8A01, 0x1E8B01,
    0x1E8C01, 0x1E8D01, 0x1E8E01, 0x1E8F01, 0x1E9001, 0x1E9101, 0x1E9201, 0x1E9301, 0x1E9401, 0x1E9501,
    0x1E9601, 0x1E9701, 0x1E9801, 0x1E9901, 0x1E9A01, 0x1E9B01, 0x1E9C01, 0x1E9D01, 0x1E9E01, 0x1E9F01,
    0x1EA001, 0x1EA101, 0x1EA201, 0x1EA301, 0x1EA401, 0x1EA501, 0x1EA601, 0x1EA701, 0x1EA801, 0x1EA901,
    0x1EAA01, 0x1EAB01, 0x1EAC01, 0x1EAD01, 0x1EAE01, 0x1EAF01, 0x1EB001, 0x1EB101, 0x1EB201, 0x1EB301,
    0x1EB401, 0x1EB501, 0x1EB601, 0x1EB701, 0x1EB801, 0x1EB901, 0x1EBA01, 0x1EBB01, 0x1EBC01, 0x1EBD01,
    0x1EBE01, 0x1EBF01, 0x1EC001, 0x1EC101, 0x1EC201, 0x1EC301, 0x1EC401, 0x1EC501, 0x1EC601, 0x1EC701,
    0x1EC801, 0x1EC901, 0x1ECA01, 0x1ECB01, 0x1ECC01, 0x1ECD01, 0x1ECE01, 0x1ECF01, 0x1ED001, 0x1ED101,
    0x1ED201, 0x1ED301, 0x1ED401, 0x1ED501, 0x1ED601, 0x1ED701, 0x1ED801, 0x1ED901, 0x1EDA01, 0x1EDB01,
    0x1EDC01, 0x1EDD01, 0x1EDE01, 0x1EDF01, 0x1EE001, 0x1EE101, 0x1EE201, 0x1EE301, 0x1EE401, 0x1EE501,
    0x1EE601, 0x1EE701, 0x1EE801, 0x1EE901, 0x1EEA01, 0x1EEB01, 0x1EEC01, 0x1EED01, 0x1EEE01, 0x1EEF01,
    0x1EF001, 0x1EF101, 0x1EF201, 0x1EF301, 0x1EF401, 0x1EF501, 0x1EF601, 0x1EF701, 0x1EF801, 0x1EF901,
    0x1EFA01, 0x1EFB01, 0x1EFC01, 0x1EFD01, 0x1EFE01, 0x1EFF01, 0x1F0001, 0x1F0101, 0x1F0201, 0x1F0301,
    0x1F0401, 0x1F0501, 0x1F0601, 0x1F0701, 0x1F0801, 0x1F0901, 0x1F0A01, 0x1F0B01, 0x1F0C01, 0x1F0D01,
    0x1F0E01, 0x1F0F01, 0x1F1001, 0x1F1101, 0x1F1201, 0x1F1301, 0x1F1401, 0x1F1501, 0x1F1601, 0x1F1701,
    0x1F1801, 0x1F1901, 0x1F1A01, 0x1F1B01, 0x1F1C01, 0x1F1D01, 0x1F1E01, 0x1F1F01, 0x1F2001, 0x1F2101,
    0x1F2201, 0x1F2301, 0x1F2401, 0x1F2501, 0x1F2601, 0x1F2701, 0x1F2801, 0x1F2901, 0x1F2A01, 0x1F2B01,
    0x1F2C01, 0x1F2D01, 0x1F2E01, 0x1F2F01, 0x1F3001, 0x1F3101, 0x1F3201, 0x1F3301, 0x1F3401, 0x1F3501,
    0x1F3601, 0x1F3701, 0x1F3801, 0x1F3901, 0x1F3A01, 0x1F3B01, 0x1F3C01, 0x1F3D01, 0x1F3E01, 0x1F3F01,
    0x1F4001, 0x1F4101, 0x1F4201, 0x1F4301, 0x1F4401, 0x1F4501, 0x1F4601, 0x1F4701, 0x1F4801, 0x1F4901,
    0x1F4A01, 0x1F4B01, 0x1F4C01, 0x1F4D01, 0x1F4E01, 0x1F4F01, 0x1F5001, 0x1F5101, 0x1F5201, 0x1F5301,
    0x1F5401, 0x1F5501, 0x1F5601, 0x1F5701, 0x1F5801, 0x1F5901, 0x1F5A01, 0x1F5B01, 0x1F5C01, 0x1F5D01,
    0x1F5E01, 0x1F5F01, 0x1F6001, 0x1F6101, 0x1F6201, 0x1F6301, 0x1F6401, 0x1F6501, 0x1F6601, 0x1F6701,
    0x1F6801, 0x1F6901, 0x1F6A01, 0x1F6B01, 0x1F6C01, 0x1F6D01, 0x1F6E01, 0x1F6F01, 0x1F7001, 0x1F7101,
    0x1F7201, 0x1F7301, 0x1F7401, 0x1F7501, 0x1F7601, 0x1F7701, 0x1F7801, 0x1F7901, 0x1F7A01, 0x1F7B01,
    0x1F7C01, 0x1F7D01, 0x1F7E01, 0x1F7F01, 0x1F8001, 0x1F8101, 0x1F8201, 0x1F8301, 0x1F8401, 0x1F8501,
    0x1F8601, 0x1F8701, 0x1F8801, 0x1F8901, 0x1F8A01, 0x1F8B01, 0x1F8C01, 0x1F8D01, 0x1F8E01, 0x1F8F01,
    0x1F9001, 0x1F9101, 0x1F9201, 0x1F9301, 0x1F9401, 0x1F9501, 0x1F9601, 0x1F9701, 0x1F9801, 0x1F9901,
    0x1F9A01, 0x1F9B01, 0x1F9C01, 0x1F9D01, 0x1F9E01, 0x1F9F01, 0x1FA001, 0x1FA101, 0x1FA201, 0x1FA301,
    0x1FA401, 0x1FA501, 0x1FA601, 0x1FA701, 0x1FA801, 0x1FA901, 0x1FAA01, 0x1FAB01, 0x1FAC01, 0x1FAD01,
    0x1FAE01, 0x1FAF01, 0x1FB001, 0x1FB101, 0x1FB201, 0x1FB301, 0x1FB401, 0x1FB501, 0x1FB601, 0x1FB701,
    0x1FB801, 0x1FB901, 0x1FBA01, 0x1FBB01, 0x1FBC01, 0x1FBD01, 0x1FBE01, 0x1FBF01, 0x1FC001, 0x1FC101,
    0x1FC201, 0x1FC301, 0x1FC401, 0x1FC501, 0x1FC601, 0x1FC701, 0x1FC801, 0x1FC901, 0x1FCA01, 0x1FCB01,
    0x1FCC01, 0x1FCD01, 0x1FCE01, 0x1FCF01, 0x1FD001, 0x1FD101, 0x1FD201, 0x1FD301, 0x1FD401, 0x1FD501,
    0x1FD601, 0x1FD701, 0x1FD801, 0x1FD901, 0x1FDA01, 0x1FDB01, 0x1FDC01, 0x1FDD01, 0x1FDE01, 0x1FDF01,
    0x1FE001, 0x1FE101, 0x1FE201, 0x1FE301, 0x1FE401, 0x1FE501, 0x1FE601, 0x1FE701, 0x1FE801, 0x1FE901,
    0x1FEA01, 0x1FEB01, 0x1FEC01, 0x1FED01, 0x1FEE01, 0x1FEF01, 0x1FF001, 0x1FF101, 0x1FF201, 0x1FF301,
    0x1FF401, 0x1FF501, 0x1FF601, 0x1FF701, 0x1FF801, 0x1FF901, 0x1FFA01, 0x1FFB01, 0x1FFC01, 0x1FFD01,
    0x1FFE01, 0x1FFF01, 0x200001, 0x200101, 0x200201, 0x200301, 0x200401, 0x200501, 0x200601, 0x200701,
    0x200801, 0x200901, 0x200A01, 0x200B01, 0x200C01, 0x200D01, 0x200E01, 0x200F01, 0x201001, 0x201101,
    0x201201, 0x201301, 0x201401, 0x201501, 0x201601, 0x201701, 0x201801, 0x201901, 0x201A01, 0x201B01,
    0x201C01, 0x201D01, 0x201E01, 0x201F01, 0x202001, 0x202101, 0x202201, 0x202301, 0x202401, 0x202501,
    0x202601, 0x202701, 0x202801, 0x202901, 0x202A01, 0x202B01, 0x202C01, 0x202D01, 0x202E01, 0x202F01,
    0x203001, 0x203101, 0x203201, 0x203301, 0x203401, 0x203501, 0x203601, 0x203701, 0x203801, 0x203901,
    0x203A01, 0x203B01, 0x203C01, 0x203D01, 0x203E01, 0x203F01, 0x204001, 0x204101, 0x204201, 0x204301,
    0x204401, 0x204501, 0x204601, 0x204701, 0x204801, 0x204901, 0x204A01, 0x204B01, 0x204C01, 0x204D01,
    0x204E01, 0x204F01, 0x205001, 0x205101, 0x205201, 0x205301, 0x205401, 0x205501, 0x205601, 0x205701,
    0x205801, 0x205901, 0x205A01, 0x205B01, 0x205C01, 0x205D01, 0x205E01, 0x205F01, 0x206001, 0x206101,
    0x206201, 0x206301, 0x206401, 0x206501, 0x206601, 0x206701, 0x206801, 0x206901, 0x206A01, 0x206B01,
    0x206C01, 0x206D01, 0x206E01, 0x206F01, 0x207001, 0x207101, 0x207201, 0x207301, 0x207401, 0x207501,
    0x207601, 0x207701, 0x207801, 0x207901, 0x207A01, 0x207B01, 0x207C01, 0x207D01, 0x207E01, 0x207F01,
    0x208001, 0x208101, 0x208201, 0x208301, 0x208401, 0x208501, 0x208601, 0x208701, 0x208801, 0x208901,
    0x208A01, 0x208B01, 0x208C01, 0x208D01, 0x208E01, 0x208F01, 0x209001, 0x209101, 0x209201, 0x209301,
    0x209401, 0x209501, 0x209601, 0x209701, 0x209801, 0x209901, 0x209A01, 0x209B01, 0x209C01, 0x209D01,
    0x209E01, 0x209F01, 0x20A001, 0x20A101, 0x20A201, 0x20A301, 0x20A401, 0x20A501, 0x20A601, 0x20A701,
    0x20A801, 0x20A901, 0x20AA01, 0x20AB01, 0x20AC01, 0x20AD01, 0x20AE01, 0x20AF01, 0x20B001, 0x20B101,
    0x20B201, 0x20B301, 0x20B401, 0x20B501, 0x20B601, 0x20B701, 0x20B801, 0x20B901, 0x20BA01, 0x20BB01,
    0x20BC01, 0x20BD01, 0x20BE01, 0x20BF01, 0x20C001, 0x20C101, 0x20C201, 0x20C301, 0x20C401, 0x20C501,
    0x20C601, 0x20C701, 0x20C801, 0x20C901, 0x20CA01, 0x20CB01, 0x20CC01, 0x20CD01, 0x20CE01, 0x20CF01,
    0x20D001, 0x20D101, 0x20D201, 0x20D301, 0x20D401, 0x20D502, 0x20D702, 0x20D902, 0x20DB02, 0x20DD02,
    0x20DF02, 0x20E102, 0x20E302, 0x20E502, 0x20E702, 0x20E902, 0x20EB03, 0x20EE03, 0x20F103, 0x20F403,
    0x20F703, 0x20FA03, 0x20FD03, 0x210003, 0x210303, 0x210603, 0x210903, 0x210C03, 0x210F03, 0x211203,
    0x211503, 0x211803, 0x211B03, 0x211E03, 0x212103, 0x212403, 0x212703, 0x212A03, 0x212D03, 0x213003,
    0x213303, 0x213603, 0x213903, 0x213C01, 0x213D01, 0x213E02, 0x214002, 0x214201, 0x214301, 0x214401,
    0x214501, 0x214601, 0x214701, 0x214801, 0x214901, 0x214A01, 0x214B01, 0x214C01, 0x214D01, 0x214E01,
    0x214F01, 0x215001, 0x215101, 0x215201, 0x215301, 0x215401, 0x215501, 0x215601, 0x215701, 0x215801,
    0x215901, 0x215A01, 0x215B01, 0x215C02, 0x215E02, 0x216002, 0x216202, 0x216403, 0x216702, 0x216902,
    0x216B02, 0x216D02, 0x216F02, 0x217102, 0x217302, 0x217501, 0x217601, 0x217701, 0x217801, 0x217902,
    0x217B01, 0x217C01, 0x217D01, 0x217E01, 0x217F01, 0x218001, 0x218101, 0x218201, 0x218301, 0x218401,
    0x218501, 0x218601, 0x218701, 0x218801, 0x218901, 0x218A01, 0x218B01, 0x218C01, 0x218D01, 0x218E01,
    0x218F01, 0x219001, 0x219101, 0x219201, 0x219301, 0x219401, 0x219501, 0x219601, 0x219701, 0x219801,
    0x219901, 0x219A01, 0x219B01, 0x219C01, 0x219D01, 0x219E01, 0x219F01, 0x21A001, 0x21A101, 0x21A201,
    0x21A303, 0x21A603, 0x21A903, 0x21AC03, 0x21AF03, 0x21B203, 0x21B503, 0x21B803, 0x21BB03, 0x21BE01,
    0x21BF01, 0x21C001, 0x21C101, 0x21C201, 0x21C301, 0x21C401, 0x21C501, 0x21C601, 0x21C701, 0x21C801,
    0x21C901, 0x21CA01, 0x21CB01, 0x21CC01, 0x21CD01, 0x21CE01, 0x21CF01, 0x21D001, 0x21D101, 0x21D201,
    0x21D301, 0x21D401, 0x21D501, 0x21D601, 0x21D701, 0x21D801, 0x21D901, 0x21DA01, 0x21DB01, 0x21DC01,
    0x21DD01, 0x21DE01, 0x21DF01, 0x21E001, 0x21E101, 0x21E201, 0x21E301, 0x21E401, 0x21E501, 0x21E601,
    0x21E701, 0x21E801, 0x21E901, 0x21EA01, 0x21EB01, 0x21EC01, 0x21ED01, 0x21EE01, 0x21EF01, 0x21F001,
    0x21F101, 0x21F201, 0x21F301, 0x21F401, 0x21F501, 0x21F601, 0x21F701, 0x21F801, 0x21F901, 0x21FA01,
    0x21FB01, 0x21FC01, 0x21FD01, 0x21FE01, 0x21FF01, 0x220001, 0x220101, 0x220201, 0x220301, 0x220401,
    0x220501, 0x220601, 0x220701, 0x220801, 0x220901, 0x220A01, 0x220B01, 0x220C01, 0x220D01, 0x220E01,
    0x220F01, 0x221001, 0x221101, 0x221201, 0x221301, 0x221401, 0x221501, 0x221601, 0x221701, 0x221801,
    0x221901, 0x221A01, 0x221B01, 0x221C01, 0x221D01, 0x221E01, 0x221F01, 0x222001, 0x222101, 0x222201,
    0x222301, 0x222401, 0x222501, 0x222601, 0x222701, 0x222801, 0x222901, 0x222A01, 0x222B01, 0x222C01,
    0x222D01, 0x222E01, 0x222F01, 0x223001, 0x223101, 0x223201, 0x223301, 0x223401, 0x223501, 0x223601,
    0x223701, 0x223801, 0x223901, 0x223A01, 0x223B01, 0x223C01, 0x223D01, 0x223E01, 0x223F01, 0x224001,
    0x224101, 0x224201, 0x224301, 0x224401, 0x224501, 0x224601, 0x224701, 0x224801, 0x224901, 0x224A01,
    0x224B01, 0x224C01, 0x224D01, 0x224E01, 0x224F01, 0x225001, 0x225101, 0x225201, 0x225301, 0x225401,
    0x225501, 0x225601, 0x225701, 0x225801, 0x225901, 0x225A01, 0x225B01, 0x225C01, 0x225D01, 0x225E01,
    0x225F01, 0x226001, 0x226101, 0x226201, 0x226301, 0x226401, 0x226501, 0x226601, 0x226701, 0x226801,
    0x226901, 0x226A01, 0x226B01, 0x226C01, 0x226D01, 0x226E01, 0x226F01, 0x227001, 0x227101, 0x227201,
    0x227301, 0x227401, 0x227501, 0x227601, 0x227701, 0x227801, 0x227901, 0x227A01, 0x227B01, 0x227C01,
    0x227D01, 0x227E01, 0x227F01, 0x228001, 0x228101, 0x228201, 0x228301, 0x228401, 0x228501, 0x228601,
    0x228701, 0x228801, 0x228901, 0x228A01, 0x228B01, 0x228C01, 0x228D01, 0x228E01, 0x228F01, 0x229001,
    0x229101, 0x229201, 0x229301, 0x229401, 0x229501, 0x229601, 0x229701, 0x229801, 0x229901, 0x229A01,
    0x229B01, 0x229C01, 0x229D01, 0x229E01, 0x229F01, 0x22A001, 0x22A101, 0x22A201, 0x22A301, 0x22A401,
    0x22A501, 0x22A601, 0x22A701, 0x22A801, 0x22A901, 0x22AA01, 0x22AB01, 0x22AC01, 0x22AD01, 0x22AE01,
    0x22AF01, 0x22B001, 0x22B101, 0x22B201, 0x22B301, 0x22B401, 0x22B501, 0x22B601, 0x22B701, 0x22B801,
    0x22B901, 0x22BA01, 0x22BB01, 0x22BC01, 0x22BD01, 0x22BE01, 0x22BF01, 0x22C001, 0x22C101, 0x22C201,
    0x22C301, 0x22C401, 0x22C501, 0x22C601, 0x22C701, 0x22C801, 0x22C901, 0x22CA01, 0x22CB01, 0x22CC01,
    0x22CD01, 0x22CE01, 0x22CF01, 0x22D001, 0x22D101, 0x22D201, 0x22D301, 0x22D401, 0x22D501, 0x22D601,
    0x22D701, 0x22D801, 0x22D901, 0x22DA01, 0x22DB01, 0x22DC01, 0x22DD01, 0x22DE01, 0x22DF01, 0x22E001,
    0x22E101, 0x22E201, 0x22E301, 0x22E401, 0x22E501, 0x22E601, 0x22E701, 0x22E801, 0x22E901, 0x22EA01,
    0x22EB01, 0x22EC01, 0x22ED01, 0x22EE01, 0x22EF01, 0x22F001, 0x22F101, 0x22F201, 0x22F301, 0x22F401,
    0x22F501, 0x22F601, 0x22F701, 0x22F801, 0x22F901, 0x22FA01, 0x22FB01, 0x22FC01, 0x22FD01, 0x22FE01,
    0x22FF01, 0x230001, 0x230101, 0x230201, 0x230301, 0x230401, 0x230501, 0x230601, 0x230701, 0x230801,
    0x230901, 0x230A01, 0x230B01, 0x230C01, 0x230D01, 0x230E01, 0x230F01, 0x231001, 0x231101, 0x231201,
    0x231301, 0x231401, 0x231501, 0x231601, 0x231701, 0x231801, 0x231901, 0x231A01, 0x231B01, 0x231C01,
    0x231D01, 0x231E01, 0x231F01, 0x232001, 0x232101, 0x232201, 0x232301, 0x232401, 0x232501, 0x232601,
    0x232701, 0x232801, 0x232901, 0x232A01, 0x232B01, 0x232C01, 0x232D01, 0x232E01, 0x232F01, 0x233001,
    0x233101, 0x233201, 0x233301, 0x233401, 0x233501, 0x233601, 0x233701, 0x233801, 0x233901, 0x233A01,
    0x233B01, 0x233C01, 0x233D01, 0x233E01, 0x233F01, 0x234001, 0x234101, 0x234201, 0x234301, 0x234401,
    0x234501, 0x234601, 0x234701, 0x234801, 0x234901, 0x234A01, 0x234B01, 0x234C01, 0x234D01, 0x234E01,
    0x234F01, 0x235001, 0x235101, 0x235201, 0x235301, 0x235401, 0x235501, 0x235601, 0x235701, 0x235801,
    0x235901, 0x235A01, 0x235B01, 0x235C01, 0x235D01, 0x235E01, 0x235F01, 0x236001, 0x236101, 0x236201,
    0x236301, 0x236401, 0x236501, 0x236601, 0x236701, 0x236801, 0x236901, 0x236A01, 0x236B01, 0x236C01,
    0x236D01, 0x236E01, 0x236F01, 0x237001, 0x237101, 0x237201, 0x237301, 0x237401, 0x237501, 0x237601,
    0x237701, 0x237801, 0x237901, 0x237A01, 0x237B01, 0x237C01, 0x237D01, 0x237E01, 0x237F01, 0x238001,
    0x238101, 0x238201, 0x238301, 0x238401, 0x238501, 0x238601, 0x238701, 0x238801, 0x238901, 0x238A01,
    0x238B01, 0x238C01, 0x238D01, 0x238E01, 0x238F01, 0x239001, 0x239101, 0x239201, 0x239301, 0x239401,
    0x239501, 0x239601, 0x239701, 0x239801, 0x239901, 0x239A01, 0x239B01, 0x239C01, 0x239D01, 0x239E01,
    0x239F01, 0x23A001, 0x23A101, 0x23A201, 0x23A301, 0x23A401, 0x23A501, 0x23A601, 0x23A701, 0x23A801,
    0x23A901, 0x23AA01, 0x23AB01, 0x23AC01, 0x23AD01, 0x23AE01, 0x23AF01, 0x23B001, 0x23B101, 0x23B201,
    0x23B301, 0x23B401, 0x23B501, 0x23B601, 0x23B701, 0x23B801, 0x23B901, 0x23BA01, 0x23BB01, 0x23BC01,
    0x23BD01, 0x23BE01, 0x23BF01, 0x23C001, 0x23C101, 0x23C201, 0x23C301, 0x23C401, 0x23C501, 0x23C601,
    0x23C701, 0x23C801, 0x23C901, 0x23CA01, 0x23CB01, 0x23CC01, 0x23CD01, 0x23CE01, 0x23CF01, 0x23D001,
    0x23D101, 0x23D201, 0x23D301, 0x23D401, 0x23D501, 0x23D601, 0x23D701, 0x23D801, 0x23D901, 0x23DA01,
    0x23DB01, 0x23DC01, 0x23DD01, 0x23DE01, 0x23DF01, 0x23E001, 0x23E101, 0x23E201, 0x23E301, 0x23E401,
    0x23E501, 0x23E601, 0x23E701,
};

static const uint32_t un_nfkd_pool[9192] = {
    0x20, 0x20, 0x308, 0x61, 0x20, 0x304, 0x32, 0x33, 0x20, 0x301,
    0x3BC, 0x20, 0x327, 0x31, 0x6F, 0x31, 0x2044, 0x34, 0x31, 0x2044,
    0x32, 0x33, 0x2044, 0x34, 0x41, 0x300, 0x41, 0x301, 0x41, 0x302,
    0x41, 0x303, 0x41, 0x308, 0x41, 0x30A, 0x43, 0x327, 0x45, 0x300,
    0x45, 0x301, 0x45, 0x302, 0x45, 0x308, 0x49, 0x300, 0x49, 0x301,
    0x49, 0x302, 0x49, 0x308, 0x4E, 0x303, 0x4F, 0x300, 0x4F, 0x301,
    0x4F, 0x302, 0x4F, 0x303, 0x4F, 0x308, 0x55, 0x300, 0x55, 0x301,
    0x55, 0x302, 0x55, 0x308, 0x59, 0x301, 0x61, 0x300, 0x61, 0x301,
    0x61, 0x302, 0x61, 0x303, 0x61, 0x308, 0x61, 0x30A, 0x63, 0x327,
    0x65, 0x300, 0x65, 0x301, 0x65, 0x302, 0x65, 0x308, 0x69, 0x300,
    0x69, 0x301, 0x69, 0x302, 0x69, 0x308, 0x6E, 0x303, 0x6F, 0x300,
    0x6F, 0x301, 0x6F, 0x302, 0x6F, 0x303, 0x6F, 0x308, 0x75, 0x300,
    0x75, 0x301, 0x75, 0x302, 0x75, 0x308, 0x79, 0x301, 0x79, 0x308,
    0x41, 0x304, 0x61, 0x304, 0x41, 0x306, 0x61, 0x306, 0x41, 0x328,
    0x61, 0x328, 0x43, 0x301, 0x63, 0x301, 0x43, 0x302, 0x63, 0x302,
    0x43, 0x307, 0x63, 0x307, 0x43, 0x30C, 0x63, 0x30C, 0x44, 0x30C,
    0x64, 0x30C, 0x45, 0x304, 0x65, 0x304, 0x45, 0x306, 0x65, 0x306,
    0x45, 0x307, 0x65, 0x307, 0x45, 0x328, 0x65, 0x328, 0x45, 0x30C,
    0x65, 0x30C, 0x47, 0x302, 0x67, 0x302, 0x47, 0x306, 0x67, 0x306,
    0x47, 0x307, 0x67, 0x307, 0x47, 0x327, 0x67, 0x327, 0x48, 0x302,
    0x68, 0x302, 0x49, 0x303, 0x69, 0x303, 0x49, 0x304, 0x69, 0x304,
    0x49, 0x306, 0x69, 0x306, 0x49, 0x328, 0x69, 0x328, 0x49, 0x307,
    0x49, 0x4A, 0x69, 0x6A, 0x4A, 0x302, 0x6A, 0x302, 0x4B, 0x327,
    0x6B, 0x327, 0x4C, 0x301, 0x6C, 0x301, 0x4C, 0x327, 0x6C, 0x327,
    0x4C, 0x30C, 0x6C, 0x30C, 0x4C, 0xB7, 0x6C, 0xB7, 0x4E, 0x301,
    0x6E, 0x301, 0x4E, 0x327, 0x6E, 0x327, 0x4E, 0x30C, 0x6E, 0x30C,
    0x2BC, 0x6E, 0x4F, 0x304, 0x6F, 0x304, 0x4F, 0x306, 0x6F, 0x306,
    0x4F, 0x30B, 0x6F, 0x30B, 0x52, 0x301, 0x72, 0x301, 0x52, 0x327,
    0x72, 0x327, 0x52, 0x30C, 0x72, 0x30C, 0x53, 0x301, 0x73, 0x301,
    0x53, 0x302, 0x73, 0x302, 0x53, 0x327, 0x73, 0x327, 0x53, 0x30C,
    0x73, 0x30C, 0x54, 0x327, 0x74, 0x327, 0x54, 0x30C, 0x74, 0x30C,
    0x55, 0x303, 0x75, 0x303, 0x55, 0x304, 0x75, 0x304, 0x55, 0x306,
    0x75, 0x306, 0x55, 0x30A, 0x75, 0x30A, 0x55, 0x30B, 0x75, 0x30B,
    0x55, 0x328, 0x75, 0x328, 0x57, 0x302, 0x77, 0x302, 0x59, 0x302,
    0x79, 0x302, 0x59, 0x308, 0x5A, 0x301, 0x7A, 0x301, 0x5A, 0x307,
    0x7A, 0x307, 0x5A, 0x30C, 0x7A, 0x30C, 0x73, 0x4F, 0x31B, 0x6F,
    0x31B, 0x55, 0x31B, 0x75, 0x31B, 0x44, 0x5A, 0x30C, 0x44, 0x7A,
    0x30C, 0x64, 0x7A, 0x30C, 0x4C, 0x4A, 0x4C, 0x6A, 0x6C, 0x6A,
    0x4E, 0x4A, 0x4E, 0x6A, 0x6E, 0x6A, 0x41, 0x30C, 0x61, 0x30C,
    0x49, 0x30C, 0x69, 0x30C, 0x4F, 0x30C, 0x6F, 0x30C, 0x55, 0x30C,
    0x75, 0x30C, 0x55, 0x308, 0x304, 0x75, 0x308, 0x304, 0x55, 0x308,
    0x301, 0x75, 0x308, 0x301, 0x55, 0x308, 0x30C, 0x75, 0x308, 0x30C,
    0x55, 0x308, 0x300, 0x75, 0x308, 0x300, 0x41, 0x308, 0x304, 0x61,
    0x308, 0x304, 0x41, 0x307, 0x304, 0x61, 0x307, 0x304, 0xC6, 0x304,
    0xE6, 0x304, 0x47, 0x30C, 0x67, 0x30C, 0x4B, 0x30C, 0x6B, 0x30C,
    0x4F, 0x328, 0x6F, 0x328, 0x4F, 0x328, 0x304, 0x6F, 0x328, 0x304,
    0x1B7, 0x30C, 0x292, 0x30C, 0x6A, 0x30C, 0x44, 0x5A, 0x44, 0x7A,
    0x64, 0x7A, 0x47, 0x301, 0x67, 0x301, 0x4E, 0x300, 0x6E, 0x300,
    0x41, 0x30A, 0x301, 0x61, 0x30A, 0x301, 0xC6, 0x301, 0xE6, 0x301,
    0xD8, 0x301, 0xF8, 0x301, 0x41, 0x30F, 0x61, 0x30F, 0x41, 0x311,
    0x61, 0x311, 0x45, 0x30F, 0x65, 0x30F, 0x45, 0x311, 0x65, 0x311,
    0x49, 0x30F, 0x69, 0x30F, 0x49, 0x311, 0x69, 0x311, 0x4F, 0x30F,
    0x6F, 0x30F, 0x4F, 0x311, 0x6F, 0x311, 0x52, 0x30F, 0x72, 0x30F,
    0x52, 0x311, 0x72, 0x311, 0x55, 0x30F, 0x75, 0x30F, 0x55, 0x311,
    0x75, 0x311, 0x53, 0x326, 0x73, 0x326, 0x54, 0x326, 0x74, 0x326,
    0x48, 0x30C, 0x68, 0x30C, 0x41, 0x307, 0x61, 0x307, 0x45, 0x327,
    0x65, 0x327, 0x4F, 0x308, 0x304, 0x6F, 0x308, 0x304, 0x4F, 0x303,
    0x304, 0x6F, 0x303, 0x304, 0x4F, 0x307, 0x6F, 0x307, 0x4F, 0x307,
    0x304, 0x6F, 0x307, 0x304, 0x59, 0x304, 0x79, 0x304, 0x68, 0x266,
    0x6A, 0x72, 0x279, 0x27B, 0x281, 0x77, 0x79, 0x20, 0x306, 0x20,
    0x307, 0x20, 0x30A, 0x20, 0x328, 0x20, 0x303, 0x20, 0x30B, 0x263,
    0x6C, 0x73, 0x78, 0x295, 0x300, 0x301, 0x313, 0x308, 0x301, 0x2B9,
    0x20, 0x345, 0x3B, 0x20, 0x301, 0x20, 0x308, 0x301, 0x391, 0x301,
    0xB7, 0x395, 0x301, 0x397, 0x301, 0x399, 0x301, 0x39F, 0x301, 0x3A5,
    0x301, 0x3A9, 0x301, 0x3B9, 0x308, 0x301, 0x399, 0x308, 0x3A5, 0x308,
    0x3B1, 0x301, 0x3B5, 0x301, 0x3B7, 0x301, 0x3B9, 0x301, 0x3C5, 0x308,
    0x301, 0x3B9, 0x308, 0x3C5, 0x308, 0x3BF, 0x301, 0x3C5, 0x301, 0x3C9,
    0x301, 0x3B2, 0x3B8, 0x3A5, 0x3A5, 0x301, 0x3A5, 0x308, 0x3C6, 0x3C0,
    0x3BA, 0x3C1, 0x3C2, 0x398, 0x3B5, 0x3A3, 0x415, 0x300, 0x415, 0x308,
    0x413, 0x301, 0x406, 0x308, 0x41A, 0x301, 0x418, 0x300, 0x423, 0x306,
    0x418, 0x306, 0x438, 0x306, 0x435, 0x300, 0x435, 0x308, 0x433, 0x301,
    0x456, 0x308, 0x43A, 0x301, 0x438, 0x300, 0x443, 0x306, 0x474, 0x30F,
    0x475, 0x30F, 0x416, 0x306, 0x436, 0x306, 0x410, 0x306, 0x430, 0x306,
    0x410, 0x308, 0x430, 0x308, 0x415, 0x306, 0x435, 0x306, 0x4D8, 0x308,
    0x4D9, 0x308, 0x416, 0x308, 0x436, 0x308, 0x417, 0x308, 0x437, 0x308,
    0x418, 0x304, 0x438, 0x304, 0x418, 0x308, 0x438, 0x308, 0x41E, 0x308,
    0x43E, 0x308, 0x4E8, 0x308, 0x4E9, 0x308, 0x42D, 0x308, 0x44D, 0x308,
    0x423, 0x304, 0x443, 0x304, 0x423, 0x308, 0x443, 0x308, 0x423, 0x30B,
    0x443, 0x30B, 0x427, 0x308, 0x447, 0x308, 0x42B, 0x308, 0x44B, 0x308,
    0x565, 0x582, 0x627, 0x653, 0x627, 0x654, 0x648, 0x654, 0x627, 0x655,
    0x64A, 0x654, 0x627, 0x674, 0x648, 0x674, 0x6C7, 0x674, 0x64A, 0x674,
    0x6D5, 0x654, 0x6C1, 0x654, 0x6D2, 0x654, 0x928, 0x93C, 0x930, 0x93C,
    0x933, 0x93C, 0x915, 0x93C, 0x916, 0x93C, 0x917, 0x93C, 0x91C, 0x93C,
    0x921, 0x93C, 0x922, 0x93C, 0x92B, 0x93C, 0x92F, 0x93C, 0x9C7, 0x9BE,
    0x9C7, 0x9D7, 0x9A1, 0x9BC, 0x9A2, 0x9BC, 0x9AF, 0x9BC, 0xA32, 0xA3C,
    0xA38, 0xA3C, 0xA16, 0xA3C, 0xA17, 0xA3C, 0xA1C, 0xA3C, 0xA2B, 0xA3C,
    0xB47, 0xB56, 0xB47, 0xB3E, 0xB47, 0xB57, 0xB21, 0xB3C, 0xB22, 0xB3C,
    0xB92, 0xBD7, 0xBC6, 0xBBE, 0xBC7, 0xBBE, 0xBC6, 0xBD7, 0xC46, 0xC56,
    0xCBF, 0xCD5, 0xCC6, 0xCD5, 0xCC6, 0xCD6, 0xCC6, 0xCC2, 0xCC6, 0xCC2,
    0xCD5, 0xD46, 0xD3E, 0xD47, 0xD3E, 0xD46, 0xD57, 0xDD9, 0xDCA, 0xDD9,
    0xDCF, 0xDD9, 0xDCF, 0xDCA, 0xDD9, 0xDDF, 0xE4D, 0xE32, 0xECD, 0xEB2,
    0xEAB, 0xE99, 0xEAB, 0xEA1, 0xF0B, 0xF42, 0xFB7, 0xF4C, 0xFB7, 0xF51,
    0xFB7, 0xF56, 0xFB7, 0xF5B, 0xFB7, 0xF40, 0xFB5, 0xF71, 0xF72, 0xF71,
    0xF74, 0xFB2, 0xF80, 0xFB2, 0xF71, 0xF80, 0xFB3, 0xF80, 0xFB3, 0xF71,
    0xF80, 0xF71, 0xF80, 0xF92, 0xFB7, 0xF9C, 0xFB7, 0xFA1, 0xFB7, 0xFA6,
    0xFB7, 0xFAB, 0xFB7, 0xF90, 0xFB5, 0x1025, 0x102E, 0x10DC, 0x1B05, 0x1B35,
    0x1B07, 0x1B35, 0x1B09, 0x1B35, 0x1B0B, 0x1B35, 0x1B0D, 0x1B35, 0x1B11, 0x1B35,
    0x1B3A, 0x1B35, 0x1B3C, 0x1B35, 0x1B3E, 0x1B35, 0x1B3F, 0x1B35, 0x1B42, 0x1B35,
    0x41, 0xC6, 0x42, 0x44, 0x45, 0x18E, 0x47, 0x48, 0x49, 0x4A,
    0x4B, 0x4C, 0x4D, 0x4E, 0x4F, 0x222, 0x50, 0x52, 0x54, 0x55,
    0x57, 0x61, 0x250, 0x251, 0x1D02, 0x62, 0x64, 0x65, 0x259, 0x25B,
    0x25C, 0x67, 0x6B, 0x6D, 0x14B, 0x6F, 0x254, 0x1D16, 0x1D17, 0x70,
    0x74, 0x75, 0x1D1D, 0x26F, 0x76, 0x1D25, 0x3B2, 0x3B3, 0x3B4, 0x3C6,
    0x3C7, 0x69, 0x72, 0x75, 0x76, 0x3B2, 0x3B3, 0x3C1, 0x3C6, 0x3C7,
    0x43D, 0x252, 0x63, 0x255, 0xF0, 0x25C, 0x66, 0x25F, 0x261, 0x265,
    0x268, 0x269, 0x26A, 0x1D7B, 0x29D, 0x26D, 0x1D85, 0x29F, 0x271, 0x270,
    0x272, 0x273, 0x274, 0x275, 0x278, 0x282, 0x283, 0x1AB, 0x289, 0x28A,
    0x1D1C, 0x28B, 0x28C, 0x7A, 0x290, 0x291, 0x292, 0x3B8, 0x41, 0x325,
    0x61, 0x325, 0x42, 0x307, 0x62, 0x307, 0x42, 0x323, 0x62, 0x323,
    0x42, 0x331, 0x62, 0x331, 0x43, 0x327, 0x301, 0x63, 0x327, 0x301,
    0x44, 0x307, 0x64, 0x307, 0x44, 0x323, 0x64, 0x323, 0x44, 0x331,
    0x64, 0x331, 0x44, 0x327, 0x64, 0x327, 0x44, 0x32D, 0x64, 0x32D,
    0x45, 0x304, 0x300, 0x65, 0x304, 0x300, 0x45, 0x304, 0x301, 0x65,
    0x304, 0x301, 0x45, 0x32D, 0x65, 0x32D, 0x45, 0x330, 0x65, 0x330,
    0x45, 0x327, 0x306, 0x65, 0x327, 0x306, 0x46, 0x307, 0x66, 0x307,
    0x47, 0x304, 0x67, 0x304, 0x48, 0x307, 0x68, 0x307, 0x48, 0x323,
    0x68, 0x323, 0x48, 0x308, 0x68, 0x308, 0x48, 0x327, 0x68, 0x327,
    0x48, 0x32E, 0x68, 0x32E, 0x49, 0x330, 0x69, 0x330, 0x49, 0x308,
    0x301, 0x69, 0x308, 0x301, 0x4B, 0x301, 0x6B, 0x301, 0x4B, 0x323,
    0x6B, 0x323, 0x4B, 0x331, 0x6B, 0x331, 0x4C, 0x323, 0x6C, 0x323,
    0x4C, 0x323, 0x304, 0x6C, 0x323, 0x304, 0x4C, 0x331, 0x6C, 0x331,
    0x4C, 0x32D, 0x6C, 0x32D, 0x4D, 0x301, 0x6D, 0x301, 0x4D, 0x307,
    0x6D, 0x307, 0x4D, 0x323, 0x6D, 0x323, 0x4E, 0x307, 0x6E, 0x307,
    0x4E, 0x323, 0x6E, 0x323, 0x4E, 0x331, 0x6E, 0x331, 0x4E, 0x32D,
    0x6E, 0x32D, 0x4F, 0x303, 0x301, 0x6F, 0x303, 0x301, 0x4F, 0x303,
    0x308, 0x6F, 0x303, 0x308, 0x4F, 0x304, 0x300, 0x6F, 0x304, 0x300,
    0x4F, 0x304, 0x301, 0x6F, 0x304, 0x301, 0x50, 0x301, 0x70, 0x301,
    0x50, 0x307, 0x70, 0x307, 0x52, 0x307, 0x72, 0x307, 0x52, 0x323,
    0x72, 0x323, 0x52, 0x323, 0x304, 0x72, 0x323, 0x304, 0x52, 0x331,
    0x72, 0x331, 0x53, 0x307, 0x73, 0x307, 0x53, 0x323, 0x73, 0x323,
    0x53, 0x301, 0x307, 0x73, 0x301, 0x307, 0x53, 0x30C, 0x307, 0x73,
    0x30C, 0x307, 0x53, 0x323, 0x307, 0x73, 0x323, 0x307, 0x54, 0x307,
    0x74, 0x307, 0x54, 0x323, 0x74, 0x323, 0x54, 0x331, 0x74, 0x331,
    0x54, 0x32D, 0x74, 0x32D, 0x55, 0x324, 0x75, 0x324, 0x55, 0x330,
    0x75, 0x330, 0x55, 0x32D, 0x75, 0x32D, 0x55, 0x303, 0x301, 0x75,
    0x303, 0x301, 0x55, 0x304, 0x308, 0x75, 0x304, 0x308, 0x56, 0x303,
    0x76, 0x303, 0x56, 0x323, 0x76, 0x323, 0x57, 0x300, 0x77, 0x300,
    0x57, 0x301, 0x77, 0x301, 0x57, 0x308, 0x77, 0x308, 0x57, 0x307,
    0x77, 0x307, 0x57, 0x323, 0x77, 0x323, 0x58, 0x307, 0x78, 0x307,
    0x58, 0x308, 0x78, 0x308, 0x59, 0x307, 0x79, 0x307, 0x5A, 0x302,
    0x7A, 0x302, 0x5A, 0x323, 0x7A, 0x323, 0x5A, 0x331, 0x7A, 0x331,
    0x68, 0x331, 0x74, 0x308, 0x77, 0x30A, 0x79, 0x30A, 0x61, 0x2BE,
    0x73, 0x307, 0x41, 0x323, 0x61, 0x323, 0x41, 0x309, 0x61, 0x309,
    0x41, 0x302, 0x301, 0x61, 0x302, 0x301, 0x41, 0x302, 0x300, 0x61,
    0x302, 0x300, 0x41, 0x302, 0x309, 0x61, 0x302, 0x309, 0x41, 0x302,
    0x303, 0x61, 0x302, 0x303, 0x41, 0x323, 0x302, 0x61, 0x323, 0x302,
    0x41, 0x306, 0x301, 0x61, 0x306, 0x301, 0x41, 0x306, 0x300, 0x61,
    0x306, 0x300, 0x41, 0x306, 0x309, 0x61, 0x306, 0x309, 0x41, 0x306,
    0x303, 0x61, 0x306, 0x303, 0x41, 0x323, 0x306, 0x61, 0x323, 0x306,
    0x45, 0x323, 0x65, 0x323, 0x45, 0x309, 0x65, 0x309, 0x45, 0x303,
    0x65, 0x303, 0x45, 0x302, 0x301, 0x65, 0x302, 0x301, 0x45, 0x302,
    0x300, 0x65, 0x302, 0x300, 0x45, 0x302, 0x309, 0x65, 0x302, 0x309,
    0x45, 0x302, 0x303, 0x65, 0x302, 0x303, 0x45, 0x323, 0x302, 0x65,
    0x323, 0x302, 0x49, 0x309, 0x69, 0x309, 0x49, 0x323, 0x69, 0x323,
    0x4F, 0x323, 0x6F, 0x323, 0x4F, 0x309, 0x6F, 0x309, 0x4F, 0x302,
    0x301, 0x6F, 0x302, 0x301, 0x4F, 0x302, 0x300, 0x6F, 0x302, 0x300,
    0x4F, 0x302, 0x309, 0x6F, 0x302, 0x309, 0x4F, 0x302, 0x303, 0x6F,
    0x302, 0x303, 0x4F, 0x323, 0x302, 0x6F, 0x323, 0x302, 0x4F, 0x31B,
    0x301, 0x6F, 0x31B, 0x301, 0x4F, 0x31B, 0x300, 0x6F, 0x31B, 0x300,
    0x4F, 0x31B, 0x309, 0x6F, 0x31B, 0x309, 0x4F, 0x31B, 0x303, 0x6F,
    0x31B, 0x303, 0x4F, 0x31B, 0x323, 0x6F, 0x31B, 0x323, 0x55, 0x323,
    0x75, 0x323, 0x55, 0x309, 0x75, 0x309, 0x55, 0x31B, 0x301, 0x75,
    0x31B, 0x301, 0x55, 0x31B, 0x300, 0x75, 0x31B, 0x300, 0x55, 0x31B,
    0x309, 0x75, 0x31B, 0x309, 0x55, 0x31B, 0x303, 0x75, 0x31B, 0x303,
    0x55, 0x31B, 0x323, 0x75, 0x31B, 0x323, 0x59, 0x300, 0x79, 0x300,
    0x59, 0x323, 0x79, 0x323, 0x59, 0x309, 0x79, 0x309, 0x59, 0x303,
    0x79, 0x303, 0x3B1, 0x313, 0x3B1, 0x314, 0x3B1, 0x313, 0x300, 0x3B1,
    0x314, 0x300, 0x3B1, 0x313, 0x301, 0x3B1, 0x314, 0x301, 0x3B1, 0x313,
    0x342, 0x3B1, 0x314, 0x342, 0x391, 0x313, 0x391, 0x314, 0x391, 0x313,
    0x300, 0x391, 0x314, 0x300, 0x391, 0x313, 0x301, 0x391, 0x314, 0x301,
    0x391, 0x313, 0x342, 0x391, 0x314, 0x342, 0x3B5, 0x313, 0x3B5, 0x314,
    0x3B5, 0x313, 0x300, 0x3B5, 0x314, 0x300, 0x3B5, 0x313, 0x301, 0x3B5,
    0x314, 0x301, 0x395, 0x313, 0x395, 0x314, 0x395, 0x313, 0x300, 0x395,
    0x314, 0x300, 0x395, 0x313, 0x301, 0x395, 0x314, 0x301, 0x3B7, 0x313,
    0x3B7, 0x314, 0x3B7, 0x313, 0x300, 0x3B7, 0x314, 0x300, 0x3B7, 0x313,
    0x301, 0x3B7, 0x314, 0x301, 0x3B7, 0x313, 0x342, 0x3B7, 0x314, 0x342,
    0x397, 0x313, 0x397, 0x314, 0x397, 0x313, 0x300, 0x397, 0x314, 0x300,
    0x397, 0x313, 0x301, 0x397, 0x314, 0x301, 0x397, 0x313, 0x342, 0x397,
    0x314, 0x342, 0x3B9, 0x313, 0x3B9, 0x314, 0x3B9, 0x313, 0x300, 0x3B9,
    0x314, 0x300, 0x3B9, 0x313, 0x301, 0x3B9, 0x314, 0x301, 0x3B9, 0x313,
    0x342, 0x3B9, 0x314, 0x342, 0x399, 0x313, 0x399, 0x314, 0x399, 0x313,
    0x300, 0x399, 0x314, 0x300, 0x399, 0x313, 0x301, 0x399, 0x314, 0x301,
    0x399, 0x313, 0x342, 0x399, 0x314, 0x342, 0x3BF, 0x313, 0x3BF, 0x314,
    0x3BF, 0x313, 0x300, 0x3BF, 0x314, 0x300, 0x3BF, 0x313, 0x301, 0x3BF,
    0x314, 0x301, 0x39F, 0x313, 0x39F, 0x314, 0x39F, 0x313, 0x300, 0x39F,
    0x314, 0x300, 0x39F, 0x313, 0x301, 0x39F, 0x314, 0x301, 0x3C5, 0x313,
    0x3C5, 0x314, 0x3C5, 0x313, 0x300, 0x3C5, 0x314, 0x300, 0x3C5, 0x313,
    0x301, 0x3C5, 0x314, 0x301, 0x3C5, 0x313, 0x342, 0x3C5, 0x314, 0x342,
    0x3A5, 0x314, 0x3A5, 0x314, 0x300, 0x3A5, 0x314, 0x301, 0x3A5, 0x314,
    0x342, 0x3C9, 0x313, 0x3C9, 0x314, 0x3C9, 0x313, 0x300, 0x3C9, 0x314,
    0x300, 0x3C9, 0x313, 0x301, 0x3C9, 0x314, 0x301, 0x3C9, 0x313, 0x342,
    0x3C9, 0x314, 0x342, 0x3A9, 0x313, 0x3A9, 0x314, 0x3A9, 0x313, 0x300,
    0x3A9, 0x314, 0x300, 0x3A9, 0x313, 0x301, 0x3A9, 0x314, 0x301, 0x3A9,
    0x313, 0x342, 0x3A9, 0x314, 0x342, 0x3B1, 0x300, 0x3B1, 0x301, 0x3B5,
    0x300, 0x3B5, 0x301, 0x3B7, 0x300, 0x3B7, 0x301, 0x3B9, 0x300, 0x3B9,
    0x301, 0x3BF, 0x300, 0x3BF, 0x301, 0x3C5, 0x300, 0x3C5, 0x301, 0x3C9,
    0x300, 0x3C9, 0x301, 0x3B1, 0x313, 0x345, 0x3B1, 0x314, 0x345, 0x3B1,
    0x313, 0x300, 0x345, 0x3B1, 0x314, 0x300, 0x345, 0x3B1, 0x313, 0x301,
    0x345, 0x3B1, 0x314, 0x301, 0x345, 0x3B1, 0x313, 0x342, 0x345, 0x3B1,
    0x314, 0x342, 0x345, 0x391, 0x313, 0x345, 0x391, 0x314, 0x345, 0x391,
    0x313, 0x300, 0x345, 0x391, 0x314, 0x300, 0x345, 0x391, 0x313, 0x301,
    0x345, 0x391, 0x314, 0x301, 0x345, 0x391, 0x313, 0x342, 0x345, 0x391,
    0x314, 0x342, 0x345, 0x3B7, 0x313, 0x345, 0x3B7, 0x314, 0x345, 0x3B7,
    0x313, 0x300, 0x345, 0x3B7, 0x314, 0x300, 0x345, 0x3B7, 0x313, 0x301,
    0x345, 0x3B7, 0x314, 0x301, 0x345, 0x3B7, 0x313, 0x342, 0x345, 0x3B7,
    0x314, 0x342, 0x345, 0x397, 0x313, 0x345, 0x397, 0x314, 0x345, 0x397,
    0x313, 0x300, 0x345, 0x397, 0x314, 0x300, 0x345, 0x397, 0x313, 0x301,
    0x345, 0x397, 0x314, 0x301, 0x345, 0x397, 0x313, 0x342, 0x345, 0x397,
    0x314, 0x342, 0x345, 0x3C9, 0x313, 0x345, 0x3C9, 0x314, 0x345, 0x3C9,
    0x313, 0x300, 0x345, 0x3C9, 0x314, 0x300, 0x345, 0x3C9, 0x313, 0x301,
    0x345, 0x3C9, 0x314, 0x301, 0x345, 0x3C9, 0x313, 0x342, 0x345, 0x3C9,
    0x314, 0x342, 0x345, 0x3A9, 0x313, 0x345, 0x3A9, 0x314, 0x345, 0x3A9,
    0x313, 0x300, 0x345, 0x3A9, 0x314, 0x300, 0x345, 0x3A9, 0x313, 0x301,
    0x345, 0x3A9, 0x314, 0x301, 0x345, 0x3A9, 0x313, 0x342, 0x345, 0x3A9,
    0x314, 0x342, 0x345, 0x3B1, 0x306, 0x3B1, 0x304, 0x3B1, 0x300, 0x345,
    0x3B1, 0x345, 0x3B1, 0x301, 0x345, 0x3B1, 0x342, 0x3B1, 0x342, 0x345,
    0x391, 0x306, 0x391, 0x304, 0x391, 0x300, 0x391, 0x301, 0x391, 0x345,
    0x20, 0x313, 0x3B9, 0x20, 0x313, 0x20, 0x342, 0x20, 0x308, 0x342,
    0x3B7, 0x300, 0x345, 0x3B7, 0x345, 0x3B7, 0x301, 0x345, 0x3B7, 0x342,
    0x3B7, 0x342, 0x345, 0x395, 0x300, 0x395, 0x301, 0x397, 0x300, 0x397,
    0x301, 0x397, 0x345, 0x20, 0x313, 0x300, 0x20, 0x313, 0x301, 0x20,
    0x313, 0x342, 0x3B9, 0x306, 0x3B9, 0x304, 0x3B9, 0x308, 0x300, 0x3B9,
    0x308, 0x301, 0x3B9, 0x342, 0x3B9, 0x308, 0x342, 0x399, 0x306, 0x399,
    0x304, 0x399, 0x300, 0x399, 0x301, 0x20, 0x314, 0x300, 0x20, 0x314,
    0x301, 0x20, 0x314, 0x342, 0x3C5, 0x306, 0x3C5, 0x304, 0x3C5, 0x308,
    0x300, 0x3C5, 0x308, 0x301, 0x3C1, 0x313, 0x3C1, 0x314, 0x3C5, 0x342,
    0x3C5, 0x308, 0x342, 0x3A5, 0x306, 0x3A5, 0x304, 0x3A5, 0x300, 0x3A5,
    0x301, 0x3A1, 0x314, 0x20, 0x308, 0x300, 0x20, 0x308, 0x301, 0x60,
    0x3C9, 0x300, 0x345, 0x3C9, 0x345, 0x3C9, 0x301, 0x345, 0x3C9, 0x342,
    0x3C9, 0x342, 0x345, 0x39F, 0x300, 0x39F, 0x301, 0x3A9, 0x300, 0x3A9,
    0x301, 0x3A9, 0x345, 0x20, 0x301, 0x20, 0x314, 0x20, 0x20, 0x20,
    0x20, 0x20, 0x20, 0x20, 0x20, 0x20, 0x20, 0x20, 0x2010, 0x20,
    0x333, 0x2E, 0x2E, 0x2E, 0x2E, 0x2E, 0x2E, 0x20, 0x2032, 0x2032,
    0x2032, 0x2032, 0x2032, 0x2035, 0x2035, 0x2035, 0x2035, 0x2035, 0x21, 0x21,
    0x20, 0x305, 0x3F, 0x3F, 0x3F, 0x21, 0x21, 0x3F, 0x2032, 0x2032,
    0x2032, 0x2032, 0x20, 0x30, 0x69, 0x34, 0x35, 0x36, 0x37, 0x38,
    0x39, 0x2B, 0x2212, 0x3D, 0x28, 0x29, 0x6E, 0x30, 0x31, 0x32,
    0x33, 0x34, 0x35, 0x36, 0x37, 0x38, 0x39, 0x2B, 0x2212, 0x3D,
    0x28, 0x29, 0x61, 0x65, 0x6F, 0x78, 0x259, 0x68, 0x6B, 0x6C,
    0x6D, 0x6E, 0x70, 0x73, 0x74, 0x52, 0x73, 0x61, 0x2F, 0x63,
    0x61, 0x2F, 0x73, 0x43, 0xB0, 0x43, 0x63, 0x2F, 0x6F, 0x63,
    0x2F, 0x75, 0x190, 0xB0, 0x46, 0x67, 0x48, 0x48, 0x48, 0x68,
    0x127, 0x49, 0x49, 0x4C, 0x6C, 0x4E, 0x4E, 0x6F, 0x50, 0x51,
    0x52, 0x52, 0x52, 0x53, 0x4D, 0x54, 0x45, 0x4C, 0x54, 0x4D,
    0x5A, 0x3A9, 0x5A, 0x4B, 0x41, 0x30A, 0x42, 0x43, 0x65, 0x45,
    0x46, 0x4D, 0x6F, 0x5D0, 0x5D1, 0x5D2, 0x5D3, 0x69, 0x46, 0x41,
    0x58, 0x3C0, 0x3B3, 0x393, 0x3A0, 0x2211, 0x44, 0x64, 0x65, 0x69,
    0x6A, 0x31, 0x2044, 0x37, 0x31, 0x2044, 0x39, 0x31, 0x2044, 0x31,
    0x30, 0x31, 0x2044, 0x33, 0x32, 0x2044, 0x33, 0x31, 0x2044, 0x35,
    0x32, 0x2044, 0x35, 0x33, 0x2044, 0x35, 0x34, 0x2044, 0x35, 0x31,
    0x2044, 0x36, 0x35, 0x2044, 0x36, 0x31, 0x2044, 0x38, 0x33, 0x2044,
    0x38, 0x35, 0x2044, 0x38, 0x37, 0x2044, 0x38, 0x31, 0x2044, 0x49,
    0x49, 0x49, 0x49, 0x49, 0x49, 0x49, 0x56, 0x56, 0x56, 0x49,
    0x56, 0x49, 0x49, 0x56, 0x49, 0x49, 0x49, 0x49, 0x58, 0x58,
    0x58, 0x49, 0x58, 0x49, 0x49, 0x4C, 0x43, 0x44, 0x4D, 0x69,
    0x69, 0x69, 0x69, 0x69, 0x69, 0x69, 0x76, 0x76, 0x76, 0x69,
    0x76, 0x69, 0x69, 0x76, 0x69, 0x69, 0x69, 0x69, 0x78, 0x78,
    0x78, 0x69, 0x78, 0x69, 0x69, 0x6C, 0x63, 0x64, 0x6D, 0x30,
    0x2044, 0x33, 0x2190, 0x338, 0x2192, 0x338, 0x2194, 0x338, 0x21D0, 0x338,
    0x21D4, 0x338, 0x21D2, 0x338, 0x2203, 0x338, 0x2208, 0x338, 0x220B, 0x338,
    0x2223, 0x338, 0x2225, 0x338, 0x222B, 0x222B, 0x222B, 0x222B, 0x222B, 0x222E,
    0x222E, 0x222E, 0x222E, 0x222E, 0x223C, 0x338, 0x2243, 0x338, 0x2245, 0x338,
    0x2248, 0x338, 0x3D, 0x338, 0x2261, 0x338, 0x224D, 0x338, 0x3C, 0x338,
    0x3E, 0x338, 0x2264, 0x338, 0x2265, 0x338, 0x2272, 0x338, 0x2273, 0x338,
    0x2276, 0x338, 0x2277, 0x338, 0x227A, 0x338, 0x227B, 0x338, 0x2282, 0x338,
    0x2283, 0x338, 0x2286, 0x338, 0x2287, 0x338, 0x22A2, 0x338, 0x22A8, 0x338,
    0x22A9, 0x338, 0x22AB, 0x338, 0x227C, 0x338, 0x227D, 0x338, 0x2291, 0x338,
    0x2292, 0x338, 0x22B2, 0x338, 0x22B3, 0x338, 0x22B4, 0x338, 0x22B5, 0x338,
    0x3008, 0x3009, 0x31, 0x32, 0x33, 0x34, 0x35, 0x36, 0x37, 0x38,
    0x39, 0x31, 0x30, 0x31, 0x31, 0x31, 0x32, 0x31, 0x33, 0x31,
    0x34, 0x31, 0x35, 0x31, 0x36, 0x31, 0x37, 0x31, 0x38, 0x31,
    0x39, 0x32, 0x30, 0x28, 0x31, 0x29, 0x28, 0x32, 0x29, 0x28,
    0x33, 0x29, 0x28, 0x34, 0x29, 0x28, 0x35, 0x29, 0x28, 0x36,
    0x29, 0x28, 0x37, 0x29, 0x28, 0x38, 0x29, 0x28, 0x39, 0x29,
    0x28, 0x31, 0x30, 0x29, 0x28, 0x31, 0x31, 0x29, 0x28, 0x31,
    0x32, 0x29, 0x28, 0x31, 0x33, 0x29, 0x28, 0x31, 0x34, 0x29,
    0x28, 0x31, 0x35, 0x29, 0x28, 0x31, 0x36, 0x29, 0x28, 0x31,
    0x37, 0x29, 0x28, 0x31, 0x38, 0x29, 0x28, 0x31, 0x39, 0x29,
    0x28, 0x32, 0x30, 0x29, 0x31, 0x2E, 0x32, 0x2E, 0x33, 0x2E,
    0x34, 0x2E, 0x35, 0x2E, 0x36, 0x2E, 0x37, 0x2E, 0x38, 0x2E,
    0x39, 0x2E, 0x31, 0x30, 0x2E, 0x31, 0x31, 0x2E, 0x31, 0x32,
    0x2E, 0x31, 0x33, 0x2E, 0x31, 0x34, 0x2E, 0x31, 0x35, 0x2E,
    0x31, 0x36, 0x2E, 0x31, 0x37, 0x2E, 0x31, 0x38, 0x2E, 0x31,
    0x39, 0x2E, 0x32, 0x30, 0x2E, 0x28, 0x61, 0x29, 0x28, 0x62,
    0x29, 0x28, 0x63, 0x29, 0x28, 0x64, 0x29, 0x28, 0x65, 0x29,
    0x28, 0x66, 0x29, 0x28, 0x67, 0x29, 0x28, 0x68, 0x29, 0x28,
    0x69, 0x29, 0x28, 0x6A, 0x29, 0x28, 0x6B, 0x29, 0x28, 0x6C,
    0x29, 0x28, 0x6D, 0x29, 0x28, 0x6E, 0x29, 0x28, 0x6F, 0x29,
    0x28, 0x70, 0x29, 0x28, 0x71, 0x29, 0x28, 0x72, 0x29, 0x28,
    0x73, 0x29, 0x28, 0x74, 0x29, 0x28, 0x75, 0x29, 0x28, 0x76,
    0x29, 0x28, 0x77, 0x29, 0x28, 0x78, 0x29, 0x28, 0x79, 0x29,
    0x28, 0x7A, 0x29, 0x41, 0x42, 0x43, 0x44, 0x45, 0x46, 0x47,
    0x48, 0x49, 0x4A, 0x4B, 0x4C, 0x4D, 0x4E, 0x4F, 0x50, 0x51,
    0x52, 0x53, 0x54, 0x55, 0x56, 0x57, 0x58, 0x59, 0x5A, 0x61,
    0x62, 0x63, 0x64, 0x65, 0x66, 0x67, 0x68, 0x69, 0x6A, 0x6B,
    0x6C, 0x6D, 0x6E, 0x6F, 0x70, 0x71, 0x72, 0x73, 0x74, 0x75,
    0x76, 0x77, 0x78, 0x79, 0x7A, 0x30, 0x222B, 0x222B, 0x222B, 0x222B,
    0x3A, 0x3A, 0x3D, 0x3D, 0x3D, 0x3D, 0x3D, 0x3D, 0x2ADD, 0x338,
    0x6A, 0x56, 0x2D61, 0x6BCD, 0x9F9F, 0x4E00, 0x4E28, 0x4E36, 0x4E3F, 0x4E59,
    0x4E85, 0x4E8C, 0x4EA0, 0x4EBA, 0x513F, 0x5165, 0x516B, 0x5182, 0x5196, 0x51AB,
    0x51E0, 0x51F5, 0x5200, 0x529B, 0x52F9, 0x5315, 0x531A, 0x5338, 0x5341, 0x535C,
    0x5369, 0x5382, 0x53B6, 0x53C8, 0x53E3, 0x56D7, 0x571F, 0x58EB, 0x5902, 0x590A,
    0x5915, 0x5927, 0x5973, 0x5B50, 0x5B80, 0x5BF8, 0x5C0F, 0x5C22, 0x5C38, 0x5C6E,
    0x5C71, 0x5DDB, 0x5DE5, 0x5DF1, 0x5DFE, 0x5E72, 0x5E7A, 0x5E7F, 0x5EF4, 0x5EFE,
    0x5F0B, 0x5F13, 0x5F50, 0x5F61, 0x5F73, 0x5FC3, 0x6208, 0x6236, 0x624B, 0x652F,
    0x6534, 0x6587, 0x6597, 0x65A4, 0x65B9, 0x65E0, 0x65E5, 0x66F0, 0x6708, 0x6728,
    0x6B20, 0x6B62, 0x6B79, 0x6BB3, 0x6BCB, 0x6BD4, 0x6BDB, 0x6C0F, 0x6C14, 0x6C34,
    0x706B, 0x722A, 0x7236, 0x723B, 0x723F, 0x7247, 0x7259, 0x725B, 0x72AC, 0x7384,
    0x7389, 0x74DC, 0x74E6, 0x7518, 0x751F, 0x7528, 0x7530, 0x758B, 0x7592, 0x7676,
    0x767D, 0x76AE, 0x76BF, 0x76EE, 0x77DB, 0x77E2, 0x77F3, 0x793A, 0x79B8, 0x79BE,
    0x7A74, 0x7ACB, 0x7AF9, 0x7C73, 0x7CF8, 0x7F36, 0x7F51, 0x7F8A, 0x7FBD, 0x8001,
    0x800C, 0x8012, 0x8033, 0x807F, 0x8089, 0x81E3, 0x81EA, 0x81F3, 0x81FC, 0x820C,
    0x821B, 0x821F, 0x826E, 0x8272, 0x8278, 0x864D, 0x866B, 0x8840, 0x884C, 0x8863,
    0x897E, 0x898B, 0x89D2, 0x8A00, 0x8C37, 0x8C46, 0x8C55, 0x8C78, 0x8C9D, 0x8D64,
    0x8D70, 0x8DB3, 0x8EAB, 0x8ECA, 0x8F9B, 0x8FB0, 0x8FB5, 0x9091, 0x9149, 0x91C6,
    0x91CC, 0x91D1, 0x9577, 0x9580, 0x961C, 0x96B6, 0x96B9, 0x96E8, 0x9751, 0x975E,
    0x9762, 0x9769, 0x97CB, 0x97ED, 0x97F3, 0x9801, 0x98A8, 0x98DB, 0x98DF, 0x9996,
    0x9999, 0x99AC, 0x9AA8, 0x9AD8, 0x9ADF, 0x9B25, 0x9B2F, 0x9B32, 0x9B3C, 0x9B5A,
    0x9CE5, 0x9E75, 0x9E7F, 0x9EA5, 0x9EBB, 0x9EC3, 0x9ECD, 0x9ED1, 0x9EF9, 0x9EFD,
    0x9F0E, 0x9F13, 0x9F20, 0x9F3B, 0x9F4A, 0x9F52, 0x9F8D, 0x9F9C, 0x9FA0, 0x20,
    0x3012, 0x5341, 0x5344, 0x5345, 0x304B, 0x3099, 0x304D, 0x3099, 0x304F, 0x3099,
    0x3051, 0x3099, 0x3053, 0x3099, 0x3055, 0x3099, 0x3057, 0x3099, 0x3059, 0x3099,
    0x305B, 0x3099, 0x305D, 0x3099, 0x305F, 0x3099, 0x3061, 0x3099, 0x3064, 0x3099,
    0x3066, 0x3099, 0x3068, 0x3099, 0x306F, 0x3099, 0x306F, 0x309A, 0x3072, 0x3099,
    0x3072, 0x309A, 0x3075, 0x3099, 0x3075, 0x309A, 0x3078, 0x3099, 0x3078, 0x309A,
    0x307B, 0x3099, 0x307B, 0x309A, 0x3046, 0x3099, 0x20, 0x3099, 0x20, 0x309A,
    0x309D, 0x3099, 0x3088, 0x308A, 0x30AB, 0x3099, 0x30AD, 0x3099, 0x30AF, 0x3099,
    0x30B1, 0x3099, 0x30B3, 0x3099, 0x30B5, 0x3099, 0x30B7, 0x3099, 0x30B9, 0x3099,
    0x30BB, 0x3099, 0x30BD, 0x3099, 0x30BF, 0x3099, 0x30C1, 0x3099, 0x30C4, 0x3099,
    0x30C6, 0x3099, 0x30C8, 0x3099, 0x30CF, 0x3099, 0x30CF, 0x309A, 0x30D2, 0x3099,
    0x30D2, 0x309A, 0x30D5, 0x3099, 0x30D5, 0x309A, 0x30D8, 0x3099, 0x30D8, 0x309A,
    0x30DB, 0x3099, 0x30DB, 0x309A, 0x30A6, 0x3099, 0x30EF, 0x3099, 0x30F0, 0x3099,
    0x30F1, 0x3099, 0x30F2, 0x3099, 0x30FD, 0x3099, 0x30B3, 0x30C8, 0x1100, 0x1101,
    0x11AA, 0x1102, 0x11AC, 0x11AD, 0x1103, 0x1104, 0x1105, 0x11B0, 0x11B1, 0x11B2,
    0x11B3, 0x11B4, 0x11B5, 0x111A, 0x1106, 0x1107, 0x1108, 0x1121, 0x1109, 0x110A,
    0x110B, 0x110C, 0x110D, 0x110E, 0x110F, 0x1110, 0x1111, 0x1112, 0x1161, 0x1162,
    0x1163, 0x1164, 0x1165, 0x1166, 0x1167, 0x1168, 0x1169, 0x116A, 0x116B, 0x116C,
    0x116D, 0x116E, 0x116F, 0x1170, 0x1171, 0x1172, 0x1173, 0x1174, 0x1175, 0x1160,
    0x1114, 0x1115, 0x11C7, 0x11C8, 0x11CC, 0x11CE, 0x11D3, 0x11D7, 0x11D9, 0x111C,
    0x11DD, 0x11DF, 0x111D, 0x111E, 0x1120, 0x1122, 0x1123, 0x1127, 0x1129, 0x112B,
    0x112C, 0x112D, 0x112E, 0x112F, 0x1132, 0x1136, 0x1140, 0x1147, 0x114C, 0x11F1,
    0x11F2, 0x1157, 0x1158, 0x1159, 0x1184, 0x1185, 0x1188, 0x1191, 0x1192, 0x1194,
    0x119E, 0x11A1, 0x4E00, 0x4E8C, 0x4E09, 0x56DB, 0x4E0A, 0x4E2D, 0x4E0B, 0x7532,
    0x4E59, 0x4E19, 0x4E01, 0x5929, 0x5730, 0x4EBA, 0x28, 0x1100, 0x29, 0x28,
    0x1102, 0x29, 0x28, 0x1103, 0x29, 0x28, 0x1105, 0x29, 0x28, 0x1106,
    0x29, 0x28, 0x1107, 0x29, 0x28, 0x1109, 0x29, 0x28, 0x110B, 0x29,
    0x28, 0x110C, 0x29, 0x28, 0x110E, 0x29, 0x28, 0x110F, 0x29, 0x28,
    0x1110, 0x29, 0x28, 0x1111, 0x29, 0x28, 0x1112, 0x29, 0x28, 0x1100,
    0x1161, 0x29, 0x28, 0x1102, 0x1161, 0x29, 0x28, 0x1103, 0x1161, 0x29,
    0x28, 0x1105, 0x1161, 0x29, 0x28, 0x1106, 0x1161, 0x29, 0x28, 0x1107,
    0x1161, 0x29, 0x28, 0x1109, 0x1161, 0x29, 0x28, 0x110B, 0x1161, 0x29,
    0x28, 0x110C, 0x1161, 0x29, 0x28, 0x110E, 0x1161, 0x29, 0x28, 0x110F,
    0x1161, 0x29, 0x28, 0x1110, 0x1161, 0x29, 0x28, 0x1111, 0x1161, 0x29,
    0x28, 0x1112, 0x1161, 0x29, 0x28, 0x110C, 0x116E, 0x29, 0x28, 0x110B,
    0x1169, 0x110C, 0x1165, 0x11AB, 0x29, 0x28, 0x110B, 0x1169, 0x1112, 0x116E,
    0x29, 0x28, 0x4E00, 0x29, 0x28, 0x4E8C, 0x29, 0x28, 0x4E09, 0x29,
    0x28, 0x56DB, 0x29, 0x28, 0x4E94, 0x29, 0x28, 0x516D, 0x29, 0x28,
    0x4E03, 0x29, 0x28, 0x516B, 0x29, 0x28, 0x4E5D, 0x29, 0x28, 0x5341,
    0x29, 0x28, 0x6708, 0x29, 0x28, 0x706B, 0x29, 0x28, 0x6C34, 0x29,
    0x28, 0x6728, 0x29, 0x28, 0x91D1, 0x29, 0x28, 0x571F, 0x29, 0x28,
    0x65E5, 0x29, 0x28, 0x682A, 0x29, 0x28, 0x6709, 0x29, 0x28, 0x793E,
    0x29, 0x28, 0x540D, 0x29, 0x28, 0x7279, 0x29, 0x28, 0x8CA1, 0x29,
    0x28, 0x795D, 0x29, 0x28, 0x52B4, 0x29, 0x28, 0x4EE3, 0x29, 0x28,
    0x547C, 0x29, 0x28, 0x5B66, 0x29, 0x28, 0x76E3, 0x29, 0x28, 0x4F01,
    0x29, 0x28, 0x8CC7, 0x29, 0x28, 0x5354, 0x29, 0x28, 0x796D, 0x29,
    0x28, 0x4F11, 0x29, 0x28, 0x81EA, 0x29, 0x28, 0x81F3, 0x29, 0x554F,
    0x5E7C, 0x6587, 0x7B8F, 0x50, 0x54, 0x45, 0x32, 0x31, 0x32, 0x32,
    0x32, 0x33, 0x32, 0x34, 0x32, 0x35, 0x32, 0x36, 0x32, 0x37,
    0x32, 0x38, 0x32, 0x39, 0x33, 0x30, 0x33, 0x31, 0x33, 0x32,
    0x33, 0x33, 0x33, 0x34, 0x33, 0x35, 0x1100, 0x1102, 0x1103, 0x1105,
    0x1106, 0x1107, 0x1109, 0x110B, 0x110C, 0x110E, 0x110F, 0x1110, 0x1111, 0x1112,
    0x1100, 0x1161, 0x1102, 0x1161, 0x1103, 0x1161, 0x1105, 0x1161, 0x1106, 0x1161,
    0x1107, 0x1161, 0x1109, 0x1161, 0x110B, 0x1161, 0x110C, 0x1161, 0x110E, 0x1161,
    0x110F, 0x1161, 0x1110, 0x1161, 0x1111, 0x1161, 0x1112, 0x1161, 0x110E, 0x1161,
    0x11B7, 0x1100, 0x1169, 0x110C, 0x116E, 0x110B, 0x1174, 0x110B, 0x116E, 0x4E00,
    0x4E8C, 0x4E09, 0x56DB, 0x4E94, 0x516D, 0x4E03, 0x516B, 0x4E5D, 0x5341, 0x6708,
    0x706B, 0x6C34, 0x6728, 0x91D1, 0x571F, 0x65E5, 0x682A, 0x6709, 0x793E, 0x540D,
    0x7279, 0x8CA1, 0x795D, 0x52B4, 0x79D8, 0x7537, 0x5973, 0x9069, 0x512A, 0x5370,
    0x6CE8, 0x9805, 0x4F11, 0x5199, 0x6B63, 0x4E0A, 0x4E2D, 0x4E0B, 0x5DE6, 0x53F3,
    0x533B, 0x5B97, 0x5B66, 0x76E3, 0x4F01, 0x8CC7, 0x5354, 0x591C, 0x33, 0x36,
    0x33, 0x37, 0x33, 0x38, 0x33, 0x39, 0x34, 0x30, 0x34, 0x31,
    0x34, 0x32, 0x34, 0x33, 0x34, 0x34, 0x34, 0x35, 0x34, 0x36,
    0x34, 0x37, 0x34, 0x38, 0x34, 0x39, 0x35, 0x30, 0x31, 0x6708,
    0x32, 0x6708, 0x33, 0x6708, 0x34, 0x6708, 0x35, 0x6708, 0x36, 0x6708,
    0x37, 0x6708, 0x38, 0x6708, 0x39, 0x6708, 0x31, 0x30, 0x6708, 0x31,
    0x31, 0x6708, 0x31, 0x32, 0x6708, 0x48, 0x67, 0x65, 0x72, 0x67,
    0x65, 0x56, 0x4C, 0x54, 0x44, 0x30A2, 0x30A4, 0x30A6, 0x30A8, 0x30AA,
    0x30AB, 0x30AD, 0x30AF, 0x30B1, 0x30B3, 0x30B5, 0x30B7, 0x30B9, 0x30BB, 0x30BD,
    0x30BF, 0x30C1, 0x30C4, 0x30C6, 0x30C8, 0x30CA, 0x30CB, 0x30CC, 0x30CD, 0x30CE,
    0x30CF, 0x30D2, 0x30D5, 0x30D8, 0x30DB, 0x30DE, 0x30DF, 0x30E0, 0x30E1, 0x30E2,
    0x30E4, 0x30E6, 0x30E8, 0x30E9, 0x30EA, 0x30EB, 0x30EC, 0x30ED, 0x30EF, 0x30F0,
    0x30F1, 0x30F2, 0x4EE4, 0x548C, 0x30A2, 0x30CF, 0x309A, 0x30FC, 0x30C8, 0x30A2,
    0x30EB, 0x30D5, 0x30A1, 0x30A2, 0x30F3, 0x30D8, 0x309A, 0x30A2, 0x30A2, 0x30FC,
    0x30EB, 0x30A4, 0x30CB, 0x30F3, 0x30AF, 0x3099, 0x30A4, 0x30F3, 0x30C1, 0x30A6,
    0x30A9, 0x30F3, 0x30A8, 0x30B9, 0x30AF, 0x30FC, 0x30C8, 0x3099, 0x30A8, 0x30FC,
    0x30AB, 0x30FC, 0x30AA, 0x30F3, 0x30B9, 0x30AA, 0x30FC, 0x30E0, 0x30AB, 0x30A4,
    0x30EA, 0x30AB, 0x30E9, 0x30C3, 0x30C8, 0x30AB, 0x30ED, 0x30EA, 0x30FC, 0x30AB,
    0x3099, 0x30ED, 0x30F3, 0x30AB, 0x3099, 0x30F3, 0x30DE, 0x30AD, 0x3099, 0x30AB,
    0x3099, 0x30AD, 0x3099, 0x30CB, 0x30FC, 0x30AD, 0x30E5, 0x30EA, 0x30FC, 0x30AD,
    0x3099, 0x30EB, 0x30BF, 0x3099, 0x30FC, 0x30AD, 0x30ED, 0x30AD, 0x30ED, 0x30AF,
    0x3099, 0x30E9, 0x30E0, 0x30AD, 0x30ED, 0x30E1, 0x30FC, 0x30C8, 0x30EB, 0x30AD,
    0x30ED, 0x30EF, 0x30C3, 0x30C8, 0x30AF, 0x3099, 0x30E9, 0x30E0, 0x30AF, 0x3099,
    0x30E9, 0x30E0, 0x30C8, 0x30F3, 0x30AF, 0x30EB, 0x30BB, 0x3099, 0x30A4, 0x30ED,
    0x30AF, 0x30ED, 0x30FC, 0x30CD, 0x30B1, 0x30FC, 0x30B9, 0x30B3, 0x30EB, 0x30CA,
    0x30B3, 0x30FC, 0x30DB, 0x309A, 0x30B5, 0x30A4, 0x30AF, 0x30EB, 0x30B5, 0x30F3,
    0x30C1, 0x30FC, 0x30E0, 0x30B7, 0x30EA, 0x30F3, 0x30AF, 0x3099, 0x30BB, 0x30F3,
    0x30C1, 0x30BB, 0x30F3, 0x30C8, 0x30BF, 0x3099, 0x30FC, 0x30B9, 0x30C6, 0x3099,
    0x30B7, 0x30C8, 0x3099, 0x30EB, 0x30C8, 0x30F3, 0x30CA, 0x30CE, 0x30CE, 0x30C3,
    0x30C8, 0x30CF, 0x30A4, 0x30C4, 0x30CF, 0x309A, 0x30FC, 0x30BB, 0x30F3, 0x30C8,
    0x30CF, 0x309A, 0x30FC, 0x30C4, 0x30CF, 0x3099, 0x30FC, 0x30EC, 0x30EB, 0x30D2,
    0x309A, 0x30A2, 0x30B9, 0x30C8, 0x30EB, 0x30D2, 0x309A, 0x30AF, 0x30EB, 0x30D2,
    0x309A, 0x30B3, 0x30D2, 0x3099, 0x30EB, 0x30D5, 0x30A1, 0x30E9, 0x30C3, 0x30C8,
    0x3099, 0x30D5, 0x30A3, 0x30FC, 0x30C8, 0x30D5, 0x3099, 0x30C3, 0x30B7, 0x30A7,
    0x30EB, 0x30D5, 0x30E9, 0x30F3, 0x30D8, 0x30AF, 0x30BF, 0x30FC, 0x30EB, 0x30D8,
    0x309A, 0x30BD, 0x30D8, 0x309A, 0x30CB, 0x30D2, 0x30D8, 0x30EB, 0x30C4, 0x30D8,
    0x309A, 0x30F3, 0x30B9, 0x30D8, 0x309A, 0x30FC, 0x30B7, 0x3099, 0x30D8, 0x3099,
    0x30FC, 0x30BF, 0x30DB, 0x309A, 0x30A4, 0x30F3, 0x30C8, 0x30DB, 0x3099, 0x30EB,
    0x30C8, 0x30DB, 0x30F3, 0x30DB, 0x309A, 0x30F3, 0x30C8, 0x3099, 0x30DB, 0x30FC,
    0x30EB, 0x30DB, 0x30FC, 0x30F3, 0x30DE, 0x30A4, 0x30AF, 0x30ED, 0x30DE, 0x30A4,
    0x30EB, 0x30DE, 0x30C3, 0x30CF, 0x30DE, 0x30EB, 0x30AF, 0x30DE, 0x30F3, 0x30B7,
    0x30E7, 0x30F3, 0x30DF, 0x30AF, 0x30ED, 0x30F3, 0x30DF, 0x30EA, 0x30DF, 0x30EA,
    0x30CF, 0x3099, 0x30FC, 0x30EB, 0x30E1, 0x30AB, 0x3099, 0x30E1, 0x30AB, 0x3099,
    0x30C8, 0x30F3, 0x30E1, 0x30FC, 0x30C8, 0x30EB, 0x30E4, 0x30FC, 0x30C8, 0x3099,
    0x30E4, 0x30FC, 0x30EB, 0x30E6, 0x30A2, 0x30F3, 0x30EA, 0x30C3, 0x30C8, 0x30EB,
    0x30EA, 0x30E9, 0x30EB, 0x30D2, 0x309A, 0x30FC, 0x30EB, 0x30FC, 0x30D5, 0x3099,
    0x30EB, 0x30EC, 0x30E0, 0x30EC, 0x30F3, 0x30C8, 0x30B1, 0x3099, 0x30F3, 0x30EF,
    0x30C3, 0x30C8, 0x30, 0x70B9, 0x31, 0x70B9, 0x32, 0x70B9, 0x33, 0x70B9,
    0x34, 0x70B9, 0x35, 0x70B9, 0x36, 0x70B9, 0x37, 0x70B9, 0x38, 0x70B9,
    0x39, 0x70B9, 0x31, 0x30, 0x70B9, 0x31, 0x31, 0x70B9, 0x31, 0x32,
    0x70B9, 0x31, 0x33, 0x70B9, 0x31, 0x34, 0x70B9, 0x31, 0x35, 0x70B9,
    0x31, 0x36, 0x70B9, 0x31, 0x37, 0x70B9, 0x31, 0x38, 0x70B9, 0x31,
    0x39, 0x70B9, 0x32, 0x30, 0x70B9, 0x32, 0x31, 0x70B9, 0x32, 0x32,
    0x70B9, 0x32, 0x33, 0x70B9, 0x32, 0x34, 0x70B9, 0x68, 0x50, 0x61,
    0x64, 0x61, 0x41, 0x55, 0x62, 0x61, 0x72, 0x6F, 0x56, 0x70,
    0x63, 0x64, 0x6D, 0x64, 0x6D, 0x32, 0x64, 0x6D, 0x33, 0x49,
    0x55, 0x5E73, 0x6210, 0x662D, 0x548C, 0x5927, 0x6B63, 0x660E, 0x6CBB, 0x682A,
    0x5F0F, 0x4F1A, 0x793E, 0x70, 0x41, 0x6E, 0x41, 0x3BC, 0x41, 0x6D,
    0x41, 0x6B, 0x41, 0x4B, 0x42, 0x4D, 0x42, 0x47, 0x42, 0x63,
    0x61, 0x6C, 0x6B, 0x63, 0x61, 0x6C, 0x70, 0x46, 0x6E, 0x46,
    0x3BC, 0x46, 0x3BC, 0x67, 0x6D, 0x67, 0x6B, 0x67, 0x48, 0x7A,
    0x6B, 0x48, 0x7A, 0x4D, 0x48, 0x7A, 0x47, 0x48, 0x7A, 0x54,
    0x48, 0x7A, 0x3BC, 0x6C, 0x6D, 0x6C, 0x64, 0x6C, 0x6B, 0x6C,
    0x66, 0x6D, 0x6E, 0x6D, 0x3BC, 0x6D, 0x6D, 0x6D, 0x63, 0x6D,
    0x6B, 0x6D, 0x6D, 0x6D, 0x32, 0x63, 0x6D, 0x32, 0x6D, 0x32,
    0x6B, 0x6D, 0x32, 0x6D, 0x6D, 0x33, 0x63, 0x6D, 0x33, 0x6D,
    0x33, 0x6B, 0x6D, 0x33, 0x6D, 0x2215, 0x73, 0x6D, 0x2215, 0x73,
    0x32, 0x50, 0x61, 0x6B, 0x50, 0x61, 0x4D, 0x50, 0x61, 0x47,
    0x50, 0x61, 0x72, 0x61, 0x64, 0x72, 0x61, 0x64, 0x2215, 0x73,
    0x72, 0x61, 0x64, 0x2215, 0x73, 0x32, 0x70, 0x73, 0x6E, 0x73,
    0x3BC, 0x73, 0x6D, 0x73, 0x70, 0x56, 0x6E, 0x56, 0x3BC, 0x56,
    0x6D, 0x56, 0x6B, 0x56, 0x4D, 0x56, 0x70, 0x57, 0x6E, 0x57,
    0x3BC, 0x57, 0x6D, 0x57, 0x6B, 0x57, 0x4D, 0x57, 0x6B, 0x3A9,
    0x4D, 0x3A9, 0x61, 0x2E, 0x6D, 0x2E, 0x42, 0x71, 0x63, 0x63,
    0x63, 0x64, 0x43, 0x2215, 0x6B, 0x67, 0x43, 0x6F, 0x2E, 0x64,
    0x42, 0x47, 0x79, 0x68, 0x61, 0x48, 0x50, 0x69, 0x6E, 0x4B,
    0x4B, 0x4B, 0x4D, 0x6B, 0x74, 0x6C, 0x6D, 0x6C, 0x6E, 0x6C,
    0x6F, 0x67, 0x6C, 0x78, 0x6D, 0x62, 0x6D, 0x69, 0x6C, 0x6D,
    0x6F, 0x6C, 0x50, 0x48, 0x70, 0x2E, 0x6D, 0x2E, 0x50, 0x50,
    0x4D, 0x50, 0x52, 0x73, 0x72, 0x53, 0x76, 0x57, 0x62, 0x56,
    0x2215, 0x6D, 0x41, 0x2215, 0x6D, 0x31, 0x65E5, 0x32, 0x65E5, 0x33,
    0x65E5, 0x34, 0x65E5, 0x35, 0x65E5, 0x36, 0x65E5, 0x37, 0x65E5, 0x38,
    0x65E5, 0x39, 0x65E5, 0x31, 0x30, 0x65E5, 0x31, 0x31, 0x65E5, 0x31,
    0x32, 0x65E5, 0x31, 0x33, 0x65E5, 0x31, 0x34, 0x65E5, 0x31, 0x35,
    0x65E5, 0x31, 0x36, 0x65E5, 0x31, 0x37, 0x65E5, 0x31, 0x38, 0x65E5,
    0x31, 0x39, 0x65E5, 0x32, 0x30, 0x65E5, 0x32, 0x31, 0x65E5, 0x32,
    0x32, 0x65E5, 0x32, 0x33, 0x65E5, 0x32, 0x34, 0x65E5, 0x32, 0x35,
    0x65E5, 0x32, 0x36, 0x65E5, 0x32, 0x37, 0x65E5, 0x32, 0x38, 0x65E5,
    0x32, 0x39, 0x65E5, 0x33, 0x30, 0x65E5, 0x33, 0x31, 0x65E5, 0x67,
    0x61, 0x6C, 0x44A, 0x44C, 0xA76F, 0x43, 0x46, 0x51, 0x126, 0x153,
    0xA727, 0xAB37, 0x26B, 0xAB52, 0x28D, 0x8C48, 0x66F4, 0x8ECA, 0x8CC8, 0x6ED1,
    0x4E32, 0x53E5, 0x9F9C, 0x9F9C, 0x5951, 0x91D1, 0x5587, 0x5948, 0x61F6, 0x7669,
    0x7F85, 0x863F, 0x87BA, 0x88F8, 0x908F, 0x6A02, 0x6D1B, 0x70D9, 0x73DE, 0x843D,
    0x916A, 0x99F1, 0x4E82, 0x5375, 0x6B04, 0x721B, 0x862D, 0x9E1E, 0x5D50, 0x6FEB,
    0x85CD, 0x8964, 0x62C9, 0x81D8, 0x881F, 0x5ECA, 0x6717, 0x6D6A, 0x72FC, 0x90CE,
    0x4F86, 0x51B7, 0x52DE, 0x64C4, 0x6AD3, 0x7210, 0x76E7, 0x8001, 0x8606, 0x865C,
    0x8DEF, 0x9732, 0x9B6F, 0x9DFA, 0x788C, 0x797F, 0x7DA0, 0x83C9, 0x9304, 0x9E7F,
    0x8AD6, 0x58DF, 0x5F04, 0x7C60, 0x807E, 0x7262, 0x78CA, 0x8CC2, 0x96F7, 0x58D8,
    0x5C62, 0x6A13, 0x6DDA, 0x6F0F, 0x7D2F, 0x7E37, 0x964B, 0x52D2, 0x808B, 0x51DC,
    0x51CC, 0x7A1C, 0x7DBE, 0x83F1, 0x9675, 0x8B80, 0x62CF, 0x6A02, 0x8AFE, 0x4E39,
    0x5BE7, 0x6012, 0x7387, 0x7570, 0x5317, 0x78FB, 0x4FBF, 0x5FA9, 0x4E0D, 0x6CCC,
    0x6578, 0x7D22, 0x53C3, 0x585E, 0x7701, 0x8449, 0x8AAA, 0x6BBA, 0x8FB0, 0x6C88,
    0x62FE, 0x82E5, 0x63A0, 0x7565, 0x4EAE, 0x5169, 0x51C9, 0x6881, 0x7CE7, 0x826F,
    0x8AD2, 0x91CF, 0x52F5, 0x5442, 0x5973, 0x5EEC, 0x65C5, 0x6FFE, 0x792A, 0x95AD,
    0x9A6A, 0x9E97, 0x9ECE, 0x529B, 0x66C6, 0x6B77, 0x8F62, 0x5E74, 0x6190, 0x6200,
    0x649A, 0x6F23, 0x7149, 0x7489, 0x79CA, 0x7DF4, 0x806F, 0x8F26, 0x84EE, 0x9023,
    0x934A, 0x5217, 0x52A3, 0x54BD, 0x70C8, 0x88C2, 0x8AAA, 0x5EC9, 0x5FF5, 0x637B,
    0x6BAE, 0x7C3E, 0x7375, 0x4EE4, 0x56F9, 0x5BE7, 0x5DBA, 0x601C, 0x73B2, 0x7469,
    0x7F9A, 0x8046, 0x9234, 0x96F6, 0x9748, 0x9818, 0x4F8B, 0x79AE, 0x91B4, 0x96B8,
    0x60E1, 0x4E86, 0x50DA, 0x5BEE, 0x5C3F, 0x6599, 0x6A02, 0x71CE, 0x7642, 0x84FC,
    0x907C, 0x9F8D, 0x6688, 0x962E, 0x5289, 0x677B, 0x67F3, 0x6D41, 0x6E9C, 0x7409,
    0x7559, 0x786B, 0x7D10, 0x985E, 0x516D, 0x622E, 0x9678, 0x502B, 0x5D19, 0x6DEA,
    0x8F2A, 0x5F8B, 0x6144, 0x6817, 0x7387, 0x9686, 0x5229, 0x540F, 0x5C65, 0x6613,
    0x674E, 0x68A8, 0x6CE5, 0x7406, 0x75E2, 0x7F79, 0x88CF, 0x88E1, 0x91CC, 0x96E2,
    0x533F, 0x6EBA, 0x541D, 0x71D0, 0x7498, 0x85FA, 0x96A3, 0x9C57, 0x9E9F, 0x6797,
    0x6DCB, 0x81E8, 0x7ACB, 0x7B20, 0x7C92, 0x72C0, 0x7099, 0x8B58, 0x4EC0, 0x8336,
    0x523A, 0x5207, 0x5EA6, 0x62D3, 0x7CD6, 0x5B85, 0x6D1E, 0x66B4, 0x8F3B, 0x884C,
    0x964D, 0x898B, 0x5ED3, 0x5140, 0x55C0, 0x585A, 0x6674, 0x51DE, 0x732A, 0x76CA,
    0x793C, 0x795E, 0x7965, 0x798F, 0x9756, 0x7CBE, 0x7FBD, 0x8612, 0x8AF8, 0x9038,
    0x90FD, 0x98EF, 0x98FC, 0x9928, 0x9DB4, 0x90DE, 0x96B7, 0x4FAE, 0x50E7, 0x514D,
    0x52C9, 0x52E4, 0x5351, 0x559D, 0x5606, 0x5668, 0x5840, 0x58A8, 0x5C64, 0x5C6E,
    0x6094, 0x6168, 0x618E, 0x61F2, 0x654F, 0x65E2, 0x6691, 0x6885, 0x6D77, 0x6E1A,
    0x6F22, 0x716E, 0x722B, 0x7422, 0x7891, 0x793E, 0x7949, 0x7948, 0x7950, 0x7956,
    0x795D, 0x798D, 0x798E, 0x7A40, 0x7A81, 0x7BC0, 0x7DF4, 0x7E09, 0x7E41, 0x7F72,
    0x8005, 0x81ED, 0x8279, 0x8279, 0x8457, 0x8910, 0x8996, 0x8B01, 0x8B39, 0x8CD3,
    0x8D08, 0x8FB6, 0x9038, 0x96E3, 0x97FF, 0x983B, 0x6075, 0x242EE, 0x8218, 0x4E26,
    0x51B5, 0x5168, 0x4F80, 0x5145, 0x5180, 0x52C7, 0x52FA, 0x559D, 0x5555, 0x5599,
    0x55E2, 0x585A, 0x58B3, 0x5944, 0x5954, 0x5A62, 0x5B28, 0x5ED2, 0x5ED9, 0x5F69,
    0x5FAD, 0x60D8, 0x614E, 0x6108, 0x618E, 0x6160, 0x61F2, 0x6234, 0x63C4, 0x641C,
    0x6452, 0x6556, 0x6674, 0x6717, 0x671B, 0x6756, 0x6B79, 0x6BBA, 0x6D41, 0x6EDB,
    0x6ECB, 0x6F22, 0x701E, 0x716E, 0x77A7, 0x7235, 0x72AF, 0x732A, 0x7471, 0x7506,
    0x753B, 0x761D, 0x761F, 0x76CA, 0x76DB, 0x76F4, 0x774A, 0x7740, 0x78CC, 0x7AB1,
    0x7BC0, 0x7C7B, 0x7D5B, 0x7DF4, 0x7F3E, 0x8005, 0x8352, 0x83EF, 0x8779, 0x8941,
    0x8986, 0x8996, 0x8ABF, 0x8AF8, 0x8ACB, 0x8B01, 0x8AFE, 0x8AED, 0x8B39, 0x8B8A,
    0x8D08, 0x8F38, 0x9072, 0x9199, 0x9276, 0x967C, 0x96E3, 0x9756, 0x97DB, 0x97FF,
    0x980B, 0x983B, 0x9B12, 0x9F9C, 0x2284A, 0x22844, 0x233D5, 0x3B9D, 0x4018, 0x4039,
    0x25249, 0x25CD0, 0x27ED3, 0x9F43, 0x9F8E, 0x66, 0x66, 0x66, 0x69, 0x66,
    0x6C, 0x66, 0x66, 0x69, 0x66, 0x66, 0x6C, 0x73, 0x74, 0x73,
    0x74, 0x574, 0x576, 0x574, 0x565, 0x574, 0x56B, 0x57E, 0x576, 0x574,
    0x56D, 0x5D9, 0x5B4, 0x5F2, 0x5B7, 0x5E2, 0x5D0, 0x5D3, 0x5D4, 0x5DB,
    0x5DC, 0x5DD, 0x5E8, 0x5EA, 0x2B, 0x5E9, 0x5C1, 0x5E9, 0x5C2, 0x5E9,
    0x5BC, 0x5C1, 0x5E9, 0x5BC, 0x5C2, 0x5D0, 0x5B7, 0x5D0, 0x5B8, 0x5D0,
    0x5BC, 0x5D1, 0x5BC, 0x5D2, 0x5BC, 0x5D3, 0x5BC, 0x5D4, 0x5BC, 0x5D5,
    0x5BC, 0x5D6, 0x5BC, 0x5D8, 0x5BC, 0x5D9, 0x5BC, 0x5DA, 0x5BC, 0x5DB,
    0x5BC, 0x5DC, 0x5BC, 0x5DE, 0x5BC, 0x5E0, 0x5BC, 0x5E1, 0x5BC, 0x5E3,
    0x5BC, 0x5E4, 0x5BC, 0x5E6, 0x5BC, 0x5E7, 0x5BC, 0x5E8, 0x5BC, 0x5E9,
    0x5BC, 0x5EA, 0x5BC, 0x5D5, 0x5B9, 0x5D1, 0x5BF, 0x5DB, 0x5BF, 0x5E4,
    0x5BF, 0x5D0, 0x5DC, 0x671, 0x671, 0x67B, 0x67B, 0x67B, 0x67B, 0x67E,
    0x67E, 0x67E, 0x67E, 0x680, 0x680, 0x680, 0x680, 0x67A, 0x67A, 0x67A,
    0x67A, 0x67F, 0x67F, 0x67F, 0x67F, 0x679, 0x679, 0x679, 0x679, 0x6A4,
    0x6A4, 0x6A4, 0x6A4, 0x6A6, 0x6A6, 0x6A6, 0x6A6, 0x684, 0x684, 0x684,
    0x684, 0x683, 0x683, 0x683, 0x683, 0x686, 0x686, 0x686, 0x686, 0x687,
    0x687, 0x687, 0x687, 0x68D, 0x68D, 0x68C, 0x68C, 0x68E, 0x68E, 0x688,
    0x688, 0x698, 0x698, 0x691, 0x691, 0x6A9, 0x6A9, 0x6A9, 0x6A9, 0x6AF,
    0x6AF, 0x6AF, 0x6AF, 0x6B3, 0x6B3, 0x6B3, 0x6B3, 0x6B1, 0x6B1, 0x6B1,
    0x6B1, 0x6BA, 0x6BA, 0x6BB, 0x6BB, 0x6BB, 0x6BB, 0x6D5, 0x654, 0x6D5,
    0x654, 0x6C1, 0x6C1, 0x6C1, 0x6C1, 0x6BE, 0x6BE, 0x6BE, 0x6BE, 0x6D2,
    0x6D2, 0x6D2, 0x654, 0x6D2, 0x654, 0x6AD, 0x6AD, 0x6AD, 0x6AD, 0x6C7,
    0x6C7, 0x6C6, 0x6C6, 0x6C8, 0x6C8, 0x6C7, 0x674, 0x6CB, 0x6CB, 0x6C5,
    0x6C5, 0x6C9, 0x6C9, 0x6D0, 0x6D0, 0x6D0, 0x6D0, 0x649, 0x649, 0x64A,
    0x654, 0x627, 0x64A, 0x654, 0x627, 0x64A, 0x654, 0x6D5, 0x64A, 0x654,
    0x6D5, 0x64A, 0x654, 0x648, 0x64A, 0x654, 0x648, 0x64A, 0x654, 0x6C7,
    0x64A, 0x654, 0x6C7, 0x64A, 0x654, 0x6C6, 0x64A, 0x654, 0x6C6, 0x64A,
    0x654, 0x6C8, 0x64A, 0x654, 0x6C8, 0x64A, 0x654, 0x6D0, 0x64A, 0x654,
    0x6D0, 0x64A, 0x654, 0x6D0, 0x64A, 0x654, 0x649, 0x64A, 0x654, 0x649,
    0x64A, 0x654, 0x649, 0x6CC, 0x6CC, 0x6CC, 0x6CC, 0x64A, 0x654, 0x62C,
    0x64A, 0x654, 0x62D, 0x64A, 0x654, 0x645, 0x64A, 0x654, 0x649, 0x64A,
    0x654, 0x64A, 0x628, 0x62C, 0x628, 0x62D, 0x628, 0x62E, 0x628, 0x645,
    0x628, 0x649, 0x628, 0x64A, 0x62A, 0x62C, 0x62A, 0x62D, 0x62A, 0x62E,
    0x62A, 0x645, 0x62A, 0x649, 0x62A, 0x64A, 0x62B, 0x62C, 0x62B, 0x645,
    0x62B, 0x649, 0x62B, 0x64A, 0x62C, 0x62D, 0x62C, 0x645, 0x62D, 0x62C,
    0x62D, 0x645, 0x62E, 0x62C, 0x62E, 0x62D, 0x62E, 0x645, 0x633, 0x62C,
    0x633, 0x62D, 0x633, 0x62E, 0x633, 0x645, 0x635, 0x62D, 0x635, 0x645,
    0x636, 0x62C, 0x636, 0x62D, 0x636, 0x62E, 0x636, 0x645, 0x637, 0x62D,
    0x637, 0x645, 0x638, 0x645, 0x639, 0x62C, 0x639, 0x645, 0x63A, 0x62C,
    0x63A, 0x645, 0x641, 0x62C, 0x641, 0x62D, 0x641, 0x62E, 0x641, 0x645,
    0x641, 0x649, 0x641, 0x64A, 0x642, 0x62D, 0x642, 0x645, 0x642, 0x649,
    0x642, 0x64A, 0x643, 0x627, 0x643, 0x62C, 0x643, 0x62D, 0x643, 0x62E,
    0x643, 0x644, 0x643, 0x645, 0x643, 0x649, 0x643, 0x64A, 0x644, 0x62C,
    0x644, 0x62D, 0x644, 0x62E, 0x644, 0x645, 0x644, 0x649, 0x644, 0x64A,
    0x645, 0x62C, 0x645, 0x62D, 0x645, 0x62E, 0x645, 0x645, 0x645, 0x649,
    0x645, 0x64A, 0x646, 0x62C, 0x646, 0x62D, 0x646, 0x62E, 0x646, 0x645,
    0x646, 0x649, 0x646, 0x64A, 0x647, 0x62C, 0x647, 0x645, 0x647, 0x649,
    0x647, 0x64A, 0x64A, 0x62C, 0x64A, 0x62D, 0x64A, 0x62E, 0x64A, 0x645,
    0x64A, 0x649, 0x64A, 0x64A, 0x630, 0x670, 0x631, 0x670, 0x649, 0x670,
    0x20, 0x64C, 0x651, 0x20, 0x64D, 0x651, 0x20, 0x64E, 0x651, 0x20,
    0x64F, 0x651, 0x20, 0x650, 0x651, 0x20, 0x651, 0x670, 0x64A, 0x654,
    0x631, 0x64A, 0x654, 0x632, 0x64A, 0x654, 0x645, 0x64A, 0x654, 0x646,
    0x64A, 0x654, 0x649, 0x64A, 0x654, 0x64A, 0x628, 0x631, 0x628, 0x632,
    0x628, 0x645, 0x628, 0x646, 0x628, 0x649, 0x628, 0x64A, 0x62A, 0x631,
    0x62A, 0x632, 0x62A, 0x645, 0x62A, 0x646, 0x62A, 0x649, 0x62A, 0x64A,
    0x62B, 0x631, 0x62B, 0x632, 0x62B, 0x645, 0x62B, 0x646, 0x62B, 0x649,
    0x62B, 0x64A, 0x641, 0x649, 0x641, 0x64A, 0x642, 0x649, 0x642, 0x64A,
    0x643, 0x627, 0x643, 0x644, 0x643, 0x645, 0x643, 0x649, 0x643, 0x64A,
    0x644, 0x645, 0x644, 0x649, 0x644, 0x64A, 0x645, 0x627, 0x645, 0x645,
    0x646, 0x631, 0x646, 0x632, 0x646, 0x645, 0x646, 0x646, 0x646, 0x649,
    0x646, 0x64A, 0x649, 0x670, 0x64A, 0x631, 0x64A, 0x632, 0x64A, 0x645,
    0x64A, 0x646, 0x64A, 0x649, 0x64A, 0x64A, 0x64A, 0x654, 0x62C, 0x64A,
    0x654, 0x62D, 0x64A, 0x654, 0x62E, 0x64A, 0x654, 0x645, 0x64A, 0x654,
    0x647, 0x628, 0x62C, 0x628, 0x62D, 0x628, 0x62E, 0x628, 0x645, 0x628,
    0x647, 0x62A, 0x62C, 0x62A, 0x62D, 0x62A, 0x62E, 0x62A, 0x645, 0x62A,
    0x647, 0x62B, 0x645, 0x62C, 0x62D, 0x62C, 0x645, 0x62D, 0x62C, 0x62D,
    0x645, 0x62E, 0x62C, 0x62E, 0x645, 0x633, 0x62C, 0x633, 0x62D, 0x633,
    0x62E, 0x633, 0x645, 0x635, 0x62D, 0x635, 0x62E, 0x635, 0x645, 0x636,
    0x62C, 0x636, 0x62D, 0x636, 0x62E, 0x636, 0x645, 0x637, 0x62D, 0x638,
    0x645, 0x639, 0x62C, 0x639, 0x645, 0x63A, 0x62C, 0x63A, 0x645, 0x641,
    0x62C, 0x641, 0x62D, 0x641, 0x62E, 0x641, 0x645, 0x642, 0x62D, 0x642,
    0x645, 0x643, 0x62C, 0x643, 0x62D, 0x643, 0x62E, 0x643, 0x644, 0x643,
    0x645, 0x644, 0x62C, 0x644, 0x62D, 0x644, 0x62E, 0x644, 0x645, 0x644,
    0x647, 0x645, 0x62C, 0x645, 0x62D, 0x645, 0x62E, 0x645, 0x645, 0x646,
    0x62C, 0x646, 0x62D, 0x646, 0x62E, 0x646, 0x645, 0x646, 0x647, 0x647,
    0x62C, 0x647, 0x645, 0x647, 0x670, 0x64A, 0x62C, 0x64A, 0x62D, 0x64A,
    0x62E, 0x64A, 0x645, 0x64A, 0x647, 0x64A, 0x654, 0x645, 0x64A, 0x654,
    0x647, 0x628, 0x645, 0x628, 0x647, 0x62A, 0x645, 0x62A, 0x647, 0x62B,
    0x645, 0x62B, 0x647, 0x633, 0x645, 0x633, 0x647, 0x634, 0x645, 0x634,
    0x647, 0x643, 0x644, 0x643, 0x645, 0x644, 0x645, 0x646, 0x645, 0x646,
    0x647, 0x64A, 0x645, 0x64A, 0x647, 0x640, 0x64E, 0x651, 0x640, 0x64F,
    0x651, 0x640, 0x650, 0x651, 0x637, 0x649, 0x637, 0x64A, 0x639, 0x649,
    0x639, 0x64A, 0x63A, 0x649, 0x63A, 0x64A, 0x633, 0x649, 0x633, 0x64A,
    0x634, 0x649, 0x634, 0x64A, 0x62D, 0x649, 0x62D, 0x64A, 0x62C, 0x649,
    0x62C, 0x64A, 0x62E, 0x649, 0x62E, 0x64A, 0x635, 0x649, 0x635, 0x64A,
    0x636, 0x649, 0x636, 0x64A, 0x634, 0x62C, 0x634, 0x62D, 0x634, 0x62E,
    0x634, 0x645, 0x634, 0x631, 0x633, 0x631, 0x635, 0x631, 0x636, 0x631,
    0x637, 0x649, 0x637, 0x64A, 0x639, 0x649, 0x639, 0x64A, 0x63A, 0x649,
    0x63A, 0x64A, 0x633, 0x649, 0x633, 0x64A, 0x634, 0x649, 0x634, 0x64A,
    0x62D, 0x649, 0x62D, 0x64A, 0x62C, 0x649, 0x62C, 0x64A, 0x62E, 0x649,
    0x62E, 0x64A, 0x635, 0x649, 0x635, 0x64A, 0x636, 0x649, 0x636, 0x64A,
    0x634, 0x62C, 0x634, 0x62D, 0x634, 0x62E, 0x634, 0x645, 0x634, 0x631,
    0x633, 0x631, 0x635, 0x631, 0x636, 0x631, 0x634, 0x62C, 0x634, 0x62D,
    0x634, 0x62E, 0x634, 0x645, 0x633, 0x647, 0x634, 0x647, 0x637, 0x645,
    0x633, 0x62C, 0x633, 0x62D, 0x633, 0x62E, 0x634, 0x62C, 0x634, 0x62D,
    0x634, 0x62E, 0x637, 0x645, 0x638, 0x645, 0x627, 0x64B, 0x627, 0x64B,
    0x62A, 0x62C, 0x645, 0x62A, 0x62D, 0x62C, 0x62A, 0x62D, 0x62C, 0x62A,
    0x62D, 0x645, 0x62A, 0x62E, 0x645, 0x62A, 0x645, 0x62C, 0x62A, 0x645,
    0x62D, 0x62A, 0x645, 0x62E, 0x62C, 0x645, 0x62D, 0x62C, 0x645, 0x62D,
    0x62D, 0x645, 0x64A, 0x62D, 0x645, 0x649, 0x633, 0x62D, 0x62C, 0x633,
    0x62C, 0x62D, 0x633, 0x62C, 0x649, 0x633, 0x645, 0x62D, 0x633, 0x645,
    0x62D, 0x633, 0x645, 0x62C, 0x633, 0x645, 0x645, 0x633, 0x645, 0x645,
    0x635, 0x62D, 0x62D, 0x635, 0x62D, 0x62D, 0x635, 0x645, 0x645, 0x634,
    0x62D, 0x645, 0x634, 0x62D, 0x645, 0x634, 0x62C, 0x64A, 0x634, 0x645,
    0x62E, 0x634, 0x645, 0x62E, 0x634, 0x645, 0x645, 0x634, 0x645, 0x645,
    0x636, 0x62D, 0x649, 0x636, 0x62E, 0x645, 0x636, 0x62E, 0x645, 0x637,
    0x645, 0x62D, 0x637, 0x645, 0x62D, 0x637, 0x645, 0x645, 0x637, 0x645,
    0x64A, 0x639, 0x62C, 0x645, 0x639, 0x645, 0x645, 0x639, 0x645, 0x645,
    0x639, 0x645, 0x649, 0x63A, 0x645, 0x645, 0x63A, 0x645, 0x64A, 0x63A,
    0x645, 0x649, 0x641, 0x62E, 0x645, 0x641, 0x62E, 0x645, 0x642, 0x645,
    0x62D, 0x642, 0x645, 0x645, 0x644, 0x62D, 0x645, 0x644, 0x62D, 0x64A,
    0x644, 0x62D, 0x649, 0x644, 0x62C, 0x62C, 0x644, 0x62C, 0x62C, 0x644,
    0x62E, 0x645, 0x644, 0x62E, 0x645, 0x644, 0x645, 0x62D, 0x644, 0x645,
    0x62D, 0x645, 0x62D, 0x62C, 0x645, 0x62D, 0x645, 0x645, 0x62D, 0x64A,
    0x645, 0x62C, 0x62D, 0x645, 0x62C, 0x645, 0x645, 0x62E, 0x62C, 0x645,
    0x62E, 0x645, 0x645, 0x62C, 0x62E, 0x647, 0x645, 0x62C, 0x647, 0x645,
    0x645, 0x646, 0x62D, 0x645, 0x646, 0x62D, 0x649, 0x646, 0x62C, 0x645,
    0x646, 0x62C, 0x645, 0x646, 0x62C, 0x649, 0x646, 0x645, 0x64A, 0x646,
    0x645, 0x649, 0x64A, 0x645, 0x645, 0x64A, 0x645, 0x645, 0x628, 0x62E,
    0x64A, 0x62A, 0x62C, 0x64A, 0x62A, 0x62C, 0x649, 0x62A, 0x62E, 0x64A,
    0x62A, 0x62E, 0x649, 0x62A, 0x645, 0x64A, 0x62A, 0x645, 0x649, 0x62C,
    0x645, 0x64A, 0x62C, 0x62D, 0x649, 0x62C, 0x645, 0x649, 0x633, 0x62E,
    0x649, 0x635, 0x62D, 0x64A, 0x634, 0x62D, 0x64A, 0x636, 0x62D, 0x64A,
    0x644, 0x62C, 0x64A, 0x644, 0x645, 0x64A, 0x64A, 0x62D, 0x64A, 0x64A,
    0x62C, 0x64A, 0x64A, 0x645, 0x64A, 0x645, 0x645, 0x64A, 0x642, 0x645,
    0x64A, 0x646, 0x62D, 0x64A, 0x642, 0x645, 0x62D, 0x644, 0x62D, 0x645,
    0x639, 0x645, 0x64A, 0x643, 0x645, 0x64A, 0x646, 0x62C, 0x62D, 0x645,
    0x62E, 0x64A, 0x644, 0x62C, 0x645, 0x643, 0x645, 0x645, 0x644, 0x62C,
    0x645, 0x646, 0x62C, 0x62D, 0x62C, 0x62D, 0x64A, 0x62D, 0x62C, 0x64A,
    0x645, 0x62C, 0x64A, 0x641, 0x645, 0x64A, 0x628, 0x62D, 0x64A, 0x643,
    0x645, 0x645, 0x639, 0x62C, 0x645, 0x635, 0x645, 0x645, 0x633, 0x62E,
    0x64A, 0x646, 0x62C, 0x64A, 0x635, 0x644, 0x6D2, 0x642, 0x644, 0x6D2,
    0x627, 0x644, 0x644, 0x647, 0x627, 0x643, 0x628, 0x631, 0x645, 0x62D,
    0x645, 0x62F, 0x635, 0x644, 0x639, 0x645, 0x631, 0x633, 0x648, 0x644,
    0x639, 0x644, 0x64A, 0x647, 0x648, 0x633, 0x644, 0x645, 0x635, 0x644,
    0x649, 0x635, 0x644, 0x649, 0x20, 0x627, 0x644, 0x644, 0x647, 0x20,
    0x639, 0x644, 0x64A, 0x647, 0x20, 0x648, 0x633, 0x644, 0x645, 0x62C,
    0x644, 0x20, 0x62C, 0x644, 0x627, 0x644, 0x647, 0x631, 0x6CC, 0x627,
    0x644, 0x2C, 0x3001, 0x3002, 0x3A, 0x3B, 0x21, 0x3F, 0x3016, 0x3017,
    0x2E, 0x2E, 0x2E, 0x2E, 0x2E, 0x2014, 0x2013, 0x5F, 0x5F, 0x28,
    0x29, 0x7B, 0x7D, 0x3014, 0x3015, 0x3010, 0x3011, 0x300A, 0x300B, 0x3008,
    0x3009, 0x300C, 0x300D, 0x300E, 0x300F, 0x5B, 0x5D, 0x20, 0x305, 0x20,
    0x305, 0x20, 0x305, 0x20, 0x305, 0x5F, 0x5F, 0x5F, 0x2C, 0x3001,
    0x2E, 0x3B, 0x3A, 0x3F, 0x21, 0x2014, 0x28, 0x29, 0x7B, 0x7D,
    0x3014, 0x3015, 0x23, 0x26, 0x2A, 0x2B, 0x2D, 0x3C, 0x3E, 0x3D,
    0x5C, 0x24, 0x25, 0x40, 0x20, 0x64B, 0x640, 0x64B, 0x20, 0x64C,
    0x20, 0x64D, 0x20, 0x64E, 0x640, 0x64E, 0x20, 0x64F, 0x640, 0x64F,
    0x20, 0x650, 0x640, 0x650, 0x20, 0x651, 0x640, 0x651, 0x20, 0x652,
    0x640, 0x652, 0x621, 0x627, 0x653, 0x627, 0x653, 0x627, 0x654, 0x627,
    0x654, 0x648, 0x654, 0x648, 0x654, 0x627, 0x655, 0x627, 0x655, 0x64A,
    0x654, 0x64A, 0x654, 0x64A, 0x654, 0x64A, 0x654, 0x627, 0x627, 0x628,
    0x628, 0x628, 0x628, 0x629, 0x629, 0x62A, 0x62A, 0x62A, 0x62A, 0x62B,
    0x62B, 0x62B, 0x62B, 0x62C, 0x62C, 0x62C, 0x62C, 0x62D, 0x62D, 0x62D,
    0x62D, 0x62E, 0x62E, 0x62E, 0x62E, 0x62F, 0x62F, 0x630, 0x630, 0x631,
    0x631, 0x632, 0x632, 0x633, 0x633, 0x633, 0x633, 0x634, 0x634, 0x634,
    0x634, 0x635, 0x635, 0x635, 0x635, 0x636, 0x636, 0x636, 0x636, 0x637,
    0x637, 0x637, 0x637, 0x638, 0x638, 0x638, 0x638, 0x639, 0x639, 0x639,
    0x639, 0x63A, 0x63A, 0x63A, 0x63A, 0x641, 0x641, 0x641, 0x641, 0x642,
    0x642, 0x642, 0x642, 0x643, 0x643, 0x643, 0x643, 0x644, 0x644, 0x644,
    0x644, 0x645, 0x645, 0x645, 0x645, 0x646, 0x646, 0x646, 0x646, 0x647,
    0x647, 0x647, 0x647, 0x648, 0x648, 0x649, 0x649, 0x64A, 0x64A, 0x64A,
    0x64A, 0x644, 0x627, 0x653, 0x644, 0x627, 0x653, 0x644, 0x627, 0x654,
    0x644, 0x627, 0x654, 0x644, 0x627, 0x655, 0x644, 0x627, 0x655, 0x644,
    0x627, 0x644, 0x627, 0x21, 0x22, 0x23, 0x24, 0x25, 0x26, 0x27,
    0x28, 0x29, 0x2A, 0x2B, 0x2C, 0x2D, 0x2E, 0x2F, 0x30, 0x31,
    0x32, 0x33, 0x34, 0x35, 0x36, 0x37, 0x38, 0x39, 0x3A, 0x3B,
    0x3C, 0x3D, 0x3E, 0x3F, 0x40, 0x41, 0x42, 0x43, 0x44, 0x45,
    0x46, 0x47, 0x48, 0x49, 0x4A, 0x4B, 0x4C, 0x4D, 0x4E, 0x4F,
    0x50, 0x51, 0x52, 0x53, 0x54, 0x55, 0x56, 0x57, 0x58, 0x59,
    0x5A, 0x5B, 0x5C, 0x5D, 0x5E, 0x5F, 0x60, 0x61, 0x62, 0x63,
    0x64, 0x65, 0x66, 0x67, 0x68, 0x69, 0x6A, 0x6B, 0x6C, 0x6D,
    0x6E, 0x6F, 0x70, 0x71, 0x72, 0x73, 0x74, 0x75, 0x76, 0x77,
    0x78, 0x79, 0x7A, 0x7B, 0x7C, 0x7D, 0x7E, 0x2985, 0x2986, 0x3002,
    0x300C, 0x300D, 0x3001, 0x30FB, 0x30F2, 0x30A1, 0x30A3, 0x30A5, 0x30A7, 0x30A9,
    0x30E3, 0x30E5, 0x30E7, 0x30C3, 0x30FC, 0x30A2, 0x30A4, 0x30A6, 0x30A8, 0x30AA,
    0x30AB, 0x30AD, 0x30AF, 0x30B1, 0x30B3, 0x30B5, 0x30B7, 0x30B9, 0x30BB, 0x30BD,
    0x30BF, 0x30C1, 0x30C4, 0x30C6, 0x30C8, 0x30CA, 0x30CB, 0x30CC, 0x30CD, 0x30CE,
    0x30CF, 0x30D2, 0x30D5, 0x30D8, 0x30DB, 0x30DE, 0x30DF, 0x30E0, 0x30E1, 0x30E2,
    0x30E4, 0x30E6, 0x30E8, 0x30E9, 0x30EA, 0x30EB, 0x30EC, 0x30ED, 0x30EF, 0x30F3,
    0x3099, 0x309A, 0x1160, 0x1100, 0x1101, 0x11AA, 0x1102, 0x11AC, 0x11AD, 0x1103,
    0x1104, 0x1105, 0x11B0, 0x11B1, 0x11B2, 0x11B3, 0x11B4, 0x11B5, 0x111A, 0x1106,
    0x1107, 0x1108, 0x1121, 0x1109, 0x110A, 0x110B, 0x110C, 0x110D, 0x110E, 0x110F,
    0x1110, 0x1111, 0x1112, 0x1161, 0x1162, 0x1163, 0x1164, 0x1165, 0x1166, 0x1167,
    0x1168, 0x1169, 0x116A, 0x116B, 0x116C, 0x116D, 0x116E, 0x116F, 0x1170, 0x1171,
    0x1172, 0x1173, 0x1174, 0x1175, 0xA2, 0xA3, 0xAC, 0x20, 0x304, 0xA6,
    0xA5, 0x20A9, 0x2502, 0x2190, 0x2191, 0x2192, 0x2193, 0x25A0, 0x25CB, 0x105D2,
    0x307, 0x105DA, 0x307, 0x2D0, 0x2D1, 0xE6, 0x299, 0x253, 0x2A3, 0xAB66,
    0x2A5, 0x2A4, 0x256, 0x257, 0x1D91, 0x258, 0x25E, 0x2A9, 0x264, 0x262,
    0x260, 0x29B, 0x127, 0x29C, 0x267, 0x284, 0x2AA, 0x2AB, 0x26C, 0x1DF04,
    0xA78E, 0x26E, 0x1DF05, 0x28E, 0x1DF06, 0xF8, 0x276, 0x277, 0x71, 0x27A,
    0x1DF08, 0x27D, 0x27E, 0x280, 0x2A8, 0x2A6, 0xAB67, 0x2A7, 0x288, 0x2C71,
    0x28F, 0x2A1, 0x2A2, 0x298, 0x1C0, 0x1C1, 0x1C2, 0x1DF0A, 0x1DF1E, 0x11099,
    0x110BA, 0x1109B, 0x110BA, 0x110A5, 0x110BA, 0x11131, 0x11127, 0x11132, 0x11127, 0x11347,
    0x1133E, 0x11347, 0x11357, 0x11382, 0x113C9, 0x11384, 0x113BB, 0x1138B, 0x113C2, 0x11390,
    0x113C9, 0x113C2, 0x113C2, 0x113C2, 0x113B8, 0x113C2, 0x113C9, 0x114B9, 0x114BA, 0x114B9,
    0x114B0, 0x114B9, 0x114BD, 0x115B8, 0x115AF, 0x115B9, 0x115AF, 0x11935, 0x11930, 0x1611E,
    0x1611E, 0x1611E, 0x16129, 0x1611E, 0x1611F, 0x16129, 0x1611F, 0x1611E, 0x16120, 0x1611E,
    0x1611E, 0x1611F, 0x1611E, 0x16129, 0x1611F, 0x1611E, 0x1611E, 0x16120, 0x16D67, 0x16D67,
    0x16D63, 0x16D67, 0x16D63, 0x16D67, 0x16D67, 0x41, 0x42, 0x43, 0x44, 0x45,
    0x46, 0x47, 0x48, 0x49, 0x4A, 0x4B, 0x4C, 0x4D, 0x4E, 0x4F,
    0x50, 0x51, 0x52, 0x53, 0x54, 0x55, 0x56, 0x57, 0x58, 0x59,
    0x5A, 0x30, 0x31, 0x32, 0x33, 0x34, 0x35, 0x36, 0x37, 0x38,
    0x39, 0x1D157, 0x1D165, 0x1D158, 0x1D165, 0x1D158, 0x1D165, 0x1D16E, 0x1D158, 0x1D165,
    0x1D16F, 0x1D158, 0x1D165, 0x1D170, 0x1D158, 0x1D165, 0x1D171, 0x1D158, 0x1D165, 0x1D172,
    0x1D1B9, 0x1D165, 0x1D1BA, 0x1D165, 0x1D1B9, 0x1D165, 0x1D16E, 0x1D1BA, 0x1D165, 0x1D16E,
    0x1D1B9, 0x1D165, 0x1D16F, 0x1D1BA, 0x1D165, 0x1D16F, 0x41, 0x42, 0x43, 0x44,
    0x45, 0x46, 0x47, 0x48, 0x49, 0x4A, 0x4B, 0x4C, 0x4D, 0x4E,
    0x4F, 0x50, 0x51, 0x52, 0x53, 0x54, 0x55, 0x56, 0x57, 0x58,
    0x59, 0x5A, 0x61, 0x62, 0x63, 0x64, 0x65, 0x66, 0x67, 0x68,
    0x69, 0x6A, 0x6B, 0x6C, 0x6D, 0x6E, 0x6F, 0x70, 0x71, 0x72,
    0x73, 0x74, 0x75, 0x76, 0x77, 0x78, 0x79, 0x7A, 0x41, 0x42,
    0x43, 0x44, 0x45, 0x46, 0x47, 0x48, 0x49, 0x4A, 0x4B, 0x4C,
    0x4D, 0x4E, 0x4F, 0x50, 0x51, 0x52, 0x53, 0x54, 0x55, 0x56,
    0x57, 0x58, 0x59, 0x5A, 0x61, 0x62, 0x63, 0x64, 0x65, 0x66,
    0x67, 0x69, 0x6A, 0x6B, 0x6C, 0x6D, 0x6E, 0x6F, 0x70, 0x71,
    0x72, 0x73, 0x74, 0x75, 0x76, 0x77, 0x78, 0x79, 0x7A, 0x41,
    0x42, 0x43, 0x44, 0x45, 0x46, 0x47, 0x48, 0x49, 0x4A, 0x4B,
    0x4C, 0x4D, 0x4E, 0x4F, 0x50, 0x51, 0x52, 0x53, 0x54, 0x55,
    0x56, 0x57, 0x58, 0x59, 0x5A, 0x61, 0x62, 0x63, 0x64, 0x65,
    0x66, 0x67, 0x68, 0x69, 0x6A, 0x6B, 0x6C, 0x6D, 0x6E, 0x6F,
    0x70, 0x71, 0x72, 0x73, 0x74, 0x75, 0x76, 0x77, 0x78, 0x79,
    0x7A, 0x41, 0x43, 0x44, 0x47, 0x4A, 0x4B, 0x4E, 0x4F, 0x50,
    0x51, 0x53, 0x54, 0x55, 0x56, 0x57, 0x58, 0x59, 0x5A, 0x61,
    0x62, 0x63, 0x64, 0x66, 0x68, 0x69, 0x6A, 0x6B, 0x6C, 0x6D,
    0x6E, 0x70, 0x71, 0x72, 0x73, 0x74, 0x75, 0x76, 0x77, 0x78,
    0x79, 0x7A, 0x41, 0x42, 0x43, 0x44, 0x45, 0x46, 0x47, 0x48,
    0x49, 0x4A, 0x4B, 0x4C, 0x4D, 0x4E, 0x4F, 0x50, 0x51, 0x52,
    0x53, 0x54, 0x55, 0x56, 0x57, 0x58, 0x59, 0x5A, 0x61, 0x62,
    0x63, 0x64, 0x65, 0x66, 0x67, 0x68, 0x69, 0x6A, 0x6B, 0x6C,
    0x6D, 0x6E, 0x6F, 0x70, 0x71, 0x72, 0x73, 0x74, 0x75, 0x76,
    0x77, 0x78, 0x79, 0x7A, 0x41, 0x42, 0x44, 0x45, 0x46, 0x47,
    0x4A, 0x4B, 0x4C, 0x4D, 0x4E, 0x4F, 0x50, 0x51, 0x53, 0x54,
    0x55, 0x56, 0x57, 0x58, 0x59, 0x61, 0x62, 0x63, 0x64, 0x65,
    0x66, 0x67, 0x68, 0x69, 0x6A, 0x6B, 0x6C, 0x6D, 0x6E, 0x6F,
    0x70, 0x71, 0x72, 0x73, 0x74, 0x75, 0x76, 0x77, 0x78, 0x79,
    0x7A, 0x41, 0x42, 0x44, 0x45, 0x46, 0x47, 0x49, 0x4A, 0x4B,
    0x4C, 0x4D, 0x4F, 0x53, 0x54, 0x55, 0x56, 0x57, 0x58, 0x59,
    0x61, 0x62, 0x63, 0x64, 0x65, 0x66, 0x67, 0x68, 0x69, 0x6A,
    0x6B, 0x6C, 0x6D, 0x6E, 0x6F, 0x70, 0x71, 0x72, 0x73, 0x74,
    0x75, 0x76, 0x77, 0x78, 0x79, 0x7A, 0x41, 0x42, 0x43, 0x44,
    0x45, 0x46, 0x47, 0x48, 0x49, 0x4A, 0x4B, 0x4C, 0x4D, 0x4E,
    0x4F, 0x50, 0x51, 0x52, 0x53, 0x54, 0x55, 0x56, 0x57, 0x58,
    0x59, 0x5A, 0x61, 0x62, 0x63, 0x64, 0x65, 0x66, 0x67, 0x68,
    0x69, 0x6A, 0x6B, 0x6C, 0x6D, 0x6E, 0x6F, 0x70, 0x71, 0x72,
    0x73, 0x74, 0x75, 0x76, 0x77, 0x78, 0x79, 0x7A, 0x41, 0x42,
    0x43, 0x44, 0x45, 0x46, 0x47, 0x48, 0x49, 0x4A, 0x4B, 0x4C,
    0x4D, 0x4E, 0x4F, 0x50, 0x51, 0x52, 0x53, 0x54, 0x55, 0x56,
    0x57, 0x58, 0x59, 0x5A, 0x61, 0x62, 0x63, 0x64, 0x65, 0x66,
    0x67, 0x68, 0x69, 0x6A, 0x6B, 0x6C, 0x6D, 0x6E, 0x6F, 0x70,
    0x71, 0x72, 0x73, 0x74, 0x75, 0x76, 0x77, 0x78, 0x79, 0x7A,
    0x41, 0x42, 0x43, 0x44, 0x45, 0x46, 0x47, 0x48, 0x49, 0x4A,
    0x4B, 0x4C, 0x4D, 0x4E, 0x4F, 0x50, 0x51, 0x52, 0x53, 0x54,
    0x55, 0x56, 0x57, 0x58, 0x59, 0x5A, 0x61, 0x62, 0x63, 0x64,
    0x65, 0x66, 0x67, 0x68, 0x69, 0x6A, 0x6B, 0x6C, 0x6D, 0x6E,
    0x6F, 0x70, 0x71, 0x72, 0x73, 0x74, 0x75, 0x76, 0x77, 0x78,
    0x79, 0x7A, 0x41, 0x42, 0x43, 0x44, 0x45, 0x46, 0x47, 0x48,
    0x49, 0x4A, 0x4B, 0x4C, 0x4D, 0x4E, 0x4F, 0x50, 0x51, 0x52,
    0x53, 0x54, 0x55, 0x56, 0x57, 0x58, 0x59, 0x5A, 0x61, 0x62,
    0x63, 0x64, 0x65, 0x66, 0x67, 0x68, 0x69, 0x6A, 0x6B, 0x6C,
    0x6D, 0x6E, 0x6F, 0x70, 0x71, 0x72, 0x73, 0x74, 0x75, 0x76,
    0x77, 0x78, 0x79, 0x7A, 0x41, 0x42, 0x43, 0x44, 0x45, 0x46,
    0x47, 0x48, 0x49, 0x4A, 0x4B, 0x4C, 0x4D, 0x4E, 0x4F, 0x50,
    0x51, 0x52, 0x53, 0x54, 0x55, 0x56, 0x57, 0x58, 0x59, 0x5A,
    0x61, 0x62, 0x63, 0x64, 0x65, 0x66, 0x67, 0x68, 0x69, 0x6A,
    0x6B, 0x6C, 0x6D, 0x6E, 0x6F, 0x70, 0x71, 0x72, 0x73, 0x74,
    0x75, 0x76, 0x77, 0x78, 0x79, 0x7A, 0x41, 0x42, 0x43, 0x44,
    0x45, 0x46, 0x47, 0x48, 0x49, 0x4A, 0x4B, 0x4C, 0x4D, 0x4E,
    0x4F, 0x50, 0x51, 0x52, 0x53, 0x54, 0x55, 0x56, 0x57, 0x58,
    0x59, 0x5A, 0x61, 0x62, 0x63, 0x64, 0x65, 0x66, 0x67, 0x68,
    0x69, 0x6A, 0x6B, 0x6C, 0x6D, 0x6E, 0x6F, 0x70, 0x71, 0x72,
    0x73, 0x74, 0x75, 0x76, 0x77, 0x78, 0x79, 0x7A, 0x131, 0x237,
    0x391, 0x392, 0x393, 0x394, 0x395, 0x396, 0x397, 0x398, 0x399, 0x39A,
    0x39B, 0x39C, 0x39D, 0x39E, 0x39F, 0x3A0, 0x3A1, 0x398, 0x3A3, 0x3A4,
    0x3A5, 0x3A6, 0x3A7, 0x3A8, 0x3A9, 0x2207, 0x3B1, 0x3B2, 0x3B3, 0x3B4,
    0x3B5, 0x3B6, 0x3B7, 0x3B8, 0x3B9, 0x3BA, 0x3BB, 0x3BC, 0x3BD, 0x3BE,
    0x3BF, 0x3C0, 0x3C1, 0x3C2, 0x3C3, 0x3C4, 0x3C5, 0x3C6, 0x3C7, 0x3C8,
    0x3C9, 0x2202, 0x3B5, 0x3B8, 0x3BA, 0x3C6, 0x3C1, 0x3C0, 0x391, 0x392,
    0x393, 0x394, 0x395, 0x396, 0x397, 0x398, 0x399, 0x39A, 0x39B, 0x39C,
    0x39D, 0x39E, 0x39F, 0x3A0, 0x3A1, 0x398, 0x3A3, 0x3A4, 0x3A5, 0x3A6,
    0x3A7, 0x3A8, 0x3A9, 0x2207, 0x3B1, 0x3B2, 0x3B3, 0x3B4, 0x3B5, 0x3B6,
    0x3B7, 0x3B8, 0x3B9, 0x3BA, 0x3BB, 0x3BC, 0x3BD, 0x3BE, 0x3BF, 0x3C0,
    0x3C1, 0x3C2, 0x3C3, 0x3C4, 0x3C5, 0x3C6, 0x3C7, 0x3C8, 0x3C9, 0x2202,
    0x3B5, 0x3B8, 0x3BA, 0x3C6, 0x3C1, 0x3C0, 0x391, 0x392, 0x393, 0x394,
    0x395, 0x396, 0x397, 0x398, 0x399, 0x39A, 0x39B, 0x39C, 0x39D, 0x39E,
    0x39F, 0x3A0, 0x3A1, 0x398, 0x3A3, 0x3A4, 0x3A5, 0x3A6, 0x3A7, 0x3A8,
    0x3A9, 0x2207, 0x3B1, 0x3B2, 0x3B3, 0x3B4, 0x3B5, 0x3B6, 0x3B7, 0x3B8,
    0x3B9, 0x3BA, 0x3BB, 0x3BC, 0x3BD, 0x3BE, 0x3BF, 0x3C0, 0x3C1, 0x3C2,
    0x3C3, 0x3C4, 0x3C5, 0x3C6, 0x3C7, 0x3C8, 0x3C9, 0x2202, 0x3B5, 0x3B8,
    0x3BA, 0x3C6, 0x3C1, 0x3C0, 0x391, 0x392, 0x393, 0x394, 0x395, 0x396,
    0x397, 0x398, 0x399, 0x39A, 0x39B, 0x39C, 0x39D, 0x39E, 0x39F, 0x3A0,
    0x3A1, 0x398, 0x3A3, 0x3A4, 0x3A5, 0x3A6, 0x3A7, 0x3A8, 0x3A9, 0x2207,
    0x3B1, 0x3B2, 0x3B3, 0x3B4, 0x3B5, 0x3B6, 0x3B7, 0x3B8, 0x3B9, 0x3BA,
    0x3BB, 0x3BC, 0x3BD, 0x3BE, 0x3BF, 0x3C0, 0x3C1, 0x3C2, 0x3C3, 0x3C4,
    0x3C5, 0x3C6, 0x3C7, 0x3C8, 0x3C9, 0x2202, 0x3B5, 0x3B8, 0x3BA, 0x3C6,
    0x3C1, 0x3C0, 0x391, 0x392, 0x393, 0x394, 0x395, 0x396, 0x397, 0x398,
    0x399, 0x39A, 0x39B, 0x39C, 0x39D, 0x39E, 0x39F, 0x3A0, 0x3A1, 0x398,
    0x3A3, 0x3A4, 0x3A5, 0x3A6, 0x3A7, 0x3A8, 0x3A9, 0x2207, 0x3B1, 0x3B2,
    0x3B3, 0x3B4, 0x3B5, 0x3B6, 0x3B7, 0x3B8, 0x3B9, 0x3BA, 0x3BB, 0x3BC,
    0x3BD, 0x3BE, 0x3BF, 0x3C0, 0x3C1, 0x3C2, 0x3C3, 0x3C4, 0x3C5, 0x3C6,
    0x3C7, 0x3C8, 0x3C9, 0x2202, 0x3B5, 0x3B8, 0x3BA, 0x3C6, 0x3C1, 0x3C0,
    0x3DC, 0x3DD, 0x30, 0x31, 0x32, 0x33, 0x34, 0x35, 0x36, 0x37,
    0x38, 0x39, 0x30, 0x31, 0x32, 0x33, 0x34, 0x35, 0x36, 0x37,
    0x38, 0x39, 0x30, 0x31, 0x32, 0x33, 0x34, 0x35, 0x36, 0x37,
    0x38, 0x39, 0x30, 0x31, 0x32, 0x33, 0x34, 0x35, 0x36, 0x37,
    0x38, 0x39, 0x30, 0x31, 0x32, 0x33, 0x34, 0x35, 0x36, 0x37,
    0x38, 0x39, 0x430, 0x431, 0x432, 0x433, 0x434, 0x435, 0x436, 0x437,
    0x438, 0x43A, 0x43B, 0x43C, 0x43E, 0x43F, 0x440, 0x441, 0x442, 0x443,
    0x444, 0x445, 0x446, 0x447, 0x448, 0x44B, 0x44D, 0x44E, 0xA689, 0x4D9,
    0x456, 0x458, 0x4E9, 0x4AF, 0x4CF, 0x430, 0x431, 0x432, 0x433, 0x434,
    0x435, 0x436, 0x437, 0x438, 0x43A, 0x43B, 0x43E, 0x43F, 0x441, 0x443,
    0x444, 0x445, 0x446, 0x447, 0x448, 0x44A, 0x44B, 0x491, 0x456, 0x455,
    0x45F, 0x4AB, 0xA651, 0x4B1, 0x627, 0x628, 0x62C, 0x62F, 0x648, 0x632,
    0x62D, 0x637, 0x64A, 0x643, 0x644, 0x645, 0x646, 0x633, 0x639, 0x641,
    0x635, 0x642, 0x631, 0x634, 0x62A, 0x62B, 0x62E, 0x630, 0x636, 0x638,
    0x63A, 0x66E, 0x6BA, 0x6A1, 0x66F, 0x628, 0x62C, 0x647, 0x62D, 0x64A,
    0x643, 0x644, 0x645, 0x646, 0x633, 0x639, 0x641, 0x635, 0x642, 0x634,
    0x62A, 0x62B, 0x62E, 0x636, 0x63A, 0x62C, 0x62D, 0x64A, 0x644, 0x646,
    0x633, 0x639, 0x635, 0x642, 0x634, 0x62E, 0x636, 0x63A, 0x6BA, 0x66F,
    0x628, 0x62C, 0x647, 0x62D, 0x637, 0x64A, 0x643, 0x645, 0x646, 0x633,
    0x639, 0x641, 0x635, 0x642, 0x634, 0x62A, 0x62B, 0x62E, 0x636, 0x638,
    0x63A, 0x66E, 0x6A1, 0x627, 0x628, 0x62C, 0x62F, 0x647, 0x648, 0x632,
    0x62D, 0x637, 0x64A, 0x644, 0x645, 0x646, 0x633, 0x639, 0x641, 0x635,
    0x642, 0x631, 0x634, 0x62A, 0x62B, 0x62E, 0x630, 0x636, 0x638, 0x63A,
    0x628, 0x62C, 0x62F, 0x648, 0x632, 0x62D, 0x637, 0x64A, 0x644, 0x645,
    0x646, 0x633, 0x639, 0x641, 0x635, 0x642, 0x631, 0x634, 0x62A, 0x62B,
    0x62E, 0x630, 0x636, 0x638, 0x63A, 0x30, 0x2E, 0x30, 0x2C, 0x31,
    0x2C, 0x32, 0x2C, 0x33, 0x2C, 0x34, 0x2C, 0x35, 0x2C, 0x36,
    0x2C, 0x37, 0x2C, 0x38, 0x2C, 0x39, 0x2C, 0x28, 0x41, 0x29,
    0x28, 0x42, 0x29, 0x28, 0x43, 0x29, 0x28, 0x44, 0x29, 0x28,
    0x45, 0x29, 0x28, 0x46, 0x29, 0x28, 0x47, 0x29, 0x28, 0x48,
    0x29, 0x28, 0x49, 0x29, 0x28, 0x4A, 0x29, 0x28, 0x4B, 0x29,
    0x28, 0x4C, 0x29, 0x28, 0x4D, 0x29, 0x28, 0x4E, 0x29, 0x28,
    0x4F, 0x29, 0x28, 0x50, 0x29, 0x28, 0x51, 0x29, 0x28, 0x52,
    0x29, 0x28, 0x53, 0x29, 0x28, 0x54, 0x29, 0x28, 0x55, 0x29,
    0x28, 0x56, 0x29, 0x28, 0x57, 0x29, 0x28, 0x58, 0x29, 0x28,
    0x59, 0x29, 0x28, 0x5A, 0x29, 0x3014, 0x53, 0x3015, 0x43, 0x52,
    0x43, 0x44, 0x57, 0x5A, 0x41, 0x42, 0x43, 0x44, 0x45, 0x46,
    0x47, 0x48, 0x49, 0x4A, 0x4B, 0x4C, 0x4D, 0x4E, 0x4F, 0x50,
    0x51, 0x52, 0x53, 0x54, 0x55, 0x56, 0x57, 0x58, 0x59, 0x5A,
    0x48, 0x56, 0x4D, 0x56, 0x53, 0x44, 0x53, 0x53, 0x50, 0x50,
    0x56, 0x57, 0x43, 0x4D, 0x43, 0x4D, 0x44, 0x4D, 0x52, 0x44,
    0x4A, 0x307B, 0x304B, 0x30B3, 0x30B3, 0x30B5, 0x624B, 0x5B57, 0x53CC, 0x30C6,
    0x3099, 0x4E8C, 0x591A, 0x89E3, 0x5929, 0x4EA4, 0x6620, 0x7121, 0x6599, 0x524D,
    0x5F8C, 0x518D, 0x65B0, 0x521D, 0x7D42, 0x751F, 0x8CA9, 0x58F0, 0x5439, 0x6F14,
    0x6295, 0x6355, 0x4E00, 0x4E09, 0x904A, 0x5DE6, 0x4E2D, 0x53F3, 0x6307, 0x8D70,
    0x6253, 0x7981, 0x7A7A, 0x5408, 0x6E80, 0x6709, 0x6708, 0x7533, 0x5272, 0x55B6,
    0x914D, 0x3014, 0x672C, 0x3015, 0x3014, 0x4E09, 0x3015, 0x3014, 0x4E8C, 0x3015,
    0x3014, 0x5B89, 0x3015, 0x3014, 0x70B9, 0x3015, 0x3014, 0x6253, 0x3015, 0x3014,
    0x76D7, 0x3015, 0x3014, 0x52DD, 0x3015, 0x3014, 0x6557, 0x3015, 0x5F97, 0x53EF,
    0x30, 0x31, 0x32, 0x33, 0x34, 0x35, 0x36, 0x37, 0x38, 0x39,
    0x4E3D, 0x4E38, 0x4E41, 0x20122, 0x4F60, 0x4FAE, 0x4FBB, 0x5002, 0x507A, 0x5099,
    0x50E7, 0x50CF, 0x349E, 0x2063A, 0x514D, 0x5154, 0x5164, 0x5177, 0x2051C, 0x34B9,
    0x5167, 0x518D, 0x2054B, 0x5197, 0x51A4, 0x4ECC, 0x51AC, 0x51B5, 0x291DF, 0x51F5,
    0x5203, 0x34DF, 0x523B, 0x5246, 0x5272, 0x5277, 0x3515, 0x52C7, 0x52C9, 0x52E4,
    0x52FA, 0x5305, 0x5306, 0x5317, 0x5349, 0x5351, 0x535A, 0x5373, 0x537D, 0x537F,
    0x537F, 0x537F, 0x20A2C, 0x7070, 0x53CA, 0x53DF, 0x20B63, 0x53EB, 0x53F1, 0x5406,
    0x549E, 0x5438, 0x5448, 0x5468, 0x54A2, 0x54F6, 0x5510, 0x5553, 0x5563, 0x5584,
    0x5584, 0x5599, 0x55AB, 0x55B3, 0x55C2, 0x5716, 0x5606, 0x5717, 0x5651, 0x5674,
    0x5207, 0x58EE, 0x57CE, 0x57F4, 0x580D, 0x578B, 0x5832, 0x5831, 0x58AC, 0x214E4,
    0x58F2, 0x58F7, 0x5906, 0x591A, 0x5922, 0x5962, 0x216A8, 0x216EA, 0x59EC, 0x5A1B,
    0x5A27, 0x59D8, 0x5A66, 0x36EE, 0x36FC, 0x5B08, 0x5B3E, 0x5B3E, 0x219C8, 0x5BC3,
    0x5BD8, 0x5BE7, 0x5BF3, 0x21B18, 0x5BFF, 0x5C06, 0x5F53, 0x5C22, 0x3781, 0x5C60,
    0x5C6E, 0x5CC0, 0x5C8D, 0x21DE4, 0x5D43, 0x21DE6, 0x5D6E, 0x5D6B, 0x5D7C, 0x5DE1,
    0x5DE2, 0x382F, 0x5DFD, 0x5E28, 0x5E3D, 0x5E69, 0x3862, 0x22183, 0x387C, 0x5EB0,
    0x5EB3, 0x5EB6, 0x5ECA, 0x2A392, 0x5EFE, 0x22331, 0x22331, 0x8201, 0x5F22, 0x5F22,
    0x38C7, 0x232B8, 0x261DA, 0x5F62, 0x5F6B, 0x38E3, 0x5F9A, 0x5FCD, 0x5FD7, 0x5FF9,
    0x6081, 0x393A, 0x391C, 0x6094, 0x226D4, 0x60C7, 0x6148, 0x614C, 0x614E, 0x614C,
    0x617A, 0x618E, 0x61B2, 0x61A4, 0x61AF, 0x61DE, 0x61F2, 0x61F6, 0x6210, 0x621B,
    0x625D, 0x62B1, 0x62D4, 0x6350, 0x22B0C, 0x633D, 0x62FC, 0x6368, 0x6383, 0x63E4,
    0x22BF1, 0x6422, 0x63C5, 0x63A9, 0x3A2E, 0x6469, 0x647E, 0x649D, 0x6477, 0x3A6C,
    0x654F, 0x656C, 0x2300A, 0x65E3, 0x66F8, 0x6649, 0x3B19, 0x6691, 0x3B08, 0x3AE4,
    0x5192, 0x5195, 0x6700, 0x669C, 0x80AD, 0x43D9, 0x6717, 0x671B, 0x6721, 0x675E,
    0x6753, 0x233C3, 0x3B49, 0x67FA, 0x6785, 0x6852, 0x6885, 0x2346D, 0x688E, 0x681F,
    0x6914, 0x3B9D, 0x6942, 0x69A3, 0x69EA, 0x6AA8, 0x236A3, 0x6ADB, 0x3C18, 0x6B21,
    0x238A7, 0x6B54, 0x3C4E, 0x6B72, 0x6B9F, 0x6BBA, 0x6BBB, 0x23A8D, 0x21D0B, 0x23AFA,
    0x6C4E, 0x23CBC, 0x6CBF, 0x6CCD, 0x6C67, 0x6D16, 0x6D3E, 0x6D77, 0x6D41, 0x6D69,
    0x6D78, 0x6D85, 0x23D1E, 0x6D34, 0x6E2F, 0x6E6E, 0x3D33, 0x6ECB, 0x6EC7, 0x23ED1,
    0x6DF9, 0x6F6E, 0x23F5E, 0x23F8E, 0x6FC6, 0x7039, 0x701E, 0x701B, 0x3D96, 0x704A,
    0x707D, 0x7077, 0x70AD, 0x20525, 0x7145, 0x24263, 0x719C, 0x243AB, 0x7228, 0x7235,
    0x7250, 0x24608, 0x7280, 0x7295, 0x24735, 0x24814, 0x737A, 0x738B, 0x3EAC, 0x73A5,
    0x3EB8, 0x3EB8, 0x7447, 0x745C, 0x7471, 0x7485, 0x74CA, 0x3F1B, 0x7524, 0x24C36,
    0x753E, 0x24C92, 0x7570, 0x2219F, 0x7610, 0x24FA1, 0x24FB8, 0x25044, 0x3FFC, 0x4008,
    0x76F4, 0x250F3, 0x250F2, 0x25119, 0x25133, 0x771E, 0x771F, 0x771F, 0x774A, 0x4039,
    0x778B, 0x4046, 0x4096, 0x2541D, 0x784E, 0x788C, 0x78CC, 0x40E3, 0x25626, 0x7956,
    0x2569A, 0x256C5, 0x798F, 0x79EB, 0x412F, 0x7A40, 0x7A4A, 0x7A4F, 0x2597C, 0x25AA7,
    0x25AA7, 0x7AEE, 0x4202, 0x25BAB, 0x7BC6, 0x7BC9, 0x4227, 0x25C80, 0x7CD2, 0x42A0,
    0x7CE8, 0x7CE3, 0x7D00, 0x25F86, 0x7D63, 0x4301, 0x7DC7, 0x7E02, 0x7E45, 0x4334,
    0x26228, 0x26247, 0x4359, 0x262D9, 0x7F7A, 0x2633E, 0x7F95, 0x7FFA, 0x8005, 0x264DA,
    0x26523, 0x8060, 0x265A8, 0x8070, 0x2335F, 0x43D5, 0x80B2, 0x8103, 0x440B, 0x813E,
    0x5AB5, 0x267A7, 0x267B5, 0x23393, 0x2339C, 0x8201, 0x8204, 0x8F9E, 0x446B, 0x8291,
    0x828B, 0x829D, 0x52B3, 0x82B1, 0x82B3, 0x82BD, 0x82E6, 0x26B3C, 0x82E5, 0x831D,
    0x8363, 0x83AD, 0x8323, 0x83BD, 0x83E7, 0x8457, 0x8353, 0x83CA, 0x83CC, 0x83DC,
    0x26C36, 0x26D6B, 0x26CD5, 0x452B, 0x84F1, 0x84F3, 0x8516, 0x273CA, 0x8564, 0x26F2C,
    0x455D, 0x4561, 0x26FB1, 0x270D2, 0x456B, 0x8650, 0x865C, 0x8667, 0x8669, 0x86A9,
    0x8688, 0x870E, 0x86E2, 0x8779, 0x8728, 0x876B, 0x8786, 0x45D7, 0x87E1, 0x8801,
    0x45F9, 0x8860, 0x8863, 0x27667, 0x88D7, 0x88DE, 0x4635, 0x88FA, 0x34BB, 0x278AE,
    0x27966, 0x46BE, 0x46C7, 0x8AA0, 0x8AED, 0x8B8A, 0x8C55, 0x27CA8, 0x8CAB, 0x8CC1,
    0x8D1B, 0x8D77, 0x27F2F, 0x20804, 0x8DCB, 0x8DBC, 0x8DF0, 0x208DE, 0x8ED4, 0x8F38,
    0x285D2, 0x285ED, 0x9094, 0x90F1, 0x9111, 0x2872E, 0x911B, 0x9238, 0x92D7, 0x92D8,
    0x927C, 0x93F9, 0x9415, 0x28BFA, 0x958B, 0x4995, 0x95B7, 0x28D77, 0x49E6, 0x96C3,
    0x5DB2, 0x9723, 0x29145, 0x2921A, 0x4A6E, 0x4A76, 0x97E0, 0x2940A, 0x4AB2, 0x29496,
    0x980B, 0x980B, 0x9829, 0x295B6, 0x98E2, 0x4B33, 0x9929, 0x99A7, 0x99C2, 0x99FE,
    0x4BCE, 0x29B30, 0x9B12, 0x9C40, 0x9CFD, 0x4CCE, 0x4CED, 0x9D67, 0x2A0CE, 0x4CF8,
    0x2A105, 0x2A20E, 0x2A291, 0x9EBB, 0x4D56, 0x9EF9, 0x9EFE, 0x9F05, 0x9F0F, 0x9F16,
    0x9F3B, 0x2A600,
};

static const uint32_t un_ccc_keys[934] = {
    0x300, 0x301, 0x302, 0x303, 0x304, 0x305, 0x306, 0x307, 0x308, 0x309,
    0x30A, 0x30B, 0x30C, 0x30D, 0x30E, 0x30F, 0x310, 0x311, 0x312, 0x313,
    0x314, 0x315, 0x316, 0x317, 0x318, 0x319, 0x31A, 0x31B, 0x31C, 0x31D,
    0x31E, 0x31F, 0x320, 0x321, 0x322, 0x323, 0x324, 0x325, 0x326, 0x327,
    0x328, 0x329, 0x32A, 0x32B, 0x32C, 0x32D, 0x32E, 0x32F, 0x330, 0x331,
    0x332, 0x333, 0x334, 0x335, 0x336, 0x337, 0x338, 0x339, 0x33A, 0x33B,
    0x33C, 0x33D, 0x33E, 0x33F, 0x340, 0x341, 0x342, 0x343, 0x344, 0x345,
    0x346, 0x347, 0x348, 0x349, 0x34A, 0x34B, 0x34C, 0x34D, 0x34E, 0x350,
    0x351, 0x352, 0x353, 0x354, 0x355, 0x356, 0x357, 0x358, 0x359, 0x35A,
    0x35B, 0x35C, 0x35D, 0x35E, 0x35F, 0x360, 0x361, 0x362, 0x363, 0x364,
    0x365, 0x366, 0x367, 0x368, 0x369, 0x36A, 0x36B, 0x36C, 0x36D, 0x36E,
    0x36F, 0x483, 0x484, 0x485, 0x486, 0x487, 0x591, 0x592, 0x593, 0x594,
    0x595, 0x596, 0x597, 0x598, 0x599, 0x59A, 0x59B, 0x59C, 0x59D, 0x59E,
    0x59F, 0x5A0, 0x5A1, 0x5A2, 0x5A3, 0x5A4, 0x5A5, 0x5A6, 0x5A7, 0x5A8,
    0x5A9, 0x5AA, 0x5AB, 0x5AC, 0x5AD, 0x5AE, 0x5AF, 0x5B0, 0x5B1, 0x5B2,
    0x5B3, 0x5B4, 0x5B5, 0x5B6, 0x5B7, 0x5B8, 0x5B9, 0x5BA, 0x5BB, 0x5BC,
    0x5BD, 0x5BF, 0x5C1, 0x5C2, 0x5C4, 0x5C5, 0x5C7, 0x610, 0x611, 0x612,
    0x613, 0x614, 0x615, 0x616, 0x617, 0x618, 0x619, 0x61A, 0x64B, 0x64C,
    0x64D, 0x64E, 0x64F, 0x650, 0x651, 0x652, 0x653, 0x654, 0x655, 0x656,
    0x657, 0x658, 0x659, 0x65A, 0x65B, 0x65C, 0x65D, 0x65E, 0x65F, 0x670,
    0x6D6, 0x6D7, 0x6D8, 0x6D9, 0x6DA, 0x6DB, 0x6DC, 0x6DF, 0x6E0, 0x6E1,
    0x6E2, 0x6E3, 0x6E4, 0x6E7, 0x6E8, 0x6EA, 0x6EB, 0x6EC, 0x6ED, 0x711,
    0x730, 0x731, 0x732, 0x733, 0x734, 0x735, 0x736, 0x737, 0x738, 0x739,
    0x73A, 0x73B, 0x73C, 0x73D, 0x73E, 0x73F, 0x740, 0x741, 0x742, 0x743,
    0x744, 0x745, 0x746, 0x747, 0x748, 0x749, 0x74A, 0x7EB, 0x7EC, 0x7ED,
    0x7EE, 0x7EF, 0x7F0, 0x7F1, 0x7F2, 0x7F3, 0x7FD, 0x816, 0x817, 0x818,
    0x819, 0x81B, 0x81C, 0x81D, 0x81E, 0x81F, 0x820, 0x821, 0x822, 0x823,
    0x825, 0x826, 0x827, 0x829, 0x82A, 0x82B, 0x82C, 0x82D, 0x859, 0x85A,
    0x85B, 0x897, 0x898, 0x899, 0x89A, 0x89B, 0x89C, 0x89D, 0x89E, 0x89F,
    0x8CA, 0x8CB, 0x8CC, 0x8CD, 0x8CE, 0x8CF, 0x8D0, 0x8D1, 0x8D2, 0x8D3,
    0x8D4, 0x8D5, 0x8D6, 0x8D7, 0x8D8, 0x8D9, 0x8DA, 0x8DB, 0x8DC, 0x8DD,
    0x8DE, 0x8DF, 0x8E0, 0x8E1, 0x8E3, 0x8E4, 0x8E5, 0x8E6, 0x8E7, 0x8E8,
    0x8E9, 0x8EA, 0x8EB, 0x8EC, 0x8ED, 0x8EE, 0x8EF, 0x8F0, 0x8F1, 0x8F2,
    0x8F3, 0x8F4, 0x8F5, 0x8F6, 0x8F7, 0x8F8, 0x8F9, 0x8FA, 0x8FB, 0x8FC,
    0x8FD, 0x8FE, 0x8FF, 0x93C, 0x94D, 0x951, 0x952, 0x953, 0x954, 0x9BC,
    0x9CD, 0x9FE, 0xA3C, 0xA4D, 0xABC, 0xACD, 0xB3C, 0xB4D, 0xBCD, 0xC3C,
    0xC4D, 0xC55, 0xC56, 0xCBC, 0xCCD, 0xD3B, 0xD3C, 0xD4D, 0xDCA, 0xE38,
    0xE39, 0xE3A, 0xE48, 0xE49, 0xE4A, 0xE4B, 0xEB8, 0xEB9, 0xEBA, 0xEC8,
    0xEC9, 0xECA, 0xECB, 0xF18, 0xF19, 0xF35, 0xF37, 0xF39, 0xF71, 0xF72,
    0xF74, 0xF7A, 0xF7B, 0xF7C, 0xF7D, 0xF80, 0xF82, 0xF83, 0xF84, 0xF86,
    0xF87, 0xFC6, 0x1037, 0x1039, 0x103A, 0x108D, 0x135D, 0x135E, 0x135F, 0x1714,
    0x1715, 0x1734, 0x17D2, 0x17DD, 0x18A9, 0x1939, 0x193A, 0x193B, 0x1A17, 0x1A18,
    0x1A60, 0x1A75, 0x1A76, 0x1A77, 0x1A78, 0x1A79, 0x1A7A, 0x1A7B, 0x1A7C, 0x1A7F,
    0x1AB0, 0x1AB1, 0x1AB2, 0x1AB3, 0x1AB4, 0x1AB5, 0x1AB6, 0x1AB7, 0x1AB8, 0x1AB9,
    0x1ABA, 0x1ABB, 0x1ABC, 0x1ABD, 0x1ABF, 0x1AC0, 0x1AC1, 0x1AC2, 0x1AC3, 0x1AC4,
    0x1AC5, 0x1AC6, 0x1AC7, 0x1AC8, 0x1AC9, 0x1ACA, 0x1ACB, 0x1ACC, 0x1ACD, 0x1ACE,
    0x1B34, 0x1B44, 0x1B6B, 0x1B6C, 0x1B6D, 0x1B6E, 0x1B6F, 0x1B70, 0x1B71, 0x1B72,
    0x1B73, 0x1BAA, 0x1BAB, 0x1BE6, 0x1BF2, 0x1BF3, 0x1C37, 0x1CD0, 0x1CD1, 0x1CD2,
    0x1CD4, 0x1CD5, 0x1CD6, 0x1CD7, 0x1CD8, 0x1CD9, 0x1CDA, 0x1CDB, 0x1CDC, 0x1CDD,
    0x1CDE, 0x1CDF, 0x1CE0, 0x1CE2, 0x1CE3, 0x1CE4, 0x1CE5, 0x1CE6, 0x1CE7, 0x1CE8,
    0x1CED, 0x1CF4, 0x1CF8, 0x1CF9, 0x1DC0, 0x1DC1, 0x1DC2, 0x1DC3, 0x1DC4, 0x1DC5,
    0x1DC6, 0x1DC7, 0x1DC8, 0x1DC9, 0x1DCA, 0x1DCB, 0x1DCC, 0x1DCD, 0x1DCE, 0x1DCF,
    0x1DD0, 0x1DD1, 0x1DD2, 0x1DD3, 0x1DD4, 0x1DD5, 0x1DD6, 0x1DD7, 0x1DD8, 0x1DD9,
    0x1DDA, 0x1DDB, 0x1DDC, 0x1DDD, 0x1DDE, 0x1DDF, 0x1DE0, 0x1DE1, 0x1DE2, 0x1DE3,
    0x1DE4, 0x1DE5, 0x1DE6, 0x1DE7, 0x1DE8, 0x1DE9, 0x1DEA, 0x1DEB, 0x1DEC, 0x1DED,
    0x1DEE, 0x1DEF, 0x1DF0, 0x1DF1, 0x1DF2, 0x1DF3, 0x1DF4, 0x1DF5, 0x1DF6, 0x1DF7,
    0x1DF8, 0x1DF9, 0x1DFA, 0x1DFB, 0x1DFC, 0x1DFD, 0x1DFE, 0x1DFF, 0x20D0, 0x20D1,
    0x20D2, 0x20D3, 0x20D4, 0x20D5, 0x20D6, 0x20D7, 0x20D8, 0x20D9, 0x20DA, 0x20DB,
    0x20DC, 0x20E1, 0x20E5, 0x20E6, 0x20E7, 0x20E8, 0x20E9, 0x20EA, 0x20EB, 0x20EC,
    0x20ED, 0x20EE, 0x20EF, 0x20F0, 0x2CEF, 0x2CF0, 0x2CF1, 0x2D7F, 0x2DE0, 0x2DE1,
    0x2DE2, 0x2DE3, 0x2DE4, 0x2DE5, 0x2DE6, 0x2DE7, 0x2DE8, 0x2DE9, 0x2DEA, 0x2DEB,
    0x2DEC, 0x2DED, 0x2DEE, 0x2DEF, 0x2DF0, 0x2DF1, 0x2DF2, 0x2DF3, 0x2DF4, 0x2DF5,
    0x2DF6, 0x2DF7, 0x2DF8, 0x2DF9, 0x2DFA, 0x2DFB, 0x2DFC, 0x2DFD, 0x2DFE, 0x2DFF,
    0x302A, 0x302B, 0x302C, 0x302D, 0x302E, 0x302F, 0x3099, 0x309A, 0xA66F, 0xA674,
    0xA675, 0xA676, 0xA677, 0xA678, 0xA679, 0xA67A, 0xA67B, 0xA67C, 0xA67D, 0xA69E,
    0xA69F, 0xA6F0, 0xA6F1, 0xA806, 0xA82C, 0xA8C4, 0xA8E0, 0xA8E1, 0xA8E2, 0xA8E3,
    0xA8E4, 0xA8E5, 0xA8E6, 0xA8E7, 0xA8E8, 0xA8E9, 0xA8EA, 0xA8EB, 0xA8EC, 0xA8ED,
    0xA8EE, 0xA8EF, 0xA8F0, 0xA8F1, 0xA92B, 0xA92C, 0xA92D, 0xA953, 0xA9B3, 0xA9C0,
    0xAAB0, 0xAAB2, 0xAAB3, 0xAAB4, 0xAAB7, 0xAAB8, 0xAABE, 0xAABF, 0xAAC1, 0xAAF6,
    0xABED, 0xFB1E, 0xFE20, 0xFE21, 0xFE22, 0xFE23, 0xFE24, 0xFE25, 0xFE26, 0xFE27,
    0xFE28, 0xFE29, 0xFE2A, 0xFE2B, 0xFE2C, 0xFE2D, 0xFE2E, 0xFE2F, 0x101FD, 0x102E0,
    0x10376, 0x10377, 0x10378, 0x10379, 0x1037A, 0x10A0D, 0x10A0F, 0x10A38, 0x10A39, 0x10A3A,
    0x10A3F, 0x10AE5, 0x10AE6, 0x10D24, 0x10D25, 0x10D26, 0x10D27, 0x10D69, 0x10D6A, 0x10D6B,
    0x10D6C, 0x10D6D, 0x10EAB, 0x10EAC, 0x10EFD, 0x10EFE, 0x10EFF, 0x10F46, 0x10F47, 0x10F48,
    0x10F49, 0x10F4A, 0x10F4B, 0x10F4C, 0x10F4D, 0x10F4E, 0x10F4F, 0x10F50, 0x10F82, 0x10F83,
    0x10F84, 0x10F85, 0x11046, 0x11070, 0x1107F, 0x110B9, 0x110BA, 0x11100, 0x11101, 0x11102,
    0x11133, 0x11134, 0x11173, 0x111C0, 0x111CA, 0x11235, 0x11236, 0x112E9, 0x112EA, 0x1133B,
    0x1133C, 0x1134D, 0x11366, 0x11367, 0x11368, 0x11369, 0x1136A, 0x1136B, 0x1136C, 0x11370,
    0x11371, 0x11372, 0x11373, 0x11374, 0x113CE, 0x113CF, 0x113D0, 0x11442, 0x11446, 0x1145E,
    0x114C2, 0x114C3, 0x115BF, 0x115C0, 0x1163F, 0x116B6, 0x116B7, 0x1172B, 0x11839, 0x1183A,
    0x1193D, 0x1193E, 0x11943, 0x119E0, 0x11A34, 0x11A47, 0x11A99, 0x11C3F, 0x11D42, 0x11D44,
    0x11D45, 0x11D97, 0x11F41, 0x11F42, 0x1612F, 0x16AF0, 0x16AF1, 0x16AF2, 0x16AF3, 0x16AF4,
    0x16B30, 0x16B31, 0x16B32, 0x16B33, 0x16B34, 0x16B35, 0x16B36, 0x16FF0, 0x16FF1, 0x1BC9E,
    0x1D165, 0x1D166, 0x1D167, 0x1D168, 0x1D169, 0x1D16D, 0x1D16E, 0x1D16F, 0x1D170, 0x1D171,
    0x1D172, 0x1D17B, 0x1D17C, 0x1D17D, 0x1D17E, 0x1D17F, 0x1D180, 0x1D181, 0x1D182, 0x1D185,
    0x1D186, 0x1D187, 0x1D188, 0x1D189, 0x1D18A, 0x1D18B, 0x1D1AA, 0x1D1AB, 0x1D1AC, 0x1D1AD,
    0x1D242, 0x1D243, 0x1D244, 0x1E000, 0x1E001, 0x1E002, 0x1E003, 0x1E004, 0x1E005, 0x1E006,
    0x1E008, 0x1E009, 0x1E00A, 0x1E00B, 0x1E00C, 0x1E00D, 0x1E00E, 0x1E00F, 0x1E010, 0x1E011,
    0x1E012, 0x1E013, 0x1E014, 0x1E015, 0x1E016, 0x1E017, 0x1E018, 0x1E01B, 0x1E01C, 0x1E01D,
    0x1E01E, 0x1E01F, 0x1E020, 0x1E021, 0x1E023, 0x1E024, 0x1E026, 0x1E027, 0x1E028, 0x1E029,
    0x1E02A, 0x1E08F, 0x1E130, 0x1E131, 0x1E132, 0x1E133, 0x1E134, 0x1E135, 0x1E136, 0x1E2AE,
    0x1E2EC, 0x1E2ED, 0x1E2EE, 0x1E2EF, 0x1E4EC, 0x1E4ED, 0x1E4EE, 0x1E4EF, 0x1E5EE, 0x1E5EF,
    0x1E8D0, 0x1E8D1, 0x1E8D2, 0x1E8D3, 0x1E8D4, 0x1E8D5, 0x1E8D6, 0x1E944, 0x1E945, 0x1E946,
    0x1E947, 0x1E948, 0x1E949, 0x1E94A,
};

static const uint8_t un_ccc_vals[934] = {
    230, 230, 230, 230, 230, 230, 230, 230, 230, 230, 230, 230, 230, 230, 230, 230, 230, 230, 230, 230,
    230, 232, 220, 220, 220, 220, 232, 216, 220, 220, 220, 220, 220, 202, 202, 220, 220, 220, 220, 202,
    202, 220, 220, 220, 220, 220, 220, 220, 220, 220, 220, 220, 1, 1, 1, 1, 1, 220, 220, 220,
    220, 230, 230, 230, 230, 230, 230, 230, 230, 240, 230, 220, 220, 220, 230, 230, 230, 220, 220, 230,
    230, 230, 220, 220, 220, 220, 230, 232, 220, 220, 230, 233, 234, 234, 233, 234, 234, 233, 230, 230,
    230, 230, 230, 230, 230, 230, 230, 230, 230, 230, 230, 230, 230, 230, 230, 230, 220, 230, 230, 230,
    230, 220, 230, 230, 230, 222, 220, 230, 230, 230, 230, 230, 230, 220, 220, 220, 220, 220, 220, 230,
    230, 220, 230, 230, 222, 228, 230, 10, 11, 12, 13, 14, 15, 16, 17, 18, 19, 19, 20, 21,
    22, 23, 24, 25, 230, 220, 18, 230, 230, 230, 230, 230, 230, 230, 230, 30, 31, 32, 27, 28,
    29, 30, 31, 32, 33, 34, 230, 230, 220, 220, 230, 230, 230, 230, 230, 220, 230, 230, 220, 35,
    230, 230, 230, 230, 230, 230, 230, 230, 230, 230, 230, 220, 230, 230, 230, 220, 230, 230, 220, 36,
    230, 220, 230, 230, 220, 230, 230, 220, 220, 220, 230, 220, 220, 230, 220, 230, 230, 230, 220, 230,
    220, 230, 220, 230, 220, 230, 230, 230, 230, 230, 230, 230, 230, 230, 220, 230, 220, 230, 230, 230,
    230, 230, 230, 230, 230, 230, 230, 230, 230, 230, 230, 230, 230, 230, 230, 230, 230, 230, 220, 220,
    220, 230, 230, 220, 220, 220, 230, 230, 230, 230, 230, 230, 230, 230, 230, 220, 220, 220, 220, 220,
    230, 230, 230, 230, 230, 230, 230, 230, 230, 230, 230, 230, 230, 230, 220, 230, 230, 220, 230, 230,
    220, 230, 230, 230, 220, 220, 220, 27, 28, 29, 230, 230, 230, 220, 230, 230, 220, 220, 230, 230,
    230, 230, 230, 7, 9, 230, 220, 230, 230, 7, 9, 230, 7, 9, 7, 9, 7, 9, 9, 7,
    9, 84, 91, 7, 9, 9, 9, 9, 9, 103, 103, 9, 107, 107, 107, 107, 118, 118, 9, 122,
    122, 122, 122, 220, 220, 220, 220, 216, 129, 130, 132, 130, 130, 130, 130, 130, 230, 230, 9, 230,
    230, 220, 7, 9, 9, 220, 230, 230, 230, 9, 9, 9, 9, 230, 228, 222, 230, 220, 230, 220,
    9, 230, 230, 230, 230, 230, 230, 230, 230, 220, 230, 230, 230, 230, 230, 220, 220, 220, 220, 220,
    220, 230, 230, 220, 220, 220, 230, 230, 220, 220, 230, 230, 230, 230, 230, 220, 230, 230, 230, 230,
    7, 9, 230, 220, 230, 230, 230, 230, 230, 230, 230, 9, 9, 7, 9, 9, 7, 230, 230, 230,
    1, 220, 220, 220, 220, 220, 230, 230, 220, 220, 220, 220, 230, 1, 1, 1, 1, 1, 1, 1,
    220, 230, 230, 230, 230, 230, 220, 230, 230, 230, 230, 230, 230, 230, 220, 230, 230, 234, 214, 220,
    202, 230, 230, 230, 230, 230, 230, 230, 230, 230, 230, 230, 230, 230, 230, 230, 230, 230, 230, 230,
    230, 230, 230, 230, 230, 230, 230, 230, 230, 230, 230, 230, 230, 230, 230, 230, 230, 230, 232, 228,
    228, 220, 218, 230, 233, 220, 230, 220, 230, 230, 1, 1, 230, 230, 230, 230, 1, 1, 1, 230,
    230, 230, 1, 1, 230, 220, 230, 1, 1, 220, 220, 220, 220, 230, 230, 230, 230, 9, 230, 230,
    230, 230, 230, 230, 230, 230, 230, 230, 230, 230, 230, 230, 230, 230, 230, 230, 230, 230, 230, 230,
    230, 230, 230, 230, 230, 230, 230, 230, 230, 230, 218, 228, 232, 222, 224, 224, 8, 8, 230, 230,
    230, 230, 230, 230, 230, 230, 230, 230, 230, 230, 230, 230, 230, 9, 9, 9, 230, 230, 230, 230,
    230, 230, 230, 230, 230, 230, 230, 230, 230, 230, 230, 230, 230, 230, 220, 220, 220, 9, 7, 9,
    230, 230, 230, 220, 230, 230, 230, 230, 230, 9, 9, 26, 230, 230, 230, 230, 230, 230, 230, 220,
    220, 220, 220, 220, 220, 220, 230, 230, 220, 220, 230, 230, 230, 230, 230, 220, 230, 230, 1, 220,
    9, 230, 220, 230, 230, 230, 230, 230, 230, 230, 230, 230, 230, 230, 220, 220, 220, 220, 220, 230,
    230, 230, 220, 230, 220, 220, 220, 220, 230, 220, 230, 220, 9, 9, 9, 9, 7, 230, 230, 230,
    9, 9, 7, 9, 7, 9, 7, 7, 9, 7, 7, 9, 230, 230, 230, 230, 230, 230, 230, 230,
    230, 230, 230, 230, 9, 9, 9, 9, 7, 230, 9, 7, 9, 7, 9, 9, 7, 9, 9, 7,
    9, 9, 7, 9, 9, 9, 9, 9, 7, 9, 9, 9, 9, 9, 9, 1, 1, 1, 1, 1,
    230, 230, 230, 230, 230, 230, 230, 6, 6, 1, 216, 216, 1, 1, 1, 226, 216, 216, 216, 216,
    216, 220, 220, 220, 220, 220, 220, 220, 220, 230, 230, 230, 230, 230, 220, 220, 230, 230, 230, 230,
    230, 230, 230, 230, 230, 230, 230, 230, 230, 230, 230, 230, 230, 230, 230, 230, 230, 230, 230, 230,
    230, 230, 230, 230, 230, 230, 230, 230, 230, 230, 230, 230, 230, 230, 230, 230, 230, 230, 230, 230,
    230, 230, 230, 230, 230, 230, 230, 230, 230, 230, 230, 230, 230, 230, 232, 232, 220, 230, 230, 220,
    220, 220, 220, 220, 220, 220, 220, 230, 230, 230, 230, 230, 230, 7,
};

static const uint64_t un_comp_keys[961] = {
    0x3C00000338ULL, 0x3D00000338ULL, 0x3E00000338ULL, 0x4100000300ULL, 0x4100000301ULL, 0x4100000302ULL,
    0x4100000303ULL, 0x4100000304ULL, 0x4100000306ULL, 0x4100000307ULL, 0x4100000308ULL, 0x4100000309ULL,
    0x410000030AULL, 0x410000030CULL, 0x410000030FULL, 0x4100000311ULL, 0x4100000323ULL, 0x4100000325ULL,
    0x4100000328ULL, 0x4200000307ULL, 0x4200000323ULL, 0x4200000331ULL, 0x4300000301ULL, 0x4300000302ULL,
    0x4300000307ULL, 0x430000030CULL, 0x4300000327ULL, 0x4400000307ULL, 0x440000030CULL, 0x4400000323ULL,
    0x4400000327ULL, 0x440000032DULL, 0x4400000331ULL, 0x4500000300ULL, 0x4500000301ULL, 0x4500000302ULL,
    0x4500000303ULL, 0x4500000304ULL, 0x4500000306ULL, 0x4500000307ULL, 0x4500000308ULL, 0x4500000309ULL,
    0x450000030CULL, 0x450000030FULL, 0x4500000311ULL, 0x4500000323ULL, 0x4500000327ULL, 0x4500000328ULL,
    0x450000032DULL, 0x4500000330ULL, 0x4600000307ULL, 0x4700000301ULL, 0x4700000302ULL, 0x4700000304ULL,
    0x4700000306ULL, 0x4700000307ULL, 0x470000030CULL, 0x4700000327ULL, 0x4800000302ULL, 0x4800000307ULL,
    0x4800000308ULL, 0x480000030CULL, 0x4800000323ULL, 0x4800000327ULL, 0x480000032EULL, 0x4900000300ULL,
    0x4900000301ULL, 0x4900000302ULL, 0x4900000303ULL, 0x4900000304ULL, 0x4900000306ULL, 0x4900000307ULL,
    0x4900000308ULL, 0x4900000309ULL, 0x490000030CULL, 0x490000030FULL, 0x4900000311ULL, 0x4900000323ULL,
    0x4900000328ULL, 0x4900000330ULL, 0x4A00000302ULL, 0x4B00000301ULL, 0x4B0000030CULL, 0x4B00000323ULL,
    0x4B00000327ULL, 0x4B00000331ULL, 0x4C00000301ULL, 0x4C0000030CULL, 0x4C00000323ULL, 0x4C00000327ULL,
    0x4C0000032DULL, 0x4C00000331ULL, 0x4D00000301ULL, 0x4D00000307ULL, 0x4D00000323ULL, 0x4E00000300ULL,
    0x4E00000301ULL, 0x4E00000303ULL, 0x4E00000307ULL, 0x4E0000030CULL, 0x4E00000323ULL, 0x4E00000327ULL,
    0x4E0000032DULL, 0x4E00000331ULL, 0x4F00000300ULL, 0x4F00000301ULL, 0x4F00000302ULL, 0x4F00000303ULL,
    0x4F00000304ULL, 0x4F00000306ULL, 0x4F00000307ULL, 0x4F00000308ULL, 0x4F00000309ULL, 0x4F0000030BULL,
    0x4F0000030CULL, 0x4F0000030FULL, 0x4F00000311ULL, 0x4F0000031BULL, 0x4F00000323ULL, 0x4F00000328ULL,
    0x5000000301ULL, 0x5000000307ULL, 0x5200000301ULL, 0x5200000307ULL, 0x520000030CULL, 0x520000030FULL,
    0x5200000311ULL, 0x5200000323ULL, 0x5200000327ULL, 0x5200000331ULL, 0x5300000301ULL, 0x5300000302ULL,
    0x5300000307ULL, 0x530000030CULL, 0x5300000323ULL, 0x5300000326ULL, 0x5300000327ULL, 0x5400000307ULL,
    0x540000030CULL, 0x5400000323ULL, 0x5400000326ULL, 0x5400000327ULL, 0x540000032DULL, 0x5400000331ULL,
    0x5500000300ULL, 0x5500000301ULL, 0x5500000302ULL, 0x5500000303ULL, 0x5500000304ULL, 0x5500000306ULL,
    0x5500000308ULL, 0x5500000309ULL, 0x550000030AULL, 0x550000030BULL, 0x550000030CULL, 0x550000030FULL,
    0x5500000311ULL, 0x550000031BULL, 0x5500000323ULL, 0x5500000324ULL, 0x5500000328ULL, 0x550000032DULL,
    0x5500000330ULL, 0x5600000303ULL, 0x5600000323ULL, 0x5700000300ULL, 0x5700000301ULL, 0x5700000302ULL,
    0x5700000307ULL, 0x5700000308ULL, 0x5700000323ULL, 0x5800000307ULL, 0x5800000308ULL, 0x5900000300ULL,
    0x5900000301ULL, 0x5900000302ULL, 0x5900000303ULL, 0x5900000304ULL, 0x5900000307ULL, 0x5900000308ULL,
    0x5900000309ULL, 0x5900000323ULL, 0x5A00000301ULL, 0x5A00000302ULL, 0x5A00000307ULL, 0x5A0000030CULL,
    0x5A00000323ULL, 0x5A00000331ULL, 0x6100000300ULL, 0x6100000301ULL, 0x6100000302ULL, 0x6100000303ULL,
    0x6100000304ULL, 0x6100000306ULL, 0x6100000307ULL, 0x6100000308ULL, 0x6100000309ULL, 0x610000030AULL,
    0x610000030CULL, 0x610000030FULL, 0x6100000311ULL, 0x6100000323ULL, 0x6100000325ULL, 0x6100000328ULL,
    0x6200000307ULL, 0x6200000323ULL, 0x6200000331ULL, 0x6300000301ULL, 0x6300000302ULL, 0x6300000307ULL,
    0x630000030CULL, 0x6300000327ULL, 0x6400000307ULL, 0x640000030CULL, 0x6400000323ULL, 0x6400000327ULL,
    0x640000032DULL, 0x6400000331ULL, 0x6500000300ULL, 0x6500000301ULL, 0x6500000302ULL, 0x6500000303ULL,
    0x6500000304ULL, 0x6500000306ULL, 0x6500000307ULL, 0x6500000308ULL, 0x6500000309ULL, 0x650000030CULL,
    0x650000030FULL, 0x6500000311ULL, 0x6500000323ULL, 0x6500000327ULL, 0x6500000328ULL, 0x650000032DULL,
    0x6500000330ULL, 0x6600000307ULL, 0x6700000301ULL, 0x6700000302ULL, 0x6700000304ULL, 0x6700000306ULL,
    0x6700000307ULL, 0x670000030CULL, 0x6700000327ULL, 0x6800000302ULL, 0x6800000307ULL, 0x6800000308ULL,
    0x680000030CULL, 0x6800000323ULL, 0x6800000327ULL, 0x680000032EULL, 0x6800000331ULL, 0x6900000300ULL,
    0x6900000301ULL, 0x6900000302ULL, 0x6900000303ULL, 0x6900000304ULL, 0x6900000306ULL, 0x6900000308ULL,
    0x6900000309ULL, 0x690000030CULL, 0x690000030FULL, 0x6900000311ULL, 0x6900000323ULL, 0x6900000328ULL,
    0x6900000330ULL, 0x6A00000302ULL, 0x6A0000030CULL, 0x6B00000301ULL, 0x6B0000030CULL, 0x6B00000323ULL,
    0x6B00000327ULL, 0x6B00000331ULL, 0x6C00000301ULL, 0x6C0000030CULL, 0x6C00000323ULL, 0x6C00000327ULL,
    0x6C0000032DULL, 0x6C00000331ULL, 0x6D00000301ULL, 0x6D00000307ULL, 0x6D00000323ULL, 0x6E00000300ULL,
    0x6E00000301ULL, 0x6E00000303ULL, 0x6E00000307ULL, 0x6E0000030CULL, 0x6E00000323ULL, 0x6E00000327ULL,
    0x6E0000032DULL, 0x6E00000331ULL, 0x6F00000300ULL, 0x6F00000301ULL, 0x6F00000302ULL, 0x6F00000303ULL,
    0x6F00000304ULL, 0x6F00000306ULL, 0x6F00000307ULL, 0x6F00000308ULL, 0x6F00000309ULL, 0x6F0000030BULL,
    0x6F0000030CULL, 0x6F0000030FULL, 0x6F00000311ULL, 0x6F0000031BULL, 0x6F00000323ULL, 0x6F00000328ULL,
    0x7000000301ULL, 0x7000000307ULL, 0x7200000301ULL, 0x7200000307ULL, 0x720000030CULL, 0x720000030FULL,
    0x7200000311ULL, 0x7200000323ULL, 0x7200000327ULL, 0x7200000331ULL, 0x7300000301ULL, 0x7300000302ULL,
    0x7300000307ULL, 0x730000030CULL, 0x7300000323ULL, 0x7300000326ULL, 0x7300000327ULL, 0x7400000307ULL,
    0x7400000308ULL, 0x740000030CULL, 0x7400000323ULL, 0x7400000326ULL, 0x7400000327ULL, 0x740000032DULL,
    0x7400000331ULL, 0x7500000300ULL, 0x7500000301ULL, 0x7500000302ULL, 0x7500000303ULL, 0x7500000304ULL,
    0x7500000306ULL, 0x7500000308ULL, 0x7500000309ULL, 0x750000030AULL, 0x750000030BULL, 0x750000030CULL,
    0x750000030FULL, 0x7500000311ULL, 0x750000031BULL, 0x7500000323ULL, 0x7500000324ULL, 0x7500000328ULL,
    0x750000032DULL, 0x7500000330ULL, 0x7600000303ULL, 0x7600000323ULL, 0x7700000300ULL, 0x7700000301ULL,
    0x7700000302ULL, 0x7700000307ULL, 0x7700000308ULL, 0x770000030AULL, 0x7700000323ULL, 0x7800000307ULL,
    0x7800000308ULL, 0x7900000300ULL, 0x7900000301ULL, 0x7900000302ULL, 0x7900000303ULL, 0x7900000304ULL,
    0x7900000307ULL, 0x7900000308ULL, 0x7900000309ULL, 0x790000030AULL, 0x7900000323ULL, 0x7A00000301ULL,
    0x7A00000302ULL, 0x7A00000307ULL, 0x7A0000030CULL, 0x7A00000323ULL, 0x7A00000331ULL, 0xA800000300ULL,
    0xA800000301ULL, 0xA800000342ULL, 0xC200000300ULL, 0xC200000301ULL, 0xC200000303ULL, 0xC200000309ULL,
    0xC400000304ULL, 0xC500000301ULL, 0xC600000301ULL, 0xC600000304ULL, 0xC700000301ULL, 0xCA00000300ULL,
    0xCA00000301ULL, 0xCA00000303ULL, 0xCA00000309ULL, 0xCF00000301ULL, 0xD400000300ULL, 0xD400000301ULL,
    0xD400000303ULL, 0xD400000309ULL, 0xD500000301ULL, 0xD500000304ULL, 0xD500000308ULL, 0xD600000304ULL,
    0xD800000301ULL, 0xDC00000300ULL, 0xDC00000301ULL, 0xDC00000304ULL, 0xDC0000030CULL, 0xE200000300ULL,
    0xE200000301ULL, 0xE200000303ULL, 0xE200000309ULL, 0xE400000304ULL, 0xE500000301ULL, 0xE600000301ULL,
    0xE600000304ULL, 0xE700000301ULL, 0xEA00000300ULL, 0xEA00000301ULL, 0xEA00000303ULL, 0xEA00000309ULL,
    0xEF00000301ULL, 0xF400000300ULL, 0xF400000301ULL, 0xF400000303ULL, 0xF400000309ULL, 0xF500000301ULL,
    0xF500000304ULL, 0xF500000308ULL, 0xF600000304ULL, 0xF800000301ULL, 0xFC00000300ULL, 0xFC00000301ULL,
    0xFC00000304ULL, 0xFC0000030CULL, 0x10200000300ULL, 0x10200000301ULL, 0x10200000303ULL, 0x10200000309ULL,
    0x10300000300ULL, 0x10300000301ULL, 0x10300000303ULL, 0x10300000309ULL, 0x11200000300ULL, 0x11200000301ULL,
    0x11300000300ULL, 0x11300000301ULL, 0x14C00000300ULL, 0x14C00000301ULL, 0x14D00000300ULL, 0x14D00000301ULL,
    0x15A00000307ULL, 0x15B00000307ULL, 0x16000000307ULL, 0x16100000307ULL, 0x16800000301ULL, 0x16900000301ULL,
    0x16A00000308ULL, 0x16B00000308ULL, 0x17F00000307ULL, 0x1A000000300ULL, 0x1A000000301ULL, 0x1A000000303ULL,
    0x1A000000309ULL, 0x1A000000323ULL, 0x1A100000300ULL, 0x1A100000301ULL, 0x1A100000303ULL, 0x1A100000309ULL,
    0x1A100000323ULL, 0x1AF00000300ULL, 0x1AF00000301ULL, 0x1AF00000303ULL, 0x1AF00000309ULL, 0x1AF00000323ULL,
    0x1B000000300ULL, 0x1B000000301ULL, 0x1B000000303ULL, 0x1B000000309ULL, 0x1B000000323ULL, 0x1B70000030CULL,
    0x1EA00000304ULL, 0x1EB00000304ULL, 0x22600000304ULL, 0x22700000304ULL, 0x22800000306ULL, 0x22900000306ULL,
    0x22E00000304ULL, 0x22F00000304ULL, 0x2920000030CULL, 0x39100000300ULL, 0x39100000301ULL, 0x39100000304ULL,
    0x39100000306ULL, 0x39100000313ULL, 0x39100000314ULL, 0x39100000345ULL, 0x39500000300ULL, 0x39500000301ULL,
    0x39500000313ULL, 0x39500000314ULL, 0x39700000300ULL, 0x39700000301ULL, 0x39700000313ULL, 0x39700000314ULL,
    0x39700000345ULL, 0x39900000300ULL, 0x39900000301ULL, 0x39900000304ULL, 0x39900000306ULL, 0x39900000308ULL,
    0x39900000313ULL, 0x39900000314ULL, 0x39F00000300ULL, 0x39F00000301ULL, 0x39F00000313ULL, 0x39F00000314ULL,
    0x3A100000314ULL, 0x3A500000300ULL, 0x3A500000301ULL, 0x3A500000304ULL, 0x3A500000306ULL, 0x3A500000308ULL,
    0x3A500000314ULL, 0x3A900000300ULL, 0x3A900000301ULL, 0x3A900000313ULL, 0x3A900000314ULL, 0x3A900000345ULL,
    0x3AC00000345ULL, 0x3AE00000345ULL, 0x3B100000300ULL, 0x3B100000301ULL, 0x3B100000304ULL, 0x3B100000306ULL,
    0x3B100000313ULL, 0x3B100000314ULL, 0x3B100000342ULL, 0x3B100000345ULL, 0x3B500000300ULL, 0x3B500000301ULL,
    0x3B500000313ULL, 0x3B500000314ULL, 0x3B700000300ULL, 0x3B700000301ULL, 0x3B700000313ULL, 0x3B700000314ULL,
    0x3B700000342ULL, 0x3B700000345ULL, 0x3B900000300ULL, 0x3B900000301ULL, 0x3B900000304ULL, 0x3B900000306ULL,
    0x3B900000308ULL, 0x3B900000313ULL, 0x3B900000314ULL, 0x3B900000342ULL, 0x3BF00000300ULL, 0x3BF00000301ULL,
    0x3BF00000313ULL, 0x3BF00000314ULL, 0x3C100000313ULL, 0x3C100000314ULL, 0x3C500000300ULL, 0x3C500000301ULL,
    0x3C500000304ULL, 0x3C500000306ULL, 0x3C500000308ULL, 0x3C500000313ULL, 0x3C500000314ULL, 0x3C500000342ULL,
    0x3C900000300ULL, 0x3C900000301ULL, 0x3C900000313ULL, 0x3C900000314ULL, 0x3C900000342ULL, 0x3C900000345ULL,
    0x3CA00000300ULL, 0x3CA00000301ULL, 0x3CA00000342ULL, 0x3CB00000300ULL, 0x3CB00000301ULL, 0x3CB00000342ULL,
    0x3CE00000345ULL, 0x3D200000301ULL, 0x3D200000308ULL, 0x40600000308ULL, 0x41000000306ULL, 0x41000000308ULL,
    0x41300000301ULL, 0x41500000300ULL, 0x41500000306ULL, 0x41500000308ULL, 0x41600000306ULL, 0x41600000308ULL,
    0x41700000308ULL, 0x41800000300ULL, 0x41800000304ULL, 0x41800000306ULL, 0x41800000308ULL, 0x41A00000301ULL,
    0x41E00000308ULL, 0x42300000304ULL, 0x42300000306ULL, 0x42300000308ULL, 0x4230000030BULL, 0x42700000308ULL,
    0x42B00000308ULL, 0x42D00000308ULL, 0x43000000306ULL, 0x43000000308ULL, 0x43300000301ULL, 0x43500000300ULL,
    0x43500000306ULL, 0x43500000308ULL, 0x43600000306ULL, 0x43600000308ULL, 0x43700000308ULL, 0x43800000300ULL,
    0x43800000304ULL, 0x43800000306ULL, 0x43800000308ULL, 0x43A00000301ULL, 0x43E00000308ULL, 0x44300000304ULL,
    0x44300000306ULL, 0x44300000308ULL, 0x4430000030BULL, 0x44700000308ULL, 0x44B00000308ULL, 0x44D00000308ULL,
    0x45600000308ULL, 0x4740000030FULL, 0x4750000030FULL, 0x4D800000308ULL, 0x4D900000308ULL, 0x4E800000308ULL,
    0x4E900000308ULL, 0x62700000653ULL, 0x62700000654ULL, 0x62700000655ULL, 0x64800000654ULL, 0x64A00000654ULL,
    0x6C100000654ULL, 0x6D200000654ULL, 0x6D500000654ULL, 0x9280000093CULL, 0x9300000093CULL, 0x9330000093CULL,
    0x9C7000009BEULL, 0x9C7000009D7ULL, 0xB4700000B3EULL, 0xB4700000B56ULL, 0xB4700000B57ULL, 0xB9200000BD7ULL,
    0xBC600000BBEULL, 0xBC600000BD7ULL, 0xBC700000BBEULL, 0xC4600000C56ULL, 0xCBF00000CD5ULL, 0xCC600000CC2ULL,
    0xCC600000CD5ULL, 0xCC600000CD6ULL, 0xCCA00000CD5ULL, 0xD4600000D3EULL, 0xD4600000D57ULL, 0xD4700000D3EULL,
    0xDD900000DCAULL, 0xDD900000DCFULL, 0xDD900000DDFULL, 0xDDC00000DCAULL, 0x10250000102EULL, 0x1B0500001B35ULL,
    0x1B0700001B35ULL, 0x1B0900001B35ULL, 0x1B0B00001B35ULL, 0x1B0D00001B35ULL, 0x1B1100001B35ULL, 0x1B3A00001B35ULL,
    0x1B3C00001B35ULL, 0x1B3E00001B35ULL, 0x1B3F00001B35ULL, 0x1B4200001B35ULL, 0x1E3600000304ULL, 0x1E3700000304ULL,
    0x1E5A00000304ULL, 0x1E5B00000304ULL, 0x1E6200000307ULL, 0x1E6300000307ULL, 0x1EA000000302ULL, 0x1EA000000306ULL,
    0x1EA100000302ULL, 0x1EA100000306ULL, 0x1EB800000302ULL, 0x1EB900000302ULL, 0x1ECC00000302ULL, 0x1ECD00000302ULL,
    0x1F0000000300ULL, 0x1F0000000301ULL, 0x1F0000000342ULL, 0x1F0000000345ULL, 0x1F0100000300ULL, 0x1F0100000301ULL,
    0x1F0100000342ULL, 0x1F0100000345ULL, 0x1F0200000345ULL, 0x1F0300000345ULL, 0x1F0400000345ULL, 0x1F0500000345ULL,
    0x1F0600000345ULL, 0x1F0700000345ULL, 0x1F0800000300ULL, 0x1F0800000301ULL, 0x1F0800000342ULL, 0x1F0800000345ULL,
    0x1F0900000300ULL, 0x1F0900000301ULL, 0x1F0900000342ULL, 0x1F0900000345ULL, 0x1F0A00000345ULL, 0x1F0B00000345ULL,
    0x1F0C00000345ULL, 0x1F0D00000345ULL, 0x1F0E00000345ULL, 0x1F0F00000345ULL, 0x1F1000000300ULL, 0x1F1000000301ULL,
    0x1F1100000300ULL, 0x1F1100000301ULL, 0x1F1800000300ULL, 0x1F1800000301ULL, 0x1F1900000300ULL, 0x1F1900000301ULL,
    0x1F2000000300ULL, 0x1F2000000301ULL, 0x1F2000000342ULL, 0x1F2000000345ULL, 0x1F2100000300ULL, 0x1F2100000301ULL,
    0x1F2100000342ULL, 0x1F2100000345ULL, 0x1F2200000345ULL, 0x1F2300000345ULL, 0x1F2400000345ULL, 0x1F2500000345ULL,
    0x1F2600000345ULL, 0x1F2700000345ULL, 0x1F2800000300ULL, 0x1F2800000301ULL, 0x1F2800000342ULL, 0x1F2800000345ULL,
    0x1F2900000300ULL, 0x1F2900000301ULL, 0x1F2900000342ULL, 0x1F2900000345ULL, 0x1F2A00000345ULL, 0x1F2B00000345ULL,
    0x1F2C00000345ULL, 0x1F2D00000345ULL, 0x1F2E00000345ULL, 0x1F2F00000345ULL, 0x1F3000000300ULL, 0x1F3000000301ULL,
    0x1F3000000342ULL, 0x1F3100000300ULL, 0x1F3100000301ULL, 0x1F3100000342ULL, 0x1F3800000300ULL, 0x1F3800000301ULL,
    0x1F3800000342ULL, 0x1F3900000300ULL, 0x1F3900000301ULL, 0x1F3900000342ULL, 0x1F4000000300ULL, 0x1F4000000301ULL,
    0x1F4100000300ULL, 0x1F4100000301ULL, 0x1F4800000300ULL, 0x1F4800000301ULL, 0x1F4900000300ULL, 0x1F4900000301ULL,
    0x1F5000000300ULL, 0x1F5000000301ULL, 0x1F5000000342ULL, 0x1F5100000300ULL, 0x1F5100000301ULL, 0x1F5100000342ULL,
    0x1F5900000300ULL, 0x1F5900000301ULL, 0x1F5900000342ULL, 0x1F6000000300ULL, 0x1F6000000301ULL, 0x1F6000000342ULL,
    0x1F6000000345ULL, 0x1F6100000300ULL, 0x1F6100000301ULL, 0x1F6100000342ULL, 0x1F6100000345ULL, 0x1F6200000345ULL,
    0x1F6300000345ULL, 0x1F6400000345ULL, 0x1F6500000345ULL, 0x1F6600000345ULL, 0x1F6700000345ULL, 0x1F6800000300ULL,
    0x1F6800000301ULL, 0x1F6800000342ULL, 0x1F6800000345ULL, 0x1F6900000300ULL, 0x1F6900000301ULL, 0x1F6900000342ULL,
    0x1F6900000345ULL, 0x1F6A00000345ULL, 0x1F6B00000345ULL, 0x1F6C00000345ULL, 0x1F6D00000345ULL, 0x1F6E00000345ULL,
    0x1F6F00000345ULL, 0x1F7000000345ULL, 0x1F7400000345ULL, 0x1F7C00000345ULL, 0x1FB600000345ULL, 0x1FBF00000300ULL,
    0x1FBF00000301ULL, 0x1FBF00000342ULL, 0x1FC600000345ULL, 0x1FF600000345ULL, 0x1FFE00000300ULL, 0x1FFE00000301ULL,
    0x1FFE00000342ULL, 0x219000000338ULL, 0x219200000338ULL, 0x219400000338ULL, 0x21D000000338ULL, 0x21D200000338ULL,
    0x21D400000338ULL, 0x220300000338ULL, 0x220800000338ULL, 0x220B00000338ULL, 0x222300000338ULL, 0x222500000338ULL,
    0x223C00000338ULL, 0x224300000338ULL, 0x224500000338ULL, 0x224800000338ULL, 0x224D00000338ULL, 0x226100000338ULL,
    0x226400000338ULL, 0x226500000338ULL, 0x227200000338ULL, 0x227300000338ULL, 0x227600000338ULL, 0x227700000338ULL,
    0x227A00000338ULL, 0x227B00000338ULL, 0x227C00000338ULL, 0x227D00000338ULL, 0x228200000338ULL, 0x228300000338ULL,
    0x228600000338ULL, 0x228700000338ULL, 0x229100000338ULL, 0x229200000338ULL, 0x22A200000338ULL, 0x22A800000338ULL,
    0x22A900000338ULL, 0x22AB00000338ULL, 0x22B200000338ULL, 0x22B300000338ULL, 0x22B400000338ULL, 0x22B500000338ULL,
    0x304600003099ULL, 0x304B00003099ULL, 0x304D00003099ULL, 0x304F00003099ULL, 0x305100003099ULL, 0x305300003099ULL,
    0x305500003099ULL, 0x305700003099ULL, 0x305900003099ULL, 0x305B00003099ULL, 0x305D00003099ULL, 0x305F00003099ULL,
    0x306100003099ULL, 0x306400003099ULL, 0x306600003099ULL, 0x306800003099ULL, 0x306F00003099ULL, 0x306F0000309AULL,
    0x307200003099ULL, 0x30720000309AULL, 0x307500003099ULL, 0x30750000309AULL, 0x307800003099ULL, 0x30780000309AULL,
    0x307B00003099ULL, 0x307B0000309AULL, 0x309D00003099ULL, 0x30A600003099ULL, 0x30AB00003099ULL, 0x30AD00003099ULL,
    0x30AF00003099ULL, 0x30B100003099ULL, 0x30B300003099ULL, 0x30B500003099ULL, 0x30B700003099ULL, 0x30B900003099ULL,
    0x30BB00003099ULL, 0x30BD00003099ULL, 0x30BF00003099ULL, 0x30C100003099ULL, 0x30C400003099ULL, 0x30C600003099ULL,
    0x30C800003099ULL, 0x30CF00003099ULL, 0x30CF0000309AULL, 0x30D200003099ULL, 0x30D20000309AULL, 0x30D500003099ULL,
    0x30D50000309AULL, 0x30D800003099ULL, 0x30D80000309AULL, 0x30DB00003099ULL, 0x30DB0000309AULL, 0x30EF00003099ULL,
    0x30F000003099ULL, 0x30F100003099ULL, 0x30F200003099ULL, 0x30FD00003099ULL, 0x105D200000307ULL, 0x105DA00000307ULL,
    0x11099000110BAULL, 0x1109B000110BAULL, 0x110A5000110BAULL, 0x1113100011127ULL, 0x1113200011127ULL, 0x113470001133EULL,
    0x1134700011357ULL, 0x11382000113C9ULL, 0x11384000113BBULL, 0x1138B000113C2ULL, 0x11390000113C9ULL, 0x113C2000113B8ULL,
    0x113C2000113C2ULL, 0x113C2000113C9ULL, 0x114B9000114B0ULL, 0x114B9000114BAULL, 0x114B9000114BDULL, 0x115B8000115AFULL,
    0x115B9000115AFULL, 0x1193500011930ULL, 0x1611E0001611EULL, 0x1611E0001611FULL, 0x1611E00016120ULL, 0x1611E00016129ULL,
    0x161210001611FULL, 0x1612100016120ULL, 0x161220001611FULL, 0x161290001611FULL, 0x16D6300016D67ULL, 0x16D6700016D67ULL,
    0x16D6900016D67ULL,
};

static const uint32_t un_comp_vals[961] = {
    0x226E, 0x2260, 0x226F, 0xC0, 0xC1, 0xC2, 0xC3, 0x100, 0x102, 0x226,
    0xC4, 0x1EA2, 0xC5, 0x1CD, 0x200, 0x202, 0x1EA0, 0x1E00, 0x104, 0x1E02,
    0x1E04, 0x1E06, 0x106, 0x108, 0x10A, 0x10C, 0xC7, 0x1E0A, 0x10E, 0x1E0C,
    0x1E10, 0x1E12, 0x1E0E, 0xC8, 0xC9, 0xCA, 0x1EBC, 0x112, 0x114, 0x116,
    0xCB, 0x1EBA, 0x11A, 0x204, 0x206, 0x1EB8, 0x228, 0x118, 0x1E18, 0x1E1A,
    0x1E1E, 0x1F4, 0x11C, 0x1E20, 0x11E, 0x120, 0x1E6, 0x122, 0x124, 0x1E22,
    0x1E26, 0x21E, 0x1E24, 0x1E28, 0x1E2A, 0xCC, 0xCD, 0xCE, 0x128, 0x12A,
    0x12C, 0x130, 0xCF, 0x1EC8, 0x1CF, 0x208, 0x20A, 0x1ECA, 0x12E, 0x1E2C,
    0x134, 0x1E30, 0x1E8, 0x1E32, 0x136, 0x1E34, 0x139, 0x13D, 0x1E36, 0x13B,
    0x1E3C, 0x1E3A, 0x1E3E, 0x1E40, 0x1E42, 0x1F8, 0x143, 0xD1, 0x1E44, 0x147,
    0x1E46, 0x145, 0x1E4A, 0x1E48, 0xD2, 0xD3, 0xD4, 0xD5, 0x14C, 0x14E,
    0x22E, 0xD6, 0x1ECE, 0x150, 0x1D1, 0x20C, 0x20E, 0x1A0, 0x1ECC, 0x1EA,
    0x1E54, 0x1E56, 0x154, 0x1E58, 0x158, 0x210, 0x212, 0x1E5A, 0x156, 0x1E5E,
    0x15A, 0x15C, 0x1E60, 0x160, 0x1E62, 0x218, 0x15E, 0x1E6A, 0x164, 0x1E6C,
    0x21A, 0x162, 0x1E70, 0x1E6E, 0xD9, 0xDA, 0xDB, 0x168, 0x16A, 0x16C,
    0xDC, 0x1EE6, 0x16E, 0x170, 0x1D3, 0x214, 0x216, 0x1AF, 0x1EE4, 0x1E72,
    0x172, 0x1E76, 0x1E74, 0x1E7C, 0x1E7E, 0x1E80, 0x1E82, 0x174, 0x1E86, 0x1E84,
    0x1E88, 0x1E8A, 0x1E8C, 0x1EF2, 0xDD, 0x176, 0x1EF8, 0x232, 0x1E8E, 0x178,
    0x1EF6, 0x1EF4, 0x179, 0x1E90, 0x17B, 0x17D, 0x1E92, 0x1E94, 0xE0, 0xE1,
    0xE2, 0xE3, 0x101, 0x103, 0x227, 0xE4, 0x1EA3, 0xE5, 0x1CE, 0x201,
    0x203, 0x1EA1, 0x1E01, 0x105, 0x1E03, 0x1E05, 0x1E07, 0x107, 0x109, 0x10B,
    0x10D, 0xE7, 0x1E0B, 0x10F, 0x1E0D, 0x1E11, 0x1E13, 0x1E0F, 0xE8, 0xE9,
    0xEA, 0x1EBD, 0x113, 0x115, 0x117, 0xEB, 0x1EBB, 0x11B, 0x205, 0x207,
    0x1EB9, 0x229, 0x119, 0x1E19, 0x1E1B, 0x1E1F, 0x1F5, 0x11D, 0x1E21, 0x11F,
    0x121, 0x1E7, 0x123, 0x125, 0x1E23, 0x1E27, 0x21F, 0x1E25, 0x1E29, 0x1E2B,
    0x1E96, 0xEC, 0xED, 0xEE, 0x129, 0x12B, 0x12D, 0xEF, 0x1EC9, 0x1D0,
    0x209, 0x20B, 0x1ECB, 0x12F, 0x1E2D, 0x135, 0x1F0, 0x1E31, 0x1E9, 0x1E33,
    0x137, 0x1E35, 0x13A, 0x13E, 0x1E37, 0x13C, 0x1E3D, 0x1E3B, 0x1E3F, 0x1E41,
    0x1E43, 0x1F9, 0x144, 0xF1, 0x1E45, 0x148, 0x1E47, 0x146, 0x1E4B, 0x1E49,
    0xF2, 0xF3, 0xF4, 0xF5, 0x14D, 0x14F, 0x22F, 0xF6, 0x1ECF, 0x151,
    0x1D2, 0x20D, 0x20F, 0x1A1, 0x1ECD, 0x1EB, 0x1E55, 0x1E57, 0x155, 0x1E59,
    0x159, 0x211, 0x213, 0x1E5B, 0x157, 0x1E5F, 0x15B, 0x15D, 0x1E61, 0x161,
    0x1E63, 0x219, 0x15F, 0x1E6B, 0x1E97, 0x165, 0x1E6D, 0x21B, 0x163, 0x1E71,
    0x1E6F, 0xF9, 0xFA, 0xFB, 0x169, 0x16B, 0x16D, 0xFC, 0x1EE7, 0x16F,
    0x171, 0x1D4, 0x215, 0x217, 0x1B0, 0x1EE5, 0x1E73, 0x173, 0x1E77, 0x1E75,
    0x1E7D, 0x1E7F, 0x1E81, 0x1E83, 0x175, 0x1E87, 0x1E85, 0x1E98, 0x1E89, 0x1E8B,
    0x1E8D, 0x1EF3, 0xFD, 0x177, 0x1EF9, 0x233, 0x1E8F, 0xFF, 0x1EF7, 0x1E99,
    0x1EF5, 0x17A, 0x1E91, 0x17C, 0x17E, 0x1E93, 0x1E95, 0x1FED, 0x385, 0x1FC1,
    0x1EA6, 0x1EA4, 0x1EAA, 0x1EA8, 0x1DE, 0x1FA, 0x1FC, 0x1E2, 0x1E08, 0x1EC0,
    0x1EBE, 0x1EC4, 0x1EC2, 0x1E2E, 0x1ED2, 0x1ED0, 0x1ED6, 0x1ED4, 0x1E4C, 0x22C,
    0x1E4E, 0x22A, 0x1FE, 0x1DB, 0x1D7, 0x1D5, 0x1D9, 0x1EA7, 0x1EA5, 0x1EAB,
    0x1EA9, 0x1DF, 0x1FB, 0x1FD, 0x1E3, 0x1E09, 0x1EC1, 0x1EBF, 0x1EC5, 0x1EC3,
    0x1E2F, 0x1ED3, 0x1ED1, 0x1ED7, 0x1ED5, 0x1E4D, 0x22D, 0x1E4F, 0x22B, 0x1FF,
    0x1DC, 0x1D8, 0x1D6, 0x1DA, 0x1EB0, 0x1EAE, 0x1EB4, 0x1EB2, 0x1EB1, 0x1EAF,
    0x1EB5, 0x1EB3, 0x1E14, 0x1E16, 0x1E15, 0x1E17, 0x1E50, 0x1E52, 0x1E51, 0x1E53,
    0x1E64, 0x1E65, 0x1E66, 0x1E67, 0x1E78, 0x1E79, 0x1E7A, 0x1E7B, 0x1E9B, 0x1EDC,
    0x1EDA, 0x1EE0, 0x1EDE, 0x1EE2, 0x1EDD, 0x1EDB, 0x1EE1, 0x1EDF, 0x1EE3, 0x1EEA,
    0x1EE8, 0x1EEE, 0x1EEC, 0x1EF0, 0x1EEB, 0x1EE9, 0x1EEF, 0x1EED, 0x1EF1, 0x1EE,
    0x1EC, 0x1ED, 0x1E0, 0x1E1, 0x1E1C, 0x1E1D, 0x230, 0x231, 0x1EF, 0x1FBA,
    0x386, 0x1FB9, 0x1FB8, 0x1F08, 0x1F09, 0x1FBC, 0x1FC8, 0x388, 0x1F18, 0x1F19,
    0x1FCA, 0x389, 0x1F28, 0x1F29, 0x1FCC, 0x1FDA, 0x38A, 0x1FD9, 0x1FD8, 0x3AA,
    0x1F38, 0x1F39, 0x1FF8, 0x38C, 0x1F48, 0x1F49, 0x1FEC, 0x1FEA, 0x38E, 0x1FE9,
    0x1FE8, 0x3AB, 0x1F59, 0x1FFA, 0x38F, 0x1F68, 0x1F69, 0x1FFC, 0x1FB4, 0x1FC4,
    0x1F70, 0x3AC, 0x1FB1, 0x1FB0, 0x1F00, 0x1F01, 0x1FB6, 0x1FB3, 0x1F72, 0x3AD,
    0x1F10, 0x1F11, 0x1F74, 0x3AE, 0x1F20, 0x1F21, 0x1FC6, 0x1FC3, 0x1F76, 0x3AF,
    0x1FD1, 0x1FD0, 0x3CA, 0x1F30, 0x1F31, 0x1FD6, 0x1F78, 0x3CC, 0x1F40, 0x1F41,
    0x1FE4, 0x1FE5, 0x1F7A, 0x3CD, 0x1FE1, 0x1FE0, 0x3CB, 0x1F50, 0x1F51, 0x1FE6,
    0x1F7C, 0x3CE, 0x1F60, 0x1F61, 0x1FF6, 0x1FF3, 0x1FD2, 0x390, 0x1FD7, 0x1FE2,
    0x3B0, 0x1FE7, 0x1FF4, 0x3D3, 0x3D4, 0x407, 0x4D0, 0x4D2, 0x403, 0x400,
    0x4D6, 0x401, 0x4C1, 0x4DC, 0x4DE, 0x40D, 0x4E2, 0x419, 0x4E4, 0x40C,
    0x4E6, 0x4EE, 0x40E, 0x4F0, 0x4F2, 0x4F4, 0x4F8, 0x4EC, 0x4D1, 0x4D3,
    0x453, 0x450, 0x4D7, 0x451, 0x4C2, 0x4DD, 0x4DF, 0x45D, 0x4E3, 0x439,
    0x4E5, 0x45C, 0x4E7, 0x4EF, 0x45E, 0x4F1, 0x4F3, 0x4F5, 0x4F9, 0x4ED,
    0x457, 0x476, 0x477, 0x4DA, 0x4DB, 0x4EA, 0x4EB, 0x622, 0x623, 0x625,
    0x624, 0x626, 0x6C2, 0x6D3, 0x6C0, 0x929, 0x931, 0x934, 0x9CB, 0x9CC,
    0xB4B, 0xB48, 0xB4C, 0xB94, 0xBCA, 0xBCC, 0xBCB, 0xC48, 0xCC0, 0xCCA,
    0xCC7, 0xCC8, 0xCCB, 0xD4A, 0xD4C, 0xD4B, 0xDDA, 0xDDC, 0xDDE, 0xDDD,
    0x1026, 0x1B06, 0x1B08, 0x1B0A, 0x1B0C, 0x1B0E, 0x1B12, 0x1B3B, 0x1B3D, 0x1B40,
    0x1B41, 0x1B43, 0x1E38, 0x1E39, 0x1E5C, 0x1E5D, 0x1E68, 0x1E69, 0x1EAC, 0x1EB6,
    0x1EAD, 0x1EB7, 0x1EC6, 0x1EC7, 0x1ED8, 0x1ED9, 0x1F02, 0x1F04, 0x1F06, 0x1F80,
    0x1F03, 0x1F05, 0x1F07, 0x1F81, 0x1F82, 0x1F83, 0x1F84, 0x1F85, 0x1F86, 0x1F87,
    0x1F0A, 0x1F0C, 0x1F0E, 0x1F88, 0x1F0B, 0x1F0D, 0x1F0F, 0x1F89, 0x1F8A, 0x1F8B,
    0x1F8C, 0x1F8D, 0x1F8E, 0x1F8F, 0x1F12, 0x1F14, 0x1F13, 0x1F15, 0x1F1A, 0x1F1C,
    0x1F1B, 0x1F1D, 0x1F22, 0x1F24, 0x1F26, 0x1F90, 0x1F23, 0x1F25, 0x1F27, 0x1F91,
    0x1F92, 0x1F93, 0x1F94, 0x1F95, 0x1F96, 0x1F97, 0x1F2A, 0x1F2C, 0x1F2E, 0x1F98,
    0x1F2B, 0x1F2D, 0x1F2F, 0x1F99, 0x1F9A, 0x1F9B, 0x1F9C, 0x1F9D, 0x1F9E, 0x1F9F,
    0x1F32, 0x1F34, 0x1F36, 0x1F33, 0x1F35, 0x1F37, 0x1F3A, 0x1F3C, 0x1F3E, 0x1F3B,
    0x1F3D, 0x1F3F, 0x1F42, 0x1F44, 0x1F43, 0x1F45, 0x1F4A, 0x1F4C, 0x1F4B, 0x1F4D,
    0x1F52, 0x1F54, 0x1F56, 0x1F53, 0x1F55, 0x1F57, 0x1F5B, 0x1F5D, 0x1F5F, 0x1F62,
    0x1F64, 0x1F66, 0x1FA0, 0x1F63, 0x1F65, 0x1F67, 0x1FA1, 0x1FA2, 0x1FA3, 0x1FA4,
    0x1FA5, 0x1FA6, 0x1FA7, 0x1F6A, 0x1F6C, 0x1F6E, 0x1FA8, 0x1F6B, 0x1F6D, 0x1F6F,
    0x1FA9, 0x1FAA, 0x1FAB, 0x1FAC, 0x1FAD, 0x1FAE, 0x1FAF, 0x1FB2, 0x1FC2, 0x1FF2,
    0x1FB7, 0x1FCD, 0x1FCE, 0x1FCF, 0x1FC7, 0x1FF7, 0x1FDD, 0x1FDE, 0x1FDF, 0x219A,
    0x219B, 0x21AE, 0x21CD, 0x21CF, 0x21CE, 0x2204, 0x2209, 0x220C, 0x2224, 0x2226,
    0x2241, 0x2244, 0x2247, 0x2249, 0x226D, 0x2262, 0x2270, 0x2271, 0x2274, 0x2275,
    0x2278, 0x2279, 0x2280, 0x2281, 0x22E0, 0x22E1, 0x2284, 0x2285, 0x2288, 0x2289,
    0x22E2, 0x22E3, 0x22AC, 0x22AD, 0x22AE, 0x22AF, 0x22EA, 0x22EB, 0x22EC, 0x22ED,
    0x3094, 0x304C, 0x304E, 0x3050, 0x3052, 0x3054, 0x3056, 0x3058, 0x305A, 0x305C,
    0x305E, 0x3060, 0x3062, 0x3065, 0x3067, 0x3069, 0x3070, 0x3071, 0x3073, 0x3074,
    0x3076, 0x3077, 0x3079, 0x307A, 0x307C, 0x307D, 0x309E, 0x30F4, 0x30AC, 0x30AE,
    0x30B0, 0x30B2, 0x30B4, 0x30B6, 0x30B8, 0x30BA, 0x30BC, 0x30BE, 0x30C0, 0x30C2,
    0x30C5, 0x30C7, 0x30C9, 0x30D0, 0x30D1, 0x30D3, 0x30D4, 0x30D6, 0x30D7, 0x30D9,
    0x30DA, 0x30DC, 0x30DD, 0x30F7, 0x30F8, 0x30F9, 0x30FA, 0x30FE, 0x105C9, 0x105E4,
    0x1109A, 0x1109C, 0x110AB, 0x1112E, 0x1112F, 0x1134B, 0x1134C, 0x11383, 0x11385, 0x1138E,
    0x11391, 0x113C7, 0x113C5, 0x113C8, 0x114BC, 0x114BB, 0x114BE, 0x115BA, 0x115BB, 0x11938,
    0x16121, 0x16123, 0x16125, 0x16122, 0x16126, 0x16128, 0x16127, 0x16124, 0x16D69, 0x16D68,
    0x16D6A,
};

static const uint32_t un_gcb_lo[1419] = {
    0x0, 0xA, 0xB, 0xD, 0xE, 0x7F, 0xAD, 0x300, 0x483, 0x488,
    0x591, 0x5BF, 0x5C1, 0x5C4, 0x5C7, 0x600, 0x610, 0x61C, 0x64B, 0x670,
    0x6D6, 0x6DD, 0x6DF, 0x6E7, 0x6EA, 0x70F, 0x711, 0x730, 0x7A6, 0x7EB,
    0x7FD, 0x816, 0x81B, 0x825, 0x829, 0x859, 0x890, 0x897, 0x8CA, 0x8E2,
    0x8E3, 0x903, 0x93A, 0x93B, 0x93C, 0x93E, 0x941, 0x949, 0x94D, 0x94E,
    0x951, 0x962, 0x981, 0x982, 0x9BC, 0x9BE, 0x9BF, 0x9C1, 0x9C7, 0x9CB,
    0x9CD, 0x9D7, 0x9E2, 0x9FE, 0xA01, 0xA03, 0xA3C, 0xA3E, 0xA41, 0xA47,
    0xA4B, 0xA51, 0xA70, 0xA75, 0xA81, 0xA83, 0xABC, 0xABE, 0xAC1, 0xAC7,
    0xAC9, 0xACB, 0xACD, 0xAE2, 0xAFA, 0xB01, 0xB02, 0xB3C, 0xB3E, 0xB3F,
    0xB40, 0xB41, 0xB47, 0xB4B, 0xB4D, 0xB55, 0xB57, 0xB62, 0xB82, 0xBBE,
    0xBBF, 0xBC0, 0xBC1, 0xBC6, 0xBCA, 0xBCD, 0xBD7, 0xC00, 0xC01, 0xC04,
    0xC3C, 0xC3E, 0xC41, 0xC46, 0xC4A, 0xC55, 0xC62, 0xC81, 0xC82, 0xCBC,
    0xCBE, 0xCBF, 0xCC0, 0xCC1, 0xCC2, 0xCC3, 0xCC6, 0xCC7, 0xCCA, 0xCCC,
    0xCD5, 0xCE2, 0xCF3, 0xD00, 0xD02, 0xD3B, 0xD3E, 0xD3F, 0xD41, 0xD46,
    0xD4A, 0xD4D, 0xD4E, 0xD57, 0xD62, 0xD81, 0xD82, 0xDCA, 0xDCF, 0xDD0,
    0xDD2, 0xDD6, 0xDD8, 0xDDF, 0xDF2, 0xE31, 0xE33, 0xE34, 0xE47, 0xEB1,
    0xEB3, 0xEB4, 0xEC8, 0xF18, 0xF35, 0xF37, 0xF39, 0xF3E, 0xF71, 0xF7F,
    0xF80, 0xF86, 0xF8D, 0xF99, 0xFC6, 0x102D, 0x1031, 0x1032, 0x1039, 0x103B,
    0x103D, 0x1056, 0x1058, 0x105E, 0x1071, 0x1082, 0x1084, 0x1085, 0x108D, 0x109D,
    0x1100, 0x1160, 0x11A8, 0x135D, 0x1712, 0x1715, 0x1732, 0x1734, 0x1752, 0x1772,
    0x17B4, 0x17B6, 0x17B7, 0x17BE, 0x17C6, 0x17C7, 0x17C9, 0x17DD, 0x180B, 0x180E,
    0x180F, 0x1885, 0x18A9, 0x1920, 0x1923, 0x1927, 0x1929, 0x1930, 0x1932, 0x1933,
    0x1939, 0x1A17, 0x1A19, 0x1A1B, 0x1A55, 0x1A56, 0x1A57, 0x1A58, 0x1A60, 0x1A62,
    0x1A65, 0x1A6D, 0x1A73, 0x1A7F, 0x1AB0, 0x1ABE, 0x1ABF, 0x1B00, 0x1B04, 0x1B34,
    0x1B35, 0x1B36, 0x1B3B, 0x1B3C, 0x1B3D, 0x1B3E, 0x1B42, 0x1B43, 0x1B6B, 0x1B80,
    0x1B82, 0x1BA1, 0x1BA2, 0x1BA6, 0x1BA8, 0x1BAA, 0x1BAB, 0x1BE6, 0x1BE7, 0x1BE8,
    0x1BEA, 0x1BED, 0x1BEE, 0x1BEF, 0x1BF2, 0x1C24, 0x1C2C, 0x1C34, 0x1C36, 0x1CD0,
    0x1CD4, 0x1CE1, 0x1CE2, 0x1CED, 0x1CF4, 0x1CF7, 0x1CF8, 0x1DC0, 0x200B, 0x200C,
    0x200D, 0x200E, 0x2028, 0x2029, 0x202A, 0x2060, 0x2065, 0x2066, 0x20D0, 0x20DD,
    0x20E1, 0x20E2, 0x20E5, 0x2CEF, 0x2D7F, 0x2DE0, 0x302A, 0x302E, 0x3099, 0xA66F,
    0xA670, 0xA674, 0xA69E, 0xA6F0, 0xA802, 0xA806, 0xA80B, 0xA823, 0xA825, 0xA827,
    0xA82C, 0xA880, 0xA8B4, 0xA8C4, 0xA8E0, 0xA8FF, 0xA926, 0xA947, 0xA952, 0xA953,
    0xA960, 0xA980, 0xA983, 0xA9B3, 0xA9B4, 0xA9B6, 0xA9BA, 0xA9BC, 0xA9BE, 0xA9C0,
    0xA9E5, 0xAA29, 0xAA2F, 0xAA31, 0xAA33, 0xAA35, 0xAA43, 0xAA4C, 0xAA4D, 0xAA7C,
    0xAAB0, 0xAAB2, 0xAAB7, 0xAABE, 0xAAC1, 0xAAEB, 0xAAEC, 0xAAEE, 0xAAF5, 0xAAF6,
    0xABE3, 0xABE5, 0xABE6, 0xABE8, 0xABE9, 0xABEC, 0xABED, 0xAC00, 0xAC01, 0xAC1C,
    0xAC1D, 0xAC38, 0xAC39, 0xAC54, 0xAC55, 0xAC70, 0xAC71, 0xAC8C, 0xAC8D, 0xACA8,
    0xACA9, 0xACC4, 0xACC5, 0xACE0, 0xACE1, 0xACFC, 0xACFD, 0xAD18, 0xAD19, 0xAD34,
    0xAD35, 0xAD50, 0xAD51, 0xAD6C, 0xAD6D, 0xAD88, 0xAD89, 0xADA4, 0xADA5, 0xADC0,
    0xADC1, 0xADDC, 0xADDD, 0xADF8, 0xADF9, 0xAE14, 0xAE15, 0xAE30, 0xAE31, 0xAE4C,
    0xAE4D, 0xAE68, 0xAE69, 0xAE84, 0xAE85, 0xAEA0, 0xAEA1, 0xAEBC, 0xAEBD, 0xAED8,
    0xAED9, 0xAEF4, 0xAEF5, 0xAF10, 0xAF11, 0xAF2C, 0xAF2D, 0xAF48, 0xAF49, 0xAF64,
    0xAF65, 0xAF80, 0xAF81, 0xAF9C, 0xAF9D, 0xAFB8, 0xAFB9, 0xAFD4, 0xAFD5, 0xAFF0,
    0xAFF1, 0xB00C, 0xB00D, 0xB028, 0xB029, 0xB044, 0xB045, 0xB060, 0xB061, 0xB07C,
    0xB07D, 0xB098, 0xB099, 0xB0B4, 0xB0B5, 0xB0D0, 0xB0D1, 0xB0EC, 0xB0ED, 0xB108,
    0xB109, 0xB124, 0xB125, 0xB140, 0xB141, 0xB15C, 0xB15D, 0xB178, 0xB179, 0xB194,
    0xB195, 0xB1B0, 0xB1B1, 0xB1CC, 0xB1CD, 0xB1E8, 0xB1E9, 0xB204, 0xB205, 0xB220,
    0xB221, 0xB23C, 0xB23D, 0xB258, 0xB259, 0xB274, 0xB275, 0xB290, 0xB291, 0xB2AC,
    0xB2AD, 0xB2C8, 0xB2C9, 0xB2E4, 0xB2E5, 0xB300, 0xB301, 0xB31C, 0xB31D, 0xB338,
    0xB339, 0xB354, 0xB355, 0xB370, 0xB371, 0xB38C, 0xB38D, 0xB3A8, 0xB3A9, 0xB3C4,
    0xB3C5, 0xB3E0, 0xB3E1, 0xB3FC, 0xB3FD, 0xB418, 0xB419, 0xB434, 0xB435, 0xB450,
    0xB451, 0xB46C, 0xB46D, 0xB488, 0xB489, 0xB4A4, 0xB4A5, 0xB4C0, 0xB4C1, 0xB4DC,
    0xB4DD, 0xB4F8, 0xB4F9, 0xB514, 0xB515, 0xB530, 0xB531, 0xB54C, 0xB54D, 0xB568,
    0xB569, 0xB584, 0xB585, 0xB5A0, 0xB5A1, 0xB5BC, 0xB5BD, 0xB5D8, 0xB5D9, 0xB5F4,
    0xB5F5, 0xB610, 0xB611, 0xB62C, 0xB62D, 0xB648, 0xB649, 0xB664, 0xB665, 0xB680,
    0xB681, 0xB69C, 0xB69D, 0xB6B8, 0xB6B9, 0xB6D4, 0xB6D5, 0xB6F0, 0xB6F1, 0xB70C,
    0xB70D, 0xB728, 0xB729, 0xB744, 0xB745, 0xB760, 0xB761, 0xB77C, 0xB77D, 0xB798,
    0xB799, 0xB7B4, 0xB7B5, 0xB7D0, 0xB7D1, 0xB7EC, 0xB7ED, 0xB808, 0xB809, 0xB824,
    0xB825, 0xB840, 0xB841, 0xB85C, 0xB85D, 0xB878, 0xB879, 0xB894, 0xB895, 0xB8B0,
    0xB8B1, 0xB8CC, 0xB8CD, 0xB8E8, 0xB8E9, 0xB904, 0xB905, 0xB920, 0xB921, 0xB93C,
    0xB93D, 0xB958, 0xB959, 0xB974, 0xB975, 0xB990, 0xB991, 0xB9AC, 0xB9AD, 0xB9C8,
    0xB9C9, 0xB9E4, 0xB9E5, 0xBA00, 0xBA01, 0xBA1C, 0xBA1D, 0xBA38, 0xBA39, 0xBA54,
    0xBA55, 0xBA70, 0xBA71, 0xBA8C, 0xBA8D, 0xBAA8, 0xBAA9, 0xBAC4, 0xBAC5, 0xBAE0,
    0xBAE1, 0xBAFC, 0xBAFD, 0xBB18, 0xBB19, 0xBB34, 0xBB35, 0xBB50, 0xBB51, 0xBB6C,
    0xBB6D, 0xBB88, 0xBB89, 0xBBA4, 0xBBA5, 0xBBC0, 0xBBC1, 0xBBDC, 0xBBDD, 0xBBF8,
    0xBBF9, 0xBC14, 0xBC15, 0xBC30, 0xBC31, 0xBC4C, 0xBC4D, 0xBC68, 0xBC69, 0xBC84,
    0xBC85, 0xBCA0, 0xBCA1, 0xBCBC, 0xBCBD, 0xBCD8, 0xBCD9, 0xBCF4, 0xBCF5, 0xBD10,
    0xBD11, 0xBD2C, 0xBD2D, 0xBD48, 0xBD49, 0xBD64, 0xBD65, 0xBD80, 0xBD81, 0xBD9C,
    0xBD9D, 0xBDB8, 0xBDB9, 0xBDD4, 0xBDD5, 0xBDF0, 0xBDF1, 0xBE0C, 0xBE0D, 0xBE28,
    0xBE29, 0xBE44, 0xBE45, 0xBE60, 0xBE61, 0xBE7C, 0xBE7D, 0xBE98, 0xBE99, 0xBEB4,
    0xBEB5, 0xBED0, 0xBED1, 0xBEEC, 0xBEED, 0xBF08, 0xBF09, 0xBF24, 0xBF25, 0xBF40,
    0xBF41, 0xBF5C, 0xBF5D, 0xBF78, 0xBF79, 0xBF94, 0xBF95, 0xBFB0, 0xBFB1, 0xBFCC,
    0xBFCD, 0xBFE8, 0xBFE9, 0xC004, 0xC005, 0xC020, 0xC021, 0xC03C, 0xC03D, 0xC058,
    0xC059, 0xC074, 0xC075, 0xC090, 0xC091, 0xC0AC, 0xC0AD, 0xC0C8, 0xC0C9, 0xC0E4,
    0xC0E5, 0xC100, 0xC101, 0xC11C, 0xC11D, 0xC138, 0xC139, 0xC154, 0xC155, 0xC170,
    0xC171, 0xC18C, 0xC18D, 0xC1A8, 0xC1A9, 0xC1C4, 0xC1C5, 0xC1E0, 0xC1E1, 0xC1FC,
    0xC1FD, 0xC218, 0xC219, 0xC234, 0xC235, 0xC250, 0xC251, 0xC26C, 0xC26D, 0xC288,
    0xC289, 0xC2A4, 0xC2A5, 0xC2C0, 0xC2C1, 0xC2DC, 0xC2DD, 0xC2F8, 0xC2F9, 0xC314,
    0xC315, 0xC330, 0xC331, 0xC34C, 0xC34D, 0xC368, 0xC369, 0xC384, 0xC385, 0xC3A0,
    0xC3A1, 0xC3BC, 0xC3BD, 0xC3D8, 0xC3D9, 0xC3F4, 0xC3F5, 0xC410, 0xC411, 0xC42C,
    0xC42D, 0xC448, 0xC449, 0xC464, 0xC465, 0xC480, 0xC481, 0xC49C, 0xC49D, 0xC4B8,
    0xC4B9, 0xC4D4, 0xC4D5, 0xC4F0, 0xC4F1, 0xC50C, 0xC50D, 0xC528, 0xC529, 0xC544,
    0xC545, 0xC560, 0xC561, 0xC57C, 0xC57D, 0xC598, 0xC599, 0xC5B4, 0xC5B5, 0xC5D0,
    0xC5D1, 0xC5EC, 0xC5ED, 0xC608, 0xC609, 0xC624, 0xC625, 0xC640, 0xC641, 0xC65C,
    0xC65D, 0xC678, 0xC679, 0xC694, 0xC695, 0xC6B0, 0xC6B1, 0xC6CC, 0xC6CD, 0xC6E8,
    0xC6E9, 0xC704, 0xC705, 0xC720, 0xC721, 0xC73C, 0xC73D, 0xC758, 0xC759, 0xC774,
    0xC775, 0xC790, 0xC791, 0xC7AC, 0xC7AD, 0xC7C8, 0xC7C9, 0xC7E4, 0xC7E5, 0xC800,
    0xC801, 0xC81C, 0xC81D, 0xC838, 0xC839, 0xC854, 0xC855, 0xC870, 0xC871, 0xC88C,
    0xC88D, 0xC8A8, 0xC8A9, 0xC8C4, 0xC8C5, 0xC8E0, 0xC8E1, 0xC8FC, 0xC8FD, 0xC918,
    0xC919, 0xC934, 0xC935, 0xC950, 0xC951, 0xC96C, 0xC96D, 0xC988, 0xC989, 0xC9A4,
    0xC9A5, 0xC9C0, 0xC9C1, 0xC9DC, 0xC9DD, 0xC9F8, 0xC9F9, 0xCA14, 0xCA15, 0xCA30,
    0xCA31, 0xCA4C, 0xCA4D, 0xCA68, 0xCA69, 0xCA84, 0xCA85, 0xCAA0, 0xCAA1, 0xCABC,
    0xCABD, 0xCAD8, 0xCAD9, 0xCAF4, 0xCAF5, 0xCB10, 0xCB11, 0xCB2C, 0xCB2D, 0xCB48,
    0xCB49, 0xCB64, 0xCB65, 0xCB80, 0xCB81, 0xCB9C, 0xCB9D, 0xCBB8, 0xCBB9, 0xCBD4,
    0xCBD5, 0xCBF0, 0xCBF1, 0xCC0C, 0xCC0D, 0xCC28, 0xCC29, 0xCC44, 0xCC45, 0xCC60,
    0xCC61, 0xCC7C, 0xCC7D, 0xCC98, 0xCC99, 0xCCB4, 0xCCB5, 0xCCD0, 0xCCD1, 0xCCEC,
    0xCCED, 0xCD08, 0xCD09, 0xCD24, 0xCD25, 0xCD40, 0xCD41, 0xCD5C, 0xCD5D, 0xCD78,
    0xCD79, 0xCD94, 0xCD95, 0xCDB0, 0xCDB1, 0xCDCC, 0xCDCD, 0xCDE8, 0xCDE9, 0xCE04,
    0xCE05, 0xCE20, 0xCE21, 0xCE3C, 0xCE3D, 0xCE58, 0xCE59, 0xCE74, 0xCE75, 0xCE90,
    0xCE91, 0xCEAC, 0xCEAD, 0xCEC8, 0xCEC9, 0xCEE4, 0xCEE5, 0xCF00, 0xCF01, 0xCF1C,
    0xCF1D, 0xCF38, 0xCF39, 0xCF54, 0xCF55, 0xCF70, 0xCF71, 0xCF8C, 0xCF8D, 0xCFA8,
    0xCFA9, 0xCFC4, 0xCFC5, 0xCFE0, 0xCFE1, 0xCFFC, 0xCFFD, 0xD018, 0xD019, 0xD034,
    0xD035, 0xD050, 0xD051, 0xD06C, 0xD06D, 0xD088, 0xD089, 0xD0A4, 0xD0A5, 0xD0C0,
    0xD0C1, 0xD0DC, 0xD0DD, 0xD0F8, 0xD0F9, 0xD114, 0xD115, 0xD130, 0xD131, 0xD14C,
    0xD14D, 0xD168, 0xD169, 0xD184, 0xD185, 0xD1A0, 0xD1A1, 0xD1BC, 0xD1BD, 0xD1D8,
    0xD1D9, 0xD1F4, 0xD1F5, 0xD210, 0xD211, 0xD22C, 0xD22D, 0xD248, 0xD249, 0xD264,
    0xD265, 0xD280, 0xD281, 0xD29C, 0xD29D, 0xD2B8, 0xD2B9, 0xD2D4, 0xD2D5, 0xD2F0,
    0xD2F1, 0xD30C, 0xD30D, 0xD328, 0xD329, 0xD344, 0xD345, 0xD360, 0xD361, 0xD37C,
    0xD37D, 0xD398, 0xD399, 0xD3B4, 0xD3B5, 0xD3D0, 0xD3D1, 0xD3EC, 0xD3ED, 0xD408,
    0xD409, 0xD424, 0xD425, 0xD440, 0xD441, 0xD45C, 0xD45D, 0xD478, 0xD479, 0xD494,
    0xD495, 0xD4B0, 0xD4B1, 0xD4CC, 0xD4CD, 0xD4E8, 0xD4E9, 0xD504, 0xD505, 0xD520,
    0xD521, 0xD53C, 0xD53D, 0xD558, 0xD559, 0xD574, 0xD575, 0xD590, 0xD591, 0xD5AC,
    0xD5AD, 0xD5C8, 0xD5C9, 0xD5E4, 0xD5E5, 0xD600, 0xD601, 0xD61C, 0xD61D, 0xD638,
    0xD639, 0xD654, 0xD655, 0xD670, 0xD671, 0xD68C, 0xD68D, 0xD6A8, 0xD6A9, 0xD6C4,
    0xD6C5, 0xD6E0, 0xD6E1, 0xD6FC, 0xD6FD, 0xD718, 0xD719, 0xD734, 0xD735, 0xD750,
    0xD751, 0xD76C, 0xD76D, 0xD788, 0xD789, 0xD7B0, 0xD7CB, 0xFB1E, 0xFE00, 0xFE20,
    0xFEFF, 0xFF9E, 0xFFF0, 0xFFF9, 0x101FD, 0x102E0, 0x10376, 0x10A01, 0x10A05, 0x10A0C,
    0x10A38, 0x10A3F, 0x10AE5, 0x10D24, 0x10D69, 0x10EAB, 0x10EFC, 0x10F46, 0x10F82, 0x11000,
    0x11001, 0x11002, 0x11038, 0x11070, 0x11073, 0x1107F, 0x11082, 0x110B0, 0x110B3, 0x110B7,
    0x110B9, 0x110BD, 0x110C2, 0x110CD, 0x11100, 0x11127, 0x1112C, 0x1112D, 0x11145, 0x11173,
    0x11180, 0x11182, 0x111B3, 0x111B6, 0x111BF, 0x111C0, 0x111C2, 0x111C9, 0x111CE, 0x111CF,
    0x1122C, 0x1122F, 0x11232, 0x11234, 0x11235, 0x11236, 0x1123E, 0x11241, 0x112DF, 0x112E0,
    0x112E3, 0x11300, 0x11302, 0x1133B, 0x1133E, 0x1133F, 0x11340, 0x11341, 0x11347, 0x1134B,
    0x1134D, 0x11357, 0x11362, 0x11366, 0x11370, 0x113B8, 0x113B9, 0x113BB, 0x113C2, 0x113C5,
    0x113C7, 0x113CA, 0x113CC, 0x113CE, 0x113CF, 0x113D0, 0x113D1, 0x113D2, 0x113E1, 0x11435,
    0x11438, 0x11440, 0x11442, 0x11445, 0x11446, 0x1145E, 0x114B0, 0x114B1, 0x114B3, 0x114B9,
    0x114BA, 0x114BB, 0x114BD, 0x114BE, 0x114BF, 0x114C1, 0x114C2, 0x115AF, 0x115B0, 0x115B2,
    0x115B8, 0x115BC, 0x115BE, 0x115BF, 0x115DC, 0x11630, 0x11633, 0x1163B, 0x1163D, 0x1163E,
    0x1163F, 0x116AB, 0x116AC, 0x116AD, 0x116AE, 0x116B0, 0x116B6, 0x116B7, 0x1171D, 0x1171E,
    0x1171F, 0x11722, 0x11726, 0x11727, 0x1182C, 0x1182F, 0x11838, 0x11839, 0x11930, 0x11931,
    0x11937, 0x1193B, 0x1193D, 0x1193E, 0x1193F, 0x11940, 0x11941, 0x11942, 0x11943, 0x119D1,
    0x119D4, 0x119DA, 0x119DC, 0x119E0, 0x119E4, 0x11A01, 0x11A33, 0x11A39, 0x11A3A, 0x11A3B,
    0x11A47, 0x11A51, 0x11A57, 0x11A59, 0x11A84, 0x11A8A, 0x11A97, 0x11A98, 0x11C2F, 0x11C30,
    0x11C38, 0x11C3E, 0x11C3F, 0x11C92, 0x11CA9, 0x11CAA, 0x11CB1, 0x11CB2, 0x11CB4, 0x11CB5,
    0x11D31, 0x11D3A, 0x11D3C, 0x11D3F, 0x11D46, 0x11D47, 0x11D8A, 0x11D90, 0x11D93, 0x11D95,
    0x11D96, 0x11D97, 0x11EF3, 0x11EF5, 0x11F00, 0x11F02, 0x11F03, 0x11F34, 0x11F36, 0x11F3E,
    0x11F40, 0x11F41, 0x11F42, 0x11F5A, 0x13430, 0x13440, 0x13447, 0x1611E, 0x1612A, 0x1612D,
    0x16AF0, 0x16B30, 0x16D63, 0x16D67, 0x16F4F, 0x16F51, 0x16F8F, 0x16FE4, 0x16FF0, 0x1BC9D,
    0x1BCA0, 0x1CF00, 0x1CF30, 0x1D165, 0x1D167, 0x1D16D, 0x1D173, 0x1D17B, 0x1D185, 0x1D1AA,
    0x1D242, 0x1DA00, 0x1DA3B, 0x1DA75, 0x1DA84, 0x1DA9B, 0x1DAA1, 0x1E000, 0x1E008, 0x1E01B,
    0x1E023, 0x1E026, 0x1E08F, 0x1E130, 0x1E2AE, 0x1E2EC, 0x1E4EC, 0x1E5EE, 0x1E8D0, 0x1E944,
    0x1F1E6, 0x1F3FB, 0xE0000, 0xE0001, 0xE0002, 0xE0020, 0xE0080, 0xE0100, 0xE01F0,
};

static const uint32_t un_gcb_hi[1419] = {
    0x9, 0xA, 0xC, 0xD, 0x1F, 0x9F, 0xAD, 0x36F, 0x487, 0x489,
    0x5BD, 0x5BF, 0x5C2, 0x5C5, 0x5C7, 0x605, 0x61A, 0x61C, 0x65F, 0x670,
    0x6DC, 0x6DD, 0x6E4, 0x6E8, 0x6ED, 0x70F, 0x711, 0x74A, 0x7B0, 0x7F3,
    0x7FD, 0x819, 0x823, 0x827, 0x82D, 0x85B, 0x891, 0x89F, 0x8E1, 0x8E2,
    0x902, 0x903, 0x93A, 0x93B, 0x93C, 0x940, 0x948, 0x94C, 0x94D, 0x94F,
    0x957, 0x963, 0x981, 0x983, 0x9BC, 0x9BE, 0x9C0, 0x9C4, 0x9C8, 0x9CC,
    0x9CD, 0x9D7, 0x9E3, 0x9FE, 0xA02, 0xA03, 0xA3C, 0xA40, 0xA42, 0xA48,
    0xA4D, 0xA51, 0xA71, 0xA75, 0xA82, 0xA83, 0xABC, 0xAC0, 0xAC5, 0xAC8,
    0xAC9, 0xACC, 0xACD, 0xAE3, 0xAFF, 0xB01, 0xB03, 0xB3C, 0xB3E, 0xB3F,
    0xB40, 0xB44, 0xB48, 0xB4C, 0xB4D, 0xB56, 0xB57, 0xB63, 0xB82, 0xBBE,
    0xBBF, 0xBC0, 0xBC2, 0xBC8, 0xBCC, 0xBCD, 0xBD7, 0xC00, 0xC03, 0xC04,
    0xC3C, 0xC40, 0xC44, 0xC48, 0xC4D, 0xC56, 0xC63, 0xC81, 0xC83, 0xCBC,
    0xCBE, 0xCBF, 0xCC0, 0xCC1, 0xCC2, 0xCC4, 0xCC6, 0xCC8, 0xCCB, 0xCCD,
    0xCD6, 0xCE3, 0xCF3, 0xD01, 0xD03, 0xD3C, 0xD3E, 0xD40, 0xD44, 0xD48,
    0xD4C, 0xD4D, 0xD4E, 0xD57, 0xD63, 0xD81, 0xD83, 0xDCA, 0xDCF, 0xDD1,
    0xDD4, 0xDD6, 0xDDE, 0xDDF, 0xDF3, 0xE31, 0xE33, 0xE3A, 0xE4E, 0xEB1,
    0xEB3, 0xEBC, 0xECE, 0xF19, 0xF35, 0xF37, 0xF39, 0xF3F, 0xF7E, 0xF7F,
    0xF84, 0xF87, 0xF97, 0xFBC, 0xFC6, 0x1030, 0x1031, 0x1037, 0x103A, 0x103C,
    0x103E, 0x1057, 0x1059, 0x1060, 0x1074, 0x1082, 0x1084, 0x1086, 0x108D, 0x109D,
    0x115F, 0x11A7, 0x11FF, 0x135F, 0x1714, 0x1715, 0x1733, 0x1734, 0x1753, 0x1773,
    0x17B5, 0x17B6, 0x17BD, 0x17C5, 0x17C6, 0x17C8, 0x17D3, 0x17DD, 0x180D, 0x180E,
    0x180F, 0x1886, 0x18A9, 0x1922, 0x1926, 0x1928, 0x192B, 0x1931, 0x1932, 0x1938,
    0x193B, 0x1A18, 0x1A1A, 0x1A1B, 0x1A55, 0x1A56, 0x1A57, 0x1A5E, 0x1A60, 0x1A62,
    0x1A6C, 0x1A72, 0x1A7C, 0x1A7F, 0x1ABD, 0x1ABE, 0x1ACE, 0x1B03, 0x1B04, 0x1B34,
    0x1B35, 0x1B3A, 0x1B3B, 0x1B3C, 0x1B3D, 0x1B41, 0x1B42, 0x1B44, 0x1B73, 0x1B81,
    0x1B82, 0x1BA1, 0x1BA5, 0x1BA7, 0x1BA9, 0x1BAA, 0x1BAD, 0x1BE6, 0x1BE7, 0x1BE9,
    0x1BEC, 0x1BED, 0x1BEE, 0x1BF1, 0x1BF3, 0x1C2B, 0x1C33, 0x1C35, 0x1C37, 0x1CD2,
    0x1CE0, 0x1CE1, 0x1CE8, 0x1CED, 0x1CF4, 0x1CF7, 0x1CF9, 0x1DFF, 0x200B, 0x200C,
    0x200D, 0x200F, 0x2028, 0x2029, 0x202E, 0x2064, 0x2065, 0x206F, 0x20DC, 0x20E0,
    0x20E1, 0x20E4, 0x20F0, 0x2CF1, 0x2D7F, 0x2DFF, 0x302D, 0x302F, 0x309A, 0xA66F,
    0xA672, 0xA67D, 0xA69F, 0xA6F1, 0xA802, 0xA806, 0xA80B, 0xA824, 0xA826, 0xA827,
    0xA82C, 0xA881, 0xA8C3, 0xA8C5, 0xA8F1, 0xA8FF, 0xA92D, 0xA951, 0xA952, 0xA953,
    0xA97C, 0xA982, 0xA983, 0xA9B3, 0xA9B5, 0xA9B9, 0xA9BB, 0xA9BD, 0xA9BF, 0xA9C0,
    0xA9E5, 0xAA2E, 0xAA30, 0xAA32, 0xAA34, 0xAA36, 0xAA43, 0xAA4C, 0xAA4D, 0xAA7C,
    0xAAB0, 0xAAB4, 0xAAB8, 0xAABF, 0xAAC1, 0xAAEB, 0xAAED, 0xAAEF, 0xAAF5, 0xAAF6,
    0xABE4, 0xABE5, 0xABE7, 0xABE8, 0xABEA, 0xABEC, 0xABED, 0xAC00, 0xAC1B, 0xAC1C,
    0xAC37, 0xAC38, 0xAC53, 0xAC54, 0xAC6F, 0xAC70, 0xAC8B, 0xAC8C, 0xACA7, 0xACA8,
    0xACC3, 0xACC4, 0xACDF, 0xACE0, 0xACFB, 0xACFC, 0xAD17, 0xAD18, 0xAD33, 0xAD34,
    0xAD4F, 0xAD50, 0xAD6B, 0xAD6C, 0xAD87, 0xAD88, 0xADA3, 0xADA4, 0xADBF, 0xADC0,
    0xADDB, 0xADDC, 0xADF7, 0xADF8, 0xAE13, 0xAE14, 0xAE2F, 0xAE30, 0xAE4B, 0xAE4C,
    0xAE67, 0xAE68, 0xAE83, 0xAE84, 0xAE9F, 0xAEA0, 0xAEBB, 0xAEBC, 0xAED7, 0xAED8,
    0xAEF3, 0xAEF4, 0xAF0F, 0xAF10, 0xAF2B, 0xAF2C, 0xAF47, 0xAF48, 0xAF63, 0xAF64,
    0xAF7F, 0xAF80, 0xAF9B, 0xAF9C, 0xAFB7, 0xAFB8, 0xAFD3, 0xAFD4, 0xAFEF, 0xAFF0,
    0xB00B, 0xB00C, 0xB027, 0xB028, 0xB043, 0xB044, 0xB05F, 0xB060, 0xB07B, 0xB07C,
    0xB097, 0xB098, 0xB0B3, 0xB0B4, 0xB0CF, 0xB0D0, 0xB0EB, 0xB0EC, 0xB107, 0xB108,
    0xB123, 0xB124, 0xB13F, 0xB140, 0xB15B, 0xB15C, 0xB177, 0xB178, 0xB193, 0xB194,
    0xB1AF, 0xB1B0, 0xB1CB, 0xB1CC, 0xB1E7, 0xB1E8, 0xB203, 0xB204, 0xB21F, 0xB220,
    0xB23B, 0xB23C, 0xB257, 0xB258, 0xB273, 0xB274, 0xB28F, 0xB290, 0xB2AB, 0xB2AC,
    0xB2C7, 0xB2C8, 0xB2E3, 0xB2E4, 0xB2FF, 0xB300, 0xB31B, 0xB31C, 0xB337, 0xB338,
    0xB353, 0xB354, 0xB36F, 0xB370, 0xB38B, 0xB38C, 0xB3A7, 0xB3A8, 0xB3C3, 0xB3C4,
    0xB3DF, 0xB3E0, 0xB3FB, 0xB3FC, 0xB417, 0xB418, 0xB433, 0xB434, 0xB44F, 0xB450,
    0xB46B, 0xB46C, 0xB487, 0xB488, 0xB4A3, 0xB4A4, 0xB4BF, 0xB4C0, 0xB4DB, 0xB4DC,
    0xB4F7, 0xB4F8, 0xB513, 0xB514, 0xB52F, 0xB530, 0xB54B, 0xB54C, 0xB567, 0xB568,
    0xB583, 0xB584, 0xB59F, 0xB5A0, 0xB5BB, 0xB5BC, 0xB5D7, 0xB5D8, 0xB5F3, 0xB5F4,
    0xB60F, 0xB610, 0xB62B, 0xB62C, 0xB647, 0xB648, 0xB663, 0xB664, 0xB67F, 0xB680,
    0xB69B, 0xB69C, 0xB6B7, 0xB6B8, 0xB6D3, 0xB6D4, 0xB6EF, 0xB6F0, 0xB70B, 0xB70C,
    0xB727, 0xB728, 0xB743, 0xB744, 0xB75F, 0xB760, 0xB77B, 0xB77C, 0xB797, 0xB798,
    0xB7B3, 0xB7B4, 0xB7CF, 0xB7D0, 0xB7EB, 0xB7EC, 0xB807, 0xB808, 0xB823, 0xB824,
    0xB83F, 0xB840, 0xB85B, 0xB85C, 0xB877, 0xB878, 0xB893, 0xB894, 0xB8AF, 0xB8B0,
    0xB8CB, 0xB8CC, 0xB8E7, 0xB8E8, 0xB903, 0xB904, 0xB91F, 0xB920, 0xB93B, 0xB93C,
    0xB957, 0xB958, 0xB973, 0xB974, 0xB98F, 0xB990, 0xB9AB, 0xB9AC, 0xB9C7, 0xB9C8,
    0xB9E3, 0xB9E4, 0xB9FF, 0xBA00, 0xBA1B, 0xBA1C, 0xBA37, 0xBA38, 0xBA53, 0xBA54,
    0xBA6F, 0xBA70, 0xBA8B, 0xBA8C, 0xBAA7, 0xBAA8, 0xBAC3, 0xBAC4, 0xBADF, 0xBAE0,
    0xBAFB, 0xBAFC, 0xBB17, 0xBB18, 0xBB33, 0xBB34, 0xBB4F, 0xBB50, 0xBB6B, 0xBB6C,
    0xBB87, 0xBB88, 0xBBA3, 0xBBA4, 0xBBBF, 0xBBC0, 0xBBDB, 0xBBDC, 0xBBF7, 0xBBF8,
    0xBC13, 0xBC14, 0xBC2F, 0xBC30, 0xBC4B, 0xBC4C, 0xBC67, 0xBC68, 0xBC83, 0xBC84,
    0xBC9F, 0xBCA0, 0xBCBB, 0xBCBC, 0xBCD7, 0xBCD8, 0xBCF3, 0xBCF4, 0xBD0F, 0xBD10,
    0xBD2B, 0xBD2C, 0xBD47, 0xBD48, 0xBD63, 0xBD64, 0xBD7F, 0xBD80, 0xBD9B, 0xBD9C,
    0xBDB7, 0xBDB8, 0xBDD3, 0xBDD4, 0xBDEF, 0xBDF0, 0xBE0B, 0xBE0C, 0xBE27, 0xBE28,
    0xBE43, 0xBE44, 0xBE5F, 0xBE60, 0xBE7B, 0xBE7C, 0xBE97, 0xBE98, 0xBEB3, 0xBEB4,
    0xBECF, 0xBED0, 0xBEEB, 0xBEEC, 0xBF07, 0xBF08, 0xBF23, 0xBF24, 0xBF3F, 0xBF40,
    0xBF5B, 0xBF5C, 0xBF77, 0xBF78, 0xBF93, 0xBF94, 0xBFAF, 0xBFB0, 0xBFCB, 0xBFCC,
    0xBFE7, 0xBFE8, 0xC003, 0xC004, 0xC01F, 0xC020, 0xC03B, 0xC03C, 0xC057, 0xC058,
    0xC073, 0xC074, 0xC08F, 0xC090, 0xC0AB, 0xC0AC, 0xC0C7, 0xC0C8, 0xC0E3, 0xC0E4,
    0xC0FF, 0xC100, 0xC11B, 0xC11C, 0xC137, 0xC138, 0xC153, 0xC154, 0xC16F, 0xC170,
    0xC18B, 0xC18C, 0xC1A7, 0xC1A8, 0xC1C3, 0xC1C4, 0xC1DF, 0xC1E0, 0xC1FB, 0xC1FC,
    0xC217, 0xC218, 0xC233, 0xC234, 0xC24F, 0xC250, 0xC26B, 0xC26C, 0xC287, 0xC288,
    0xC2A3, 0xC2A4, 0xC2BF, 0xC2C0, 0xC2DB, 0xC2DC, 0xC2F7, 0xC2F8, 0xC313, 0xC314,
    0xC32F, 0xC330, 0xC34B, 0xC34C, 0xC367, 0xC368, 0xC383, 0xC384, 0xC39F, 0xC3A0,
    0xC3BB, 0xC3BC, 0xC3D7, 0xC3D8, 0xC3F3, 0xC3F4, 0xC40F, 0xC410, 0xC42B, 0xC42C,
    0xC447, 0xC448, 0xC463, 0xC464, 0xC47F, 0xC480, 0xC49B, 0xC49C, 0xC4B7, 0xC4B8,
    0xC4D3, 0xC4D4, 0xC4EF, 0xC4F0, 0xC50B, 0xC50C, 0xC527, 0xC528, 0xC543, 0xC544,
    0xC55F, 0xC560, 0xC57B, 0xC57C, 0xC597, 0xC598, 0xC5B3, 0xC5B4, 0xC5CF, 0xC5D0,
    0xC5EB, 0xC5EC, 0xC607, 0xC608, 0xC623, 0xC624, 0xC63F, 0xC640, 0xC65B, 0xC65C,
    0xC677, 0xC678, 0xC693, 0xC694, 0xC6AF, 0xC6B0, 0xC6CB, 0xC6CC, 0xC6E7, 0xC6E8,
    0xC703, 0xC704, 0xC71F, 0xC720, 0xC73B, 0xC73C, 0xC757, 0xC758, 0xC773, 0xC774,
    0xC78F, 0xC790, 0xC7AB, 0xC7AC, 0xC7C7, 0xC7C8, 0xC7E3, 0xC7E4, 0xC7FF, 0xC800,
    0xC81B, 0xC81C, 0xC837, 0xC838, 0xC853, 0xC854, 0xC86F, 0xC870, 0xC88B, 0xC88C,
    0xC8A7, 0xC8A8, 0xC8C3, 0xC8C4, 0xC8DF, 0xC8E0, 0xC8FB, 0xC8FC, 0xC917, 0xC918,
    0xC933, 0xC934, 0xC94F, 0xC950, 0xC96B, 0xC96C, 0xC987, 0xC988, 0xC9A3, 0xC9A4,
    0xC9BF, 0xC9C0, 0xC9DB, 0xC9DC, 0xC9F7, 0xC9F8, 0xCA13, 0xCA14, 0xCA2F, 0xCA30,
    0xCA4B, 0xCA4C, 0xCA67, 0xCA68, 0xCA83, 0xCA84, 0xCA9F, 0xCAA0, 0xCABB, 0xCABC,
    0xCAD7, 0xCAD8, 0xCAF3, 0xCAF4, 0xCB0F, 0xCB10, 0xCB2B, 0xCB2C, 0xCB47, 0xCB48,
    0xCB63, 0xCB64, 0xCB7F, 0xCB80, 0xCB9B, 0xCB9C, 0xCBB7, 0xCBB8, 0xCBD3, 0xCBD4,
    0xCBEF, 0xCBF0, 0xCC0B, 0xCC0C, 0xCC27, 0xCC28, 0xCC43, 0xCC44, 0xCC5F, 0xCC60,
    0xCC7B, 0xCC7C, 0xCC97, 0xCC98, 0xCCB3, 0xCCB4, 0xCCCF, 0xCCD0, 0xCCEB, 0xCCEC,
    0xCD07, 0xCD08, 0xCD23, 0xCD24, 0xCD3F, 0xCD40, 0xCD5B, 0xCD5C, 0xCD77, 0xCD78,
    0xCD93, 0xCD94, 0xCDAF, 0xCDB0, 0xCDCB, 0xCDCC, 0xCDE7, 0xCDE8, 0xCE03, 0xCE04,
    0xCE1F, 0xCE20, 0xCE3B, 0xCE3C, 0xCE57, 0xCE58, 0xCE73, 0xCE74, 0xCE8F, 0xCE90,
    0xCEAB, 0xCEAC, 0xCEC7, 0xCEC8, 0xCEE3, 0xCEE4, 0xCEFF, 0xCF00, 0xCF1B, 0xCF1C,
    0xCF37, 0xCF38, 0xCF53, 0xCF54, 0xCF6F, 0xCF70, 0xCF8B, 0xCF8C, 0xCFA7, 0xCFA8,
    0xCFC3, 0xCFC4, 0xCFDF, 0xCFE0, 0xCFFB, 0xCFFC, 0xD017, 0xD018, 0xD033, 0xD034,
    0xD04F, 0xD050, 0xD06B, 0xD06C, 0xD087, 0xD088, 0xD0A3, 0xD0A4, 0xD0BF, 0xD0C0,
    0xD0DB, 0xD0DC, 0xD0F7, 0xD0F8, 0xD113, 0xD114, 0xD12F, 0xD130, 0xD14B, 0xD14C,
    0xD167, 0xD168, 0xD183, 0xD184, 0xD19F, 0xD1A0, 0xD1BB, 0xD1BC, 0xD1D7, 0xD1D8,
    0xD1F3, 0xD1F4, 0xD20F, 0xD210, 0xD22B, 0xD22C, 0xD247, 0xD248, 0xD263, 0xD264,
    0xD27F, 0xD280, 0xD29B, 0xD29C, 0xD2B7, 0xD2B8, 0xD2D3, 0xD2D4, 0xD2EF, 0xD2F0,
    0xD30B, 0xD30C, 0xD327, 0xD328, 0xD343, 0xD344, 0xD35F, 0xD360, 0xD37B, 0xD37C,
    0xD397, 0xD398, 0xD3B3, 0xD3B4, 0xD3CF, 0xD3D0, 0xD3EB, 0xD3EC, 0xD407, 0xD408,
    0xD423, 0xD424, 0xD43F, 0xD440, 0xD45B, 0xD45C, 0xD477, 0xD478, 0xD493, 0xD494,
    0xD4AF, 0xD4B0, 0xD4CB, 0xD4CC, 0xD4E7, 0xD4E8, 0xD503, 0xD504, 0xD51F, 0xD520,
    0xD53B, 0xD53C, 0xD557, 0xD558, 0xD573, 0xD574, 0xD58F, 0xD590, 0xD5AB, 0xD5AC,
    0xD5C7, 0xD5C8, 0xD5E3, 0xD5E4, 0xD5FF, 0xD600, 0xD61B, 0xD61C, 0xD637, 0xD638,
    0xD653, 0xD654, 0xD66F, 0xD670, 0xD68B, 0xD68C, 0xD6A7, 0xD6A8, 0xD6C3, 0xD6C4,
    0xD6DF, 0xD6E0, 0xD6FB, 0xD6FC, 0xD717, 0xD718, 0xD733, 0xD734, 0xD74F, 0xD750,
    0xD76B, 0xD76C, 0xD787, 0xD788, 0xD7A3, 0xD7C6, 0xD7FB, 0xFB1E, 0xFE0F, 0xFE2F,
    0xFEFF, 0xFF9F, 0xFFF8, 0xFFFB, 0x101FD, 0x102E0, 0x1037A, 0x10A03, 0x10A06, 0x10A0F,
    0x10A3A, 0x10A3F, 0x10AE6, 0x10D27, 0x10D6D, 0x10EAC, 0x10EFF, 0x10F50, 0x10F85, 0x11000,
    0x11001, 0x11002, 0x11046, 0x11070, 0x11074, 0x11081, 0x11082, 0x110B2, 0x110B6, 0x110B8,
    0x110BA, 0x110BD, 0x110C2, 0x110CD, 0x11102, 0x1112B, 0x1112C, 0x11134, 0x11146, 0x11173,
    0x11181, 0x11182, 0x111B5, 0x111BE, 0x111BF, 0x111C0, 0x111C3, 0x111CC, 0x111CE, 0x111CF,
    0x1122E, 0x11231, 0x11233, 0x11234, 0x11235, 0x11237, 0x1123E, 0x11241, 0x112DF, 0x112E2,
    0x112EA, 0x11301, 0x11303, 0x1133C, 0x1133E, 0x1133F, 0x11340, 0x11344, 0x11348, 0x1134C,
    0x1134D, 0x11357, 0x11363, 0x1136C, 0x11374, 0x113B8, 0x113BA, 0x113C0, 0x113C2, 0x113C5,
    0x113C9, 0x113CA, 0x113CD, 0x113CE, 0x113CF, 0x113D0, 0x113D1, 0x113D2, 0x113E2, 0x11437,
    0x1143F, 0x11441, 0x11444, 0x11445, 0x11446, 0x1145E, 0x114B0, 0x114B2, 0x114B8, 0x114B9,
    0x114BA, 0x114BC, 0x114BD, 0x114BE, 0x114C0, 0x114C1, 0x114C3, 0x115AF, 0x115B1, 0x115B5,
    0x115BB, 0x115BD, 0x115BE, 0x115C0, 0x115DD, 0x11632, 0x1163A, 0x1163C, 0x1163D, 0x1163E,
    0x11640, 0x116AB, 0x116AC, 0x116AD, 0x116AF, 0x116B5, 0x116B6, 0x116B7, 0x1171D, 0x1171E,
    0x1171F, 0x11725, 0x11726, 0x1172B, 0x1182E, 0x11837, 0x11838, 0x1183A, 0x11930, 0x11935,
    0x11938, 0x1193C, 0x1193D, 0x1193E, 0x1193F, 0x11940, 0x11941, 0x11942, 0x11943, 0x119D3,
    0x119D7, 0x119DB, 0x119DF, 0x119E0, 0x119E4, 0x11A0A, 0x11A38, 0x11A39, 0x11A3A, 0x11A3E,
    0x11A47, 0x11A56, 0x11A58, 0x11A5B, 0x11A89, 0x11A96, 0x11A97, 0x11A99, 0x11C2F, 0x11C36,
    0x11C3D, 0x11C3E, 0x11C3F, 0x11CA7, 0x11CA9, 0x11CB0, 0x11CB1, 0x11CB3, 0x11CB4, 0x11CB6,
    0x11D36, 0x11D3A, 0x11D3D, 0x11D45, 0x11D46, 0x11D47, 0x11D8E, 0x11D91, 0x11D94, 0x11D95,
    0x11D96, 0x11D97, 0x11EF4, 0x11EF6, 0x11F01, 0x11F02, 0x11F03, 0x11F35, 0x11F3A, 0x11F3F,
    0x11F40, 0x11F41, 0x11F42, 0x11F5A, 0x1343F, 0x13440, 0x13455, 0x16129, 0x1612C, 0x1612F,
    0x16AF4, 0x16B36, 0x16D63, 0x16D6A, 0x16F4F, 0x16F87, 0x16F92, 0x16FE4, 0x16FF1, 0x1BC9E,
    0x1BCA3, 0x1CF2D, 0x1CF46, 0x1D166, 0x1D169, 0x1D172, 0x1D17A, 0x1D182, 0x1D18B, 0x1D1AD,
    0x1D244, 0x1DA36, 0x1DA6C, 0x1DA75, 0x1DA84, 0x1DA9F, 0x1DAAF, 0x1E006, 0x1E018, 0x1E021,
    0x1E024, 0x1E02A, 0x1E08F, 0x1E136, 0x1E2AE, 0x1E2EF, 0x1E4EF, 0x1E5EF, 0x1E8D6, 0x1E94A,
    0x1F1FF, 0x1F3FF, 0xE0000, 0xE0001, 0xE001F, 0xE007F, 0xE00FF, 0xE01EF, 0xE0FFF,
};

static const uint8_t un_gcb_cls[1419] = {
    3, 2, 3, 1, 3, 3, 3, 4, 4, 4, 4, 4, 4, 4, 4, 7, 4, 3, 4, 4,
    4, 7, 4, 4, 4, 7, 4, 4, 4, 4, 4, 4, 4, 4, 4, 4, 7, 4, 4, 7,
    4, 8, 4, 8, 4, 8, 4, 8, 4, 8, 4, 4, 4, 8, 4, 4, 8, 4, 8, 8,
    4, 4, 4, 4, 4, 8, 4, 8, 4, 4, 4, 4, 4, 4, 4, 8, 4, 8, 4, 4,
    8, 8, 4, 4, 4, 4, 8, 4, 4, 4, 8, 4, 8, 8, 4, 4, 4, 4, 4, 4,
    8, 4, 8, 8, 8, 4, 4, 4, 8, 4, 4, 4, 8, 4, 4, 4, 4, 4, 8, 4,
    8, 4, 4, 8, 4, 8, 4, 4, 4, 4, 4, 4, 8, 4, 8, 4, 4, 8, 4, 8,
    8, 4, 7, 4, 4, 4, 8, 4, 4, 8, 4, 4, 8, 4, 8, 4, 8, 4, 4, 4,
    8, 4, 4, 4, 4, 4, 4, 8, 4, 8, 4, 4, 4, 4, 4, 4, 8, 4, 4, 8,
    4, 8, 4, 4, 4, 4, 8, 4, 4, 4, 9, 10, 11, 4, 4, 4, 4, 4, 4, 4,
    4, 8, 4, 8, 4, 8, 4, 4, 4, 3, 4, 4, 4, 4, 8, 4, 8, 8, 4, 8,
    4, 4, 8, 4, 8, 4, 8, 4, 4, 4, 4, 8, 4, 4, 4, 4, 4, 4, 8, 4,
    4, 4, 4, 4, 4, 8, 4, 4, 4, 4, 8, 8, 4, 8, 4, 4, 4, 4, 8, 4,
    8, 4, 8, 4, 4, 8, 4, 8, 4, 4, 4, 8, 4, 4, 4, 8, 4, 4, 3, 4,
    5, 3, 3, 3, 3, 3, 3, 3, 4, 4, 4, 4, 4, 4, 4, 4, 4, 4, 4, 4,
    4, 4, 4, 4, 4, 4, 4, 8, 4, 8, 4, 8, 8, 4, 4, 4, 4, 4, 8, 4,
    9, 4, 8, 4, 8, 4, 8, 4, 8, 4, 4, 4, 8, 4, 8, 4, 4, 4, 8, 4,
    4, 4, 4, 4, 4, 8, 4, 8, 8, 4, 8, 4, 8, 4, 8, 8, 4, 12, 13, 12,
    13, 12, 13, 12, 13, 12, 13, 12, 13, 12, 13, 12, 13, 12, 13, 12, 13, 12, 13, 12,
    13, 12, 13, 12, 13, 12, 13, 12, 13, 12, 13, 12, 13, 12, 13, 12, 13, 12, 13, 12,
    13, 12, 13, 12, 13, 12, 13, 12, 13, 12, 13, 12, 13, 12, 13, 12, 13, 12, 13, 12,
    13, 12, 13, 12, 13, 12, 13, 12, 13, 12, 13, 12, 13, 12, 13, 12, 13, 12, 13, 12,
    13, 12, 13, 12, 13, 12, 13, 12, 13, 12, 13, 12, 13, 12, 13, 12, 13, 12, 13, 12,
    13, 12, 13, 12, 13, 12, 13, 12, 13, 12, 13, 12, 13, 12, 13, 12, 13, 12, 13, 12,
    13, 12, 13, 12, 13, 12, 13, 12, 13, 12, 13, 12, 13, 12, 13, 12, 13, 12, 13, 12,
    13, 12, 13, 12, 13, 12, 13, 12, 13, 12, 13, 12, 13, 12, 13, 12, 13, 12, 13, 12,
    13, 12, 13, 12, 13, 12, 13, 12, 13, 12, 13, 12, 13, 12, 13, 12, 13, 12, 13, 12,
    13, 12, 13, 12, 13, 12, 13, 12, 13, 12, 13, 12, 13, 12, 13, 12, 13, 12, 13, 12,
    13, 12, 13, 12, 13, 12, 13, 12, 13, 12, 13, 12, 13, 12, 13, 12, 13, 12, 13, 12,
    13, 12, 13, 12, 13, 12, 13, 12, 13, 12, 13, 12, 13, 12, 13, 12, 13, 12, 13, 12,
    13, 12, 13, 12, 13, 12, 13, 12, 13, 12, 13, 12, 13, 12, 13, 12, 13, 12, 13, 12,
    13, 12, 13, 12, 13, 12, 13, 12, 13, 12, 13, 12, 13, 12, 13, 12, 13, 12, 13, 12,
    13, 12, 13, 12, 13, 12, 13, 12, 13, 12, 13, 12, 13, 12, 13, 12, 13, 12, 13, 12,
    13, 12, 13, 12, 13, 12, 13, 12, 13, 12, 13, 12, 13, 12, 13, 12, 13, 12, 13, 12,
    13, 12, 13, 12, 13, 12, 13, 12, 13, 12, 13, 12, 13, 12, 13, 12, 13, 12, 13, 12,
    13, 12, 13, 12, 13, 12, 13, 12, 13, 12, 13, 12, 13, 12, 13, 12, 13, 12, 13, 12,
    13, 12, 13, 12, 13, 12, 13, 12, 13, 12, 13, 12, 13, 12, 13, 12, 13, 12, 13, 12,
    13, 12, 13, 12, 13, 12, 13, 12, 13, 12, 13, 12, 13, 12, 13, 12, 13, 12, 13, 12,
    13, 12, 13, 12, 13, 12, 13, 12, 13, 12, 13, 12, 13, 12, 13, 12, 13, 12, 13, 12,
    13, 12, 13, 12, 13, 12, 13, 12, 13, 12, 13, 12, 13, 12, 13, 12, 13, 12, 13, 12,
    13, 12, 13, 12, 13, 12, 13, 12, 13, 12, 13, 12, 13, 12, 13, 12, 13, 12, 13, 12,
    13, 12, 13, 12, 13, 12, 13, 12, 13, 12, 13, 12, 13, 12, 13, 12, 13, 12, 13, 12,
    13, 12, 13, 12, 13, 12, 13, 12, 13, 12, 13, 12, 13, 12, 13, 12, 13, 12, 13, 12,
    13, 12, 13, 12, 13, 12, 13, 12, 13, 12, 13, 12, 13, 12, 13, 12, 13, 12, 13, 12,
    13, 12, 13, 12, 13, 12, 13, 12, 13, 12, 13, 12, 13, 12, 13, 12, 13, 12, 13, 12,
    13, 12, 13, 12, 13, 12, 13, 12, 13, 12, 13, 12, 13, 12, 13, 12, 13, 12, 13, 12,
    13, 12, 13, 12, 13, 12, 13, 12, 13, 12, 13, 12, 13, 12, 13, 12, 13, 12, 13, 12,
    13, 12, 13, 12, 13, 12, 13, 12, 13, 12, 13, 12, 13, 12, 13, 12, 13, 12, 13, 12,
    13, 12, 13, 12, 13, 12, 13, 12, 13, 12, 13, 12, 13, 12, 13, 12, 13, 12, 13, 12,
    13, 12, 13, 12, 13, 12, 13, 12, 13, 12, 13, 12, 13, 12, 13, 12, 13, 12, 13, 12,
    13, 12, 13, 12, 13, 12, 13, 12, 13, 12, 13, 12, 13, 12, 13, 12, 13, 12, 13, 12,
    13, 12, 13, 12, 13, 12, 13, 12, 13, 12, 13, 12, 13, 12, 13, 12, 13, 12, 13, 12,
    13, 12, 13, 12, 13, 12, 13, 12, 13, 12, 13, 12, 13, 12, 13, 12, 13, 12, 13, 12,
    13, 12, 13, 12, 13, 12, 13, 12, 13, 12, 13, 12, 13, 12, 13, 12, 13, 12, 13, 12,
    13, 12, 13, 12, 13, 12, 13, 12, 13, 12, 13, 12, 13, 12, 13, 12, 13, 12, 13, 12,
    13, 12, 13, 12, 13, 12, 13, 12, 13, 12, 13, 12, 13, 12, 13, 12, 13, 12, 13, 12,
    13, 12, 13, 12, 13, 12, 13, 12, 13, 12, 13, 12, 13, 12, 13, 12, 13, 12, 13, 12,
    13, 12, 13, 12, 13, 12, 13, 12, 13, 12, 13, 12, 13, 12, 13, 10, 11, 4, 4, 4,
    3, 4, 3, 3, 4, 4, 4, 4, 4, 4, 4, 4, 4, 4, 4, 4, 4, 4, 4, 8,
    4, 8, 4, 4, 4, 4, 8, 8, 4, 8, 4, 7, 4, 7, 4, 4, 8, 4, 8, 4,
    4, 8, 8, 4, 8, 4, 7, 4, 8, 4, 8, 4, 8, 4, 4, 4, 4, 4, 4, 8,
    4, 4, 8, 4, 4, 8, 4, 8, 8, 8, 4, 4, 8, 4, 4, 4, 8, 4, 4, 4,
    4, 8, 8, 4, 4, 4, 7, 4, 4, 8, 4, 8, 4, 8, 4, 4, 4, 8, 4, 8,
    4, 8, 4, 8, 4, 8, 4, 4, 8, 4, 8, 4, 8, 4, 4, 8, 4, 8, 4, 8,
    4, 4, 8, 4, 8, 4, 4, 4, 4, 8, 4, 4, 8, 4, 8, 4, 8, 4, 4, 8,
    8, 4, 4, 4, 7, 8, 7, 8, 4, 8, 4, 4, 8, 4, 8, 4, 4, 8, 7, 4,
    4, 4, 8, 4, 7, 4, 8, 4, 8, 4, 4, 8, 4, 4, 8, 4, 8, 4, 8, 4,
    4, 4, 4, 4, 7, 4, 8, 4, 8, 4, 8, 4, 4, 8, 4, 7, 8, 8, 4, 8,
    4, 4, 4, 4, 3, 4, 4, 4, 8, 4, 4, 4, 10, 10, 4, 8, 4, 4, 4, 4,
    3, 4, 4, 4, 4, 4, 3, 4, 4, 4, 4, 4, 4, 4, 4, 4, 4, 4, 4, 4,
    4, 4, 4, 4, 4, 4, 4, 4, 4, 4, 6, 4, 3, 3, 3, 4, 3, 4, 3,
};

static const uint32_t un_extpic_lo[517] = {
    0xA9, 0xAE, 0x203C, 0x2049, 0x2122, 0x2139, 0x2194, 0x21A9, 0x231A, 0x2328,
    0x2388, 0x23CF, 0x23E9, 0x23ED, 0x23EF, 0x23F0, 0x23F1, 0x23F3, 0x23F8, 0x24C2,
    0x25AA, 0x25B6, 0x25C0, 0x25FB, 0x2600, 0x2602, 0x2604, 0x2605, 0x2607, 0x260E,
    0x260F, 0x2611, 0x2612, 0x2614, 0x2616, 0x2618, 0x2619, 0x261D, 0x261E, 0x2620,
    0x2621, 0x2622, 0x2624, 0x2626, 0x2627, 0x262A, 0x262B, 0x262E, 0x262F, 0x2630,
    0x2638, 0x263A, 0x263B, 0x2640, 0x2641, 0x2642, 0x2643, 0x2648, 0x2654, 0x265F,
    0x2660, 0x2661, 0x2663, 0x2664, 0x2665, 0x2667, 0x2668, 0x2669, 0x267B, 0x267C,
    0x267E, 0x267F, 0x2680, 0x2690, 0x2692, 0x2693, 0x2694, 0x2695, 0x2696, 0x2698,
    0x2699, 0x269A, 0x269B, 0x269D, 0x26A0, 0x26A2, 0x26A7, 0x26A8, 0x26AA, 0x26AC,
    0x26B0, 0x26B2, 0x26BD, 0x26BF, 0x26C4, 0x26C6, 0x26C8, 0x26C9, 0x26CE, 0x26CF,
    0x26D0, 0x26D1, 0x26D2, 0x26D3, 0x26D4, 0x26D5, 0x26E9, 0x26EA, 0x26EB, 0x26F0,
    0x26F2, 0x26F4, 0x26F5, 0x26F6, 0x26F7, 0x26FA, 0x26FB, 0x26FD, 0x26FE, 0x2702,
    0x2703, 0x2705, 0x2708, 0x270D, 0x270E, 0x270F, 0x2710, 0x2712, 0x2714, 0x2716,
    0x271D, 0x2721, 0x2728, 0x2733, 0x2744, 0x2747, 0x274C, 0x274E, 0x2753, 0x2757,
    0x2763, 0x2764, 0x2765, 0x2795, 0x27A1, 0x27B0, 0x27BF, 0x2934, 0x2B05, 0x2B1B,
    0x2B50, 0x2B55, 0x3030, 0x303D, 0x3297, 0x3299, 0x1F000, 0x1F004, 0x1F005, 0x1F0CF,
    0x1F0D0, 0x1F10D, 0x1F12F, 0x1F16C, 0x1F170, 0x1F17E, 0x1F18E, 0x1F191, 0x1F1AD, 0x1F201,
    0x1F203, 0x1F21A, 0x1F22F, 0x1F232, 0x1F23C, 0x1F249, 0x1F250, 0x1F252, 0x1F300, 0x1F30D,
    0x1F30F, 0x1F310, 0x1F311, 0x1F312, 0x1F313, 0x1F316, 0x1F319, 0x1F31A, 0x1F31B, 0x1F31C,
    0x1F31D, 0x1F31F, 0x1F321, 0x1F322, 0x1F324, 0x1F32D, 0x1F330, 0x1F332, 0x1F334, 0x1F336,
    0x1F337, 0x1F34B, 0x1F34C, 0x1F350, 0x1F351, 0x1F37C, 0x1F37D, 0x1F37E, 0x1F380, 0x1F394,
    0x1F396, 0x1F398, 0x1F399, 0x1F39C, 0x1F39E, 0x1F3A0, 0x1F3C5, 0x1F3C6, 0x1F3C7, 0x1F3C8,
    0x1F3C9, 0x1F3CA, 0x1F3CB, 0x1F3CF, 0x1F3D4, 0x1F3E0, 0x1F3E4, 0x1F3E5, 0x1F3F1, 0x1F3F3,
    0x1F3F4, 0x1F3F5, 0x1F3F6, 0x1F3F7, 0x1F3F8, 0x1F400, 0x1F408, 0x1F409, 0x1F40C, 0x1F40F,
    0x1F411, 0x1F413, 0x1F414, 0x1F415, 0x1F416, 0x1F417, 0x1F42A, 0x1F42B, 0x1F43F, 0x1F440,
    0x1F441, 0x1F442, 0x1F465, 0x1F466, 0x1F46C, 0x1F46E, 0x1F4AD, 0x1F4AE, 0x1F4B6, 0x1F4B8,
    0x1F4EC, 0x1F4EE, 0x1F4EF, 0x1F4F0, 0x1F4F5, 0x1F4F6, 0x1F4F8, 0x1F4F9, 0x1F4FD, 0x1F4FE,
    0x1F4FF, 0x1F503, 0x1F504, 0x1F508, 0x1F509, 0x1F50A, 0x1F515, 0x1F516, 0x1F52C, 0x1F52E,
    0x1F546, 0x1F549, 0x1F54B, 0x1F54F, 0x1F550, 0x1F55C, 0x1F568, 0x1F56F, 0x1F571, 0x1F573,
    0x1F57A, 0x1F57B, 0x1F587, 0x1F588, 0x1F58A, 0x1F58E, 0x1F590, 0x1F591, 0x1F595, 0x1F597,
    0x1F5A4, 0x1F5A5, 0x1F5A6, 0x1F5A8, 0x1F5A9, 0x1F5B1, 0x1F5B3, 0x1F5BC, 0x1F5BD, 0x1F5C2,
    0x1F5C5, 0x1F5D1, 0x1F5D4, 0x1F5DC, 0x1F5DF, 0x1F5E1, 0x1F5E2, 0x1F5E3, 0x1F5E4, 0x1F5E8,
    0x1F5E9, 0x1F5EF, 0x1F5F0, 0x1F5F3, 0x1F5F4, 0x1F5FA, 0x1F5FB, 0x1F600, 0x1F601, 0x1F607,
    0x1F609, 0x1F60E, 0x1F60F, 0x1F610, 0x1F611, 0x1F612, 0x1F615, 0x1F616, 0x1F617, 0x1F618,
    0x1F619, 0x1F61A, 0x1F61B, 0x1F61C, 0x1F61F, 0x1F620, 0x1F626, 0x1F628, 0x1F62C, 0x1F62D,
    0x1F62E, 0x1F630, 0x1F634, 0x1F635, 0x1F636, 0x1F637, 0x1F641, 0x1F645, 0x1F680, 0x1F681,
    0x1F683, 0x1F686, 0x1F687, 0x1F688, 0x1F689, 0x1F68A, 0x1F68C, 0x1F68D, 0x1F68E, 0x1F68F,
    0x1F690, 0x1F691, 0x1F694, 0x1F695, 0x1F696, 0x1F697, 0x1F698, 0x1F699, 0x1F69B, 0x1F6A2,
    0x1F6A3, 0x1F6A4, 0x1F6A6, 0x1F6A7, 0x1F6AE, 0x1F6B2, 0x1F6B3, 0x1F6B6, 0x1F6B7, 0x1F6B9,
    0x1F6BF, 0x1F6C0, 0x1F6C1, 0x1F6C6, 0x1F6CB, 0x1F6CC, 0x1F6CD, 0x1F6D0, 0x1F6D1, 0x1F6D3,
    0x1F6D5, 0x1F6D6, 0x1F6D8, 0x1F6DC, 0x1F6DD, 0x1F6E0, 0x1F6E6, 0x1F6E9, 0x1F6EA, 0x1F6EB,
    0x1F6ED, 0x1F6F0, 0x1F6F1, 0x1F6F3, 0x1F6F4, 0x1F6F7, 0x1F6F9, 0x1F6FA, 0x1F6FB, 0x1F6FD,
    0x1F774, 0x1F7D5, 0x1F7E0, 0x1F7EC, 0x1F7F0, 0x1F7F1, 0x1F80C, 0x1F848, 0x1F85A, 0x1F888,
    0x1F8AE, 0x1F90C, 0x1F90D, 0x1F910, 0x1F919, 0x1F91F, 0x1F920, 0x1F928, 0x1F930, 0x1F931,
    0x1F933, 0x1F93C, 0x1F93F, 0x1F940, 0x1F947, 0x1F94C, 0x1F94D, 0x1F950, 0x1F95F, 0x1F96C,
    0x1F971, 0x1F972, 0x1F973, 0x1F977, 0x1F979, 0x1F97A, 0x1F97B, 0x1F97C, 0x1F980, 0x1F985,
    0x1F992, 0x1F998, 0x1F9A3, 0x1F9A5, 0x1F9AB, 0x1F9AE, 0x1F9B0, 0x1F9BA, 0x1F9C0, 0x1F9C1,
    0x1F9C3, 0x1F9CB, 0x1F9CC, 0x1F9CD, 0x1F9D0, 0x1F9E7, 0x1FA00, 0x1FA70, 0x1FA74, 0x1FA75,
    0x1FA78, 0x1FA7B, 0x1FA7D, 0x1FA80, 0x1FA83, 0x1FA87, 0x1FA89, 0x1FA8A, 0x1FA8F, 0x1FA90,
    0x1FA96, 0x1FAA9, 0x1FAAD, 0x1FAB0, 0x1FAB7, 0x1FABB, 0x1FABE, 0x1FABF, 0x1FAC0, 0x1FAC3,
    0x1FAC6, 0x1FAC7, 0x1FACE, 0x1FAD0, 0x1FAD7, 0x1FADA, 0x1FADC, 0x1FADD, 0x1FADF, 0x1FAE0,
    0x1FAE8, 0x1FAE9, 0x1FAEA, 0x1FAF0, 0x1FAF7, 0x1FAF9, 0x1FC00,
};

static const uint32_t un_extpic_hi[517] = {
    0xA9, 0xAE, 0x203C, 0x2049, 0x2122, 0x2139, 0x2199, 0x21AA, 0x231B, 0x2328,
    0x2388, 0x23CF, 0x23EC, 0x23EE, 0x23EF, 0x23F0, 0x23F2, 0x23F3, 0x23FA, 0x24C2,
    0x25AB, 0x25B6, 0x25C0, 0x25FE, 0x2601, 0x2603, 0x2604, 0x2605, 0x260D, 0x260E,
    0x2610, 0x2611, 0x2612, 0x2615, 0x2617, 0x2618, 0x261C, 0x261D, 0x261F, 0x2620,
    0x2621, 0x2623, 0x2625, 0x2626, 0x2629, 0x262A, 0x262D, 0x262E, 0x262F, 0x2637,
    0x2639, 0x263A, 0x263F, 0x2640, 0x2641, 0x2642, 0x2647, 0x2653, 0x265E, 0x265F,
    0x2660, 0x2662, 0x2663, 0x2664, 0x2666, 0x2667, 0x2668, 0x267A, 0x267B, 0x267D,
    0x267E, 0x267F, 0x2685, 0x2691, 0x2692, 0x2693, 0x2694, 0x2695, 0x2697, 0x2698,
    0x2699, 0x269A, 0x269C, 0x269F, 0x26A1, 0x26A6, 0x26A7, 0x26A9, 0x26AB, 0x26AF,
    0x26B1, 0x26BC, 0x26BE, 0x26C3, 0x26C5, 0x26C7, 0x26C8, 0x26CD, 0x26CE, 0x26CF,
    0x26D0, 0x26D1, 0x26D2, 0x26D3, 0x26D4, 0x26E8, 0x26E9, 0x26EA, 0x26EF, 0x26F1,
    0x26F3, 0x26F4, 0x26F5, 0x26F6, 0x26F9, 0x26FA, 0x26FC, 0x26FD, 0x2701, 0x2702,
    0x2704, 0x2705, 0x270C, 0x270D, 0x270E, 0x270F, 0x2711, 0x2712, 0x2714, 0x2716,
    0x271D, 0x2721, 0x2728, 0x2734, 0x2744, 0x2747, 0x274C, 0x274E, 0x2755, 0x2757,
    0x2763, 0x2764, 0x2767, 0x2797, 0x27A1, 0x27B0, 0x27BF, 0x2935, 0x2B07, 0x2B1C,
    0x2B50, 0x2B55, 0x3030, 0x303D, 0x3297, 0x3299, 0x1F003, 0x1F004, 0x1F0CE, 0x1F0CF,
    0x1F0FF, 0x1F10F, 0x1F12F, 0x1F16F, 0x1F171, 0x1F17F, 0x1F18E, 0x1F19A, 0x1F1E5, 0x1F202,
    0x1F20F, 0x1F21A, 0x1F22F, 0x1F23A, 0x1F23F, 0x1F24F, 0x1F251, 0x1F2FF, 0x1F30C, 0x1F30E,
    0x1F30F, 0x1F310, 0x1F311, 0x1F312, 0x1F315, 0x1F318, 0x1F319, 0x1F31A, 0x1F31B, 0x1F31C,
    0x1F31E, 0x1F320, 0x1F321, 0x1F323, 0x1F32C, 0x1F32F, 0x1F331, 0x1F333, 0x1F335, 0x1F336,
    0x1F34A, 0x1F34B, 0x1F34F, 0x1F350, 0x1F37B, 0x1F37C, 0x1F37D, 0x1F37F, 0x1F393, 0x1F395,
    0x1F397, 0x1F398, 0x1F39B, 0x1F39D, 0x1F39F, 0x1F3C4, 0x1F3C5, 0x1F3C6, 0x1F3C7, 0x1F3C8,
    0x1F3C9, 0x1F3CA, 0x1F3CE, 0x1F3D3, 0x1F3DF, 0x1F3E3, 0x1F3E4, 0x1F3F0, 0x1F3F2, 0x1F3F3,
    0x1F3F4, 0x1F3F5, 0x1F3F6, 0x1F3F7, 0x1F3FA, 0x1F407, 0x1F408, 0x1F40B, 0x1F40E, 0x1F410,
    0x1F412, 0x1F413, 0x1F414, 0x1F415, 0x1F416, 0x1F429, 0x1F42A, 0x1F43E, 0x1F43F, 0x1F440,
    0x1F441, 0x1F464, 0x1F465, 0x1F46B, 0x1F46D, 0x1F4AC, 0x1F4AD, 0x1F4B5, 0x1F4B7, 0x1F4EB,
    0x1F4ED, 0x1F4EE, 0x1F4EF, 0x1F4F4, 0x1F4F5, 0x1F4F7, 0x1F4F8, 0x1F4FC, 0x1F4FD, 0x1F4FE,
    0x1F502, 0x1F503, 0x1F507, 0x1F508, 0x1F509, 0x1F514, 0x1F515, 0x1F52B, 0x1F52D, 0x1F53D,
    0x1F548, 0x1F54A, 0x1F54E, 0x1F54F, 0x1F55B, 0x1F567, 0x1F56E, 0x1F570, 0x1F572, 0x1F579,
    0x1F57A, 0x1F586, 0x1F587, 0x1F589, 0x1F58D, 0x1F58F, 0x1F590, 0x1F594, 0x1F596, 0x1F5A3,
    0x1F5A4, 0x1F5A5, 0x1F5A7, 0x1F5A8, 0x1F5B0, 0x1F5B2, 0x1F5BB, 0x1F5BC, 0x1F5C1, 0x1F5C4,
    0x1F5D0, 0x1F5D3, 0x1F5DB, 0x1F5DE, 0x1F5E0, 0x1F5E1, 0x1F5E2, 0x1F5E3, 0x1F5E7, 0x1F5E8,
    0x1F5EE, 0x1F5EF, 0x1F5F2, 0x1F5F3, 0x1F5F9, 0x1F5FA, 0x1F5FF, 0x1F600, 0x1F606, 0x1F608,
    0x1F60D, 0x1F60E, 0x1F60F, 0x1F610, 0x1F611, 0x1F614, 0x1F615, 0x1F616, 0x1F617, 0x1F618,
    0x1F619, 0x1F61A, 0x1F61B, 0x1F61E, 0x1F61F, 0x1F625, 0x1F627, 0x1F62B, 0x1F62C, 0x1F62D,
    0x1F62F, 0x1F633, 0x1F634, 0x1F635, 0x1F636, 0x1F640, 0x1F644, 0x1F64F, 0x1F680, 0x1F682,
    0x1F685, 0x1F686, 0x1F687, 0x1F688, 0x1F689, 0x1F68B, 0x1F68C, 0x1F68D, 0x1F68E, 0x1F68F,
    0x1F690, 0x1F693, 0x1F694, 0x1F695, 0x1F696, 0x1F697, 0x1F698, 0x1F69A, 0x1F6A1, 0x1F6A2,
    0x1F6A3, 0x1F6A5, 0x1F6A6, 0x1F6AD, 0x1F6B1, 0x1F6B2, 0x1F6B5, 0x1F6B6, 0x1F6B8, 0x1F6BE,
    0x1F6BF, 0x1F6C0, 0x1F6C5, 0x1F6CA, 0x1F6CB, 0x1F6CC, 0x1F6CF, 0x1F6D0, 0x1F6D2, 0x1F6D4,
    0x1F6D5, 0x1F6D7, 0x1F6DB, 0x1F6DC, 0x1F6DF, 0x1F6E5, 0x1F6E8, 0x1F6E9, 0x1F6EA, 0x1F6EC,
    0x1F6EF, 0x1F6F0, 0x1F6F2, 0x1F6F3, 0x1F6F6, 0x1F6F8, 0x1F6F9, 0x1F6FA, 0x1F6FC, 0x1F6FF,
    0x1F77F, 0x1F7DF, 0x1F7EB, 0x1F7EF, 0x1F7F0, 0x1F7FF, 0x1F80F, 0x1F84F, 0x1F85F, 0x1F88F,
    0x1F8FF, 0x1F90C, 0x1F90F, 0x1F918, 0x1F91E, 0x1F91F, 0x1F927, 0x1F92F, 0x1F930, 0x1F932,
    0x1F93A, 0x1F93E, 0x1F93F, 0x1F945, 0x1F94B, 0x1F94C, 0x1F94F, 0x1F95E, 0x1F96B, 0x1F970,
    0x1F971, 0x1F972, 0x1F976, 0x1F978, 0x1F979, 0x1F97A, 0x1F97B, 0x1F97F, 0x1F984, 0x1F991,
    0x1F997, 0x1F9A2, 0x1F9A4, 0x1F9AA, 0x1F9AD, 0x1F9AF, 0x1F9B9, 0x1F9BF, 0x1F9C0, 0x1F9C2,
    0x1F9CA, 0x1F9CB, 0x1F9CC, 0x1F9CF, 0x1F9E6, 0x1F9FF, 0x1FA6F, 0x1FA73, 0x1FA74, 0x1FA77,
    0x1FA7A, 0x1FA7C, 0x1FA7F, 0x1FA82, 0x1FA86, 0x1FA88, 0x1FA89, 0x1FA8E, 0x1FA8F, 0x1FA95,
    0x1FAA8, 0x1FAAC, 0x1FAAF, 0x1FAB6, 0x1FABA, 0x1FABD, 0x1FABE, 0x1FABF, 0x1FAC2, 0x1FAC5,
    0x1FAC6, 0x1FACD, 0x1FACF, 0x1FAD6, 0x1FAD9, 0x1FADB, 0x1FADC, 0x1FADE, 0x1FADF, 0x1FAE7,
    0x1FAE8, 0x1FAE9, 0x1FAEF, 0x1FAF6, 0x1FAF8, 0x1FAFF, 0x1FFFD,
};

static const uint32_t un_incb_lo[439] = {
    0x300, 0x483, 0x488, 0x591, 0x5BF, 0x5C1, 0x5C4, 0x5C7, 0x610, 0x64B,
    0x670, 0x6D6, 0x6DF, 0x6E7, 0x6EA, 0x711, 0x730, 0x7A6, 0x7EB, 0x7FD,
    0x816, 0x81B, 0x825, 0x829, 0x859, 0x897, 0x8CA, 0x8E3, 0x915, 0x93A,
    0x93C, 0x941, 0x94D, 0x951, 0x958, 0x962, 0x978, 0x981, 0x995, 0x9AA,
    0x9B2, 0x9B6, 0x9BC, 0x9BE, 0x9C1, 0x9CD, 0x9D7, 0x9DC, 0x9DF, 0x9E2,
    0x9F0, 0x9FE, 0xA01, 0xA3C, 0xA41, 0xA47, 0xA4B, 0xA51, 0xA70, 0xA75,
    0xA81, 0xA95, 0xAAA, 0xAB2, 0xAB5, 0xABC, 0xAC1, 0xAC7, 0xACD, 0xAE2,
    0xAF9, 0xAFA, 0xB01, 0xB15, 0xB2A, 0xB32, 0xB35, 0xB3C, 0xB3E, 0xB3F,
    0xB41, 0xB4D, 0xB55, 0xB57, 0xB5C, 0xB5F, 0xB62, 0xB71, 0xB82, 0xBBE,
    0xBC0, 0xBCD, 0xBD7, 0xC00, 0xC04, 0xC15, 0xC2A, 0xC3C, 0xC3E, 0xC46,
    0xC4A, 0xC4D, 0xC55, 0xC58, 0xC62, 0xC81, 0xCBC, 0xCBF, 0xCC0, 0xCC2,
    0xCC6, 0xCC7, 0xCCA, 0xCCC, 0xCD5, 0xCE2, 0xD00, 0xD15, 0xD3B, 0xD3E,
    0xD41, 0xD4D, 0xD57, 0xD62, 0xD81, 0xDCA, 0xDCF, 0xDD2, 0xDD6, 0xDDF,
    0xE31, 0xE34, 0xE47, 0xEB1, 0xEB4, 0xEC8, 0xF18, 0xF35, 0xF37, 0xF39,
    0xF71, 0xF80, 0xF86, 0xF8D, 0xF99, 0xFC6, 0x102D, 0x1032, 0x1039, 0x103D,
    0x1058, 0x105E, 0x1071, 0x1082, 0x1085, 0x108D, 0x109D, 0x135D, 0x1712, 0x1715,
    0x1732, 0x1734, 0x1752, 0x1772, 0x17B4, 0x17B7, 0x17C6, 0x17C9, 0x17DD, 0x180B,
    0x180F, 0x1885, 0x18A9, 0x1920, 0x1927, 0x1932, 0x1939, 0x1A17, 0x1A1B, 0x1A56,
    0x1A58, 0x1A60, 0x1A62, 0x1A65, 0x1A73, 0x1A7F, 0x1AB0, 0x1ABE, 0x1ABF, 0x1B00,
    0x1B34, 0x1B35, 0x1B36, 0x1B3B, 0x1B3C, 0x1B3D, 0x1B42, 0x1B43, 0x1B6B, 0x1B80,
    0x1BA2, 0x1BA8, 0x1BAA, 0x1BAB, 0x1BE6, 0x1BE8, 0x1BED, 0x1BEF, 0x1BF2, 0x1C2C,
    0x1C36, 0x1CD0, 0x1CD4, 0x1CE2, 0x1CED, 0x1CF4, 0x1CF8, 0x1DC0, 0x200D, 0x20D0,
    0x20DD, 0x20E1, 0x20E2, 0x20E5, 0x2CEF, 0x2D7F, 0x2DE0, 0x302A, 0x302E, 0x3099,
    0xA66F, 0xA670, 0xA674, 0xA69E, 0xA6F0, 0xA802, 0xA806, 0xA80B, 0xA825, 0xA82C,
    0xA8C4, 0xA8E0, 0xA8FF, 0xA926, 0xA947, 0xA953, 0xA980, 0xA9B3, 0xA9B6, 0xA9BC,
    0xA9C0, 0xA9E5, 0xAA29, 0xAA31, 0xAA35, 0xAA43, 0xAA4C, 0xAA7C, 0xAAB0, 0xAAB2,
    0xAAB7, 0xAABE, 0xAAC1, 0xAAEC, 0xAAF6, 0xABE5, 0xABE8, 0xABED, 0xFB1E, 0xFE00,
    0xFE20, 0xFF9E, 0x101FD, 0x102E0, 0x10376, 0x10A01, 0x10A05, 0x10A0C, 0x10A38, 0x10A3F,
    0x10AE5, 0x10D24, 0x10D69, 0x10EAB, 0x10EFC, 0x10F46, 0x10F82, 0x11001, 0x11038, 0x11070,
    0x11073, 0x1107F, 0x110B3, 0x110B9, 0x110C2, 0x11100, 0x11127, 0x1112D, 0x11173, 0x11180,
    0x111B6, 0x111C0, 0x111C9, 0x111CF, 0x1122F, 0x11234, 0x11235, 0x11236, 0x1123E, 0x11241,
    0x112DF, 0x112E3, 0x11300, 0x1133B, 0x1133E, 0x11340, 0x1134D, 0x11357, 0x11366, 0x11370,
    0x113B8, 0x113BB, 0x113C2, 0x113C5, 0x113C7, 0x113CE, 0x113CF, 0x113D0, 0x113D2, 0x113E1,
    0x11438, 0x11442, 0x11446, 0x1145E, 0x114B0, 0x114B3, 0x114BA, 0x114BD, 0x114BF, 0x114C2,
    0x115AF, 0x115B2, 0x115BC, 0x115BF, 0x115DC, 0x11633, 0x1163D, 0x1163F, 0x116AB, 0x116AD,
    0x116B0, 0x116B6, 0x116B7, 0x1171D, 0x1171F, 0x11722, 0x11727, 0x1182F, 0x11839, 0x11930,
    0x1193B, 0x1193D, 0x1193E, 0x11943, 0x119D4, 0x119DA, 0x119E0, 0x11A01, 0x11A33, 0x11A3B,
    0x11A47, 0x11A51, 0x11A59, 0x11A8A, 0x11A98, 0x11C30, 0x11C38, 0x11C3F, 0x11C92, 0x11CAA,
    0x11CB2, 0x11CB5, 0x11D31, 0x11D3A, 0x11D3C, 0x11D3F, 0x11D47, 0x11D90, 0x11D95, 0x11D97,
    0x11EF3, 0x11F00, 0x11F36, 0x11F40, 0x11F41, 0x11F42, 0x11F5A, 0x13440, 0x13447, 0x1611E,
    0x1612D, 0x16AF0, 0x16B30, 0x16F4F, 0x16F8F, 0x16FE4, 0x16FF0, 0x1BC9D, 0x1CF00, 0x1CF30,
    0x1D165, 0x1D167, 0x1D16D, 0x1D17B, 0x1D185, 0x1D1AA, 0x1D242, 0x1DA00, 0x1DA3B, 0x1DA75,
    0x1DA84, 0x1DA9B, 0x1DAA1, 0x1E000, 0x1E008, 0x1E01B, 0x1E023, 0x1E026, 0x1E08F, 0x1E130,
    0x1E2AE, 0x1E2EC, 0x1E4EC, 0x1E5EE, 0x1E8D0, 0x1E944, 0x1F3FB, 0xE0020, 0xE0100,
};

static const uint32_t un_incb_hi[439] = {
    0x36F, 0x487, 0x489, 0x5BD, 0x5BF, 0x5C2, 0x5C5, 0x5C7, 0x61A, 0x65F,
    0x670, 0x6DC, 0x6E4, 0x6E8, 0x6ED, 0x711, 0x74A, 0x7B0, 0x7F3, 0x7FD,
    0x819, 0x823, 0x827, 0x82D, 0x85B, 0x89F, 0x8E1, 0x902, 0x939, 0x93A,
    0x93C, 0x948, 0x94D, 0x957, 0x95F, 0x963, 0x97F, 0x981, 0x9A8, 0x9B0,
    0x9B2, 0x9B9, 0x9BC, 0x9BE, 0x9C4, 0x9CD, 0x9D7, 0x9DD, 0x9DF, 0x9E3,
    0x9F1, 0x9FE, 0xA02, 0xA3C, 0xA42, 0xA48, 0xA4D, 0xA51, 0xA71, 0xA75,
    0xA82, 0xAA8, 0xAB0, 0xAB3, 0xAB9, 0xABC, 0xAC5, 0xAC8, 0xACD, 0xAE3,
    0xAF9, 0xAFF, 0xB01, 0xB28, 0xB30, 0xB33, 0xB39, 0xB3C, 0xB3E, 0xB3F,
    0xB44, 0xB4D, 0xB56, 0xB57, 0xB5D, 0xB5F, 0xB63, 0xB71, 0xB82, 0xBBE,
    0xBC0, 0xBCD, 0xBD7, 0xC00, 0xC04, 0xC28, 0xC39, 0xC3C, 0xC40, 0xC48,
    0xC4C, 0xC4D, 0xC56, 0xC5A, 0xC63, 0xC81, 0xCBC, 0xCBF, 0xCC0, 0xCC2,
    0xCC6, 0xCC8, 0xCCB, 0xCCD, 0xCD6, 0xCE3, 0xD01, 0xD3A, 0xD3C, 0xD3E,
    0xD44, 0xD4D, 0xD57, 0xD63, 0xD81, 0xDCA, 0xDCF, 0xDD4, 0xDD6, 0xDDF,
    0xE31, 0xE3A, 0xE4E, 0xEB1, 0xEBC, 0xECE, 0xF19, 0xF35, 0xF37, 0xF39,
    0xF7E, 0xF84, 0xF87, 0xF97, 0xFBC, 0xFC6, 0x1030, 0x1037, 0x103A, 0x103E,
    0x1059, 0x1060, 0x1074, 0x1082, 0x1086, 0x108D, 0x109D, 0x135F, 0x1714, 0x1715,
    0x1733, 0x1734, 0x1753, 0x1773, 0x17B5, 0x17BD, 0x17C6, 0x17D3, 0x17DD, 0x180D,
    0x180F, 0x1886, 0x18A9, 0x1922, 0x1928, 0x1932, 0x193B, 0x1A18, 0x1A1B, 0x1A56,
    0x1A5E, 0x1A60, 0x1A62, 0x1A6C, 0x1A7C, 0x1A7F, 0x1ABD, 0x1ABE, 0x1ACE, 0x1B03,
    0x1B34, 0x1B35, 0x1B3A, 0x1B3B, 0x1B3C, 0x1B3D, 0x1B42, 0x1B44, 0x1B73, 0x1B81,
    0x1BA5, 0x1BA9, 0x1BAA, 0x1BAD, 0x1BE6, 0x1BE9, 0x1BED, 0x1BF1, 0x1BF3, 0x1C33,
    0x1C37, 0x1CD2, 0x1CE0, 0x1CE8, 0x1CED, 0x1CF4, 0x1CF9, 0x1DFF, 0x200D, 0x20DC,
    0x20E0, 0x20E1, 0x20E4, 0x20F0, 0x2CF1, 0x2D7F, 0x2DFF, 0x302D, 0x302F, 0x309A,
    0xA66F, 0xA672, 0xA67D, 0xA69F, 0xA6F1, 0xA802, 0xA806, 0xA80B, 0xA826, 0xA82C,
    0xA8C5, 0xA8F1, 0xA8FF, 0xA92D, 0xA951, 0xA953, 0xA982, 0xA9B3, 0xA9B9, 0xA9BD,
    0xA9C0, 0xA9E5, 0xAA2E, 0xAA32, 0xAA36, 0xAA43, 0xAA4C, 0xAA7C, 0xAAB0, 0xAAB4,
    0xAAB8, 0xAABF, 0xAAC1, 0xAAED, 0xAAF6, 0xABE5, 0xABE8, 0xABED, 0xFB1E, 0xFE0F,
    0xFE2F, 0xFF9F, 0x101FD, 0x102E0, 0x1037A, 0x10A03, 0x10A06, 0x10A0F, 0x10A3A, 0x10A3F,
    0x10AE6, 0x10D27, 0x10D6D, 0x10EAC, 0x10EFF, 0x10F50, 0x10F85, 0x11001, 0x11046, 0x11070,
    0x11074, 0x11081, 0x110B6, 0x110BA, 0x110C2, 0x11102, 0x1112B, 0x11134, 0x11173, 0x11181,
    0x111BE, 0x111C0, 0x111CC, 0x111CF, 0x11231, 0x11234, 0x11235, 0x11237, 0x1123E, 0x11241,
    0x112DF, 0x112EA, 0x11301, 0x1133C, 0x1133E, 0x11340, 0x1134D, 0x11357, 0x1136C, 0x11374,
    0x113B8, 0x113C0, 0x113C2, 0x113C5, 0x113C9, 0x113CE, 0x113CF, 0x113D0, 0x113D2, 0x113E2,
    0x1143F, 0x11444, 0x11446, 0x1145E, 0x114B0, 0x114B8, 0x114BA, 0x114BD, 0x114C0, 0x114C3,
    0x115AF, 0x115B5, 0x115BD, 0x115C0, 0x115DD, 0x1163A, 0x1163D, 0x11640, 0x116AB, 0x116AD,
    0x116B5, 0x116B6, 0x116B7, 0x1171D, 0x1171F, 0x11725, 0x1172B, 0x11837, 0x1183A, 0x11930,
    0x1193C, 0x1193D, 0x1193E, 0x11943, 0x119D7, 0x119DB, 0x119E0, 0x11A0A, 0x11A38, 0x11A3E,
    0x11A47, 0x11A56, 0x11A5B, 0x11A96, 0x11A99, 0x11C36, 0x11C3D, 0x11C3F, 0x11CA7, 0x11CB0,
    0x11CB3, 0x11CB6, 0x11D36, 0x11D3A, 0x11D3D, 0x11D45, 0x11D47, 0x11D91, 0x11D95, 0x11D97,
    0x11EF4, 0x11F01, 0x11F3A, 0x11F40, 0x11F41, 0x11F42, 0x11F5A, 0x13440, 0x13455, 0x16129,
    0x1612F, 0x16AF4, 0x16B36, 0x16F4F, 0x16F92, 0x16FE4, 0x16FF1, 0x1BC9E, 0x1CF2D, 0x1CF46,
    0x1D166, 0x1D169, 0x1D172, 0x1D182, 0x1D18B, 0x1D1AD, 0x1D244, 0x1DA36, 0x1DA6C, 0x1DA75,
    0x1DA84, 0x1DA9F, 0x1DAAF, 0x1E006, 0x1E018, 0x1E021, 0x1E024, 0x1E02A, 0x1E08F, 0x1E136,
    0x1E2AE, 0x1E2EF, 0x1E4EF, 0x1E5EF, 0x1E8D6, 0x1E94A, 0x1F3FF, 0xE007F, 0xE01EF,
};

static const uint8_t un_incb_val[439] = {
    2, 2, 2, 2, 2, 2, 2, 2, 2, 2, 2, 2, 2, 2, 2, 2, 2, 2, 2, 2,
    2, 2, 2, 2, 2, 2, 2, 2, 1, 2, 2, 2, 3, 2, 1, 2, 1, 2, 1, 1,
    1, 1, 2, 2, 2, 3, 2, 1, 1, 2, 1, 2, 2, 2, 2, 2, 2, 2, 2, 2,
    2, 1, 1, 1, 1, 2, 2, 2, 3, 2, 1, 2, 2, 1, 1, 1, 1, 2, 2, 2,
    2, 3, 2, 2, 1, 1, 2, 1, 2, 2, 2, 2, 2, 2, 2, 1, 1, 2, 2, 2,
    2, 3, 2, 1, 2, 2, 2, 2, 2, 2, 2, 2, 2, 2, 2, 2, 2, 1, 2, 2,
    2, 3, 2, 2, 2, 2, 2, 2, 2, 2, 2, 2, 2, 2, 2, 2, 2, 2, 2, 2,
    2, 2, 2, 2, 2, 2, 2, 2, 2, 2, 2, 2, 2, 2, 2, 2, 2, 2, 2, 2,
    2, 2, 2, 2, 2, 2, 2, 2, 2, 2, 2, 2, 2, 2, 2, 2, 2, 2, 2, 2,
    2, 2, 2, 2, 2, 2, 2, 2, 2, 2, 2, 2, 2, 2, 2, 2, 2, 2, 2, 2,
    2, 2, 2, 2, 2, 2, 2, 2, 2, 2, 2, 2, 2, 2, 2, 2, 2, 2, 2, 2,
    2, 2, 2, 2, 2, 2, 2, 2, 2, 2, 2, 2, 2, 2, 2, 2, 2, 2, 2, 2,
    2, 2, 2, 2, 2, 2, 2, 2, 2, 2, 2, 2, 2, 2, 2, 2, 2, 2, 2, 2,
    2, 2, 2, 2, 2, 2, 2, 2, 2, 2, 2, 2, 2, 2, 2, 2, 2, 2, 2, 2,
    2, 2, 2, 2, 2, 2, 2, 2, 2, 2, 2, 2, 2, 2, 2, 2, 2, 2, 2, 2,
    2, 2, 2, 2, 2, 2, 2, 2, 2, 2, 2, 2, 2, 2, 2, 2, 2, 2, 2, 2,
    2, 2, 2, 2, 2, 2, 2, 2, 2, 2, 2, 2, 2, 2, 2, 2, 2, 2, 2, 2,
    2, 2, 2, 2, 2, 2, 2, 2, 2, 2, 2, 2, 2, 2, 2, 2, 2, 2, 2, 2,
    2, 2, 2, 2, 2, 2, 2, 2, 2, 2, 2, 2, 2, 2, 2, 2, 2, 2, 2, 2,
    2, 2, 2, 2, 2, 2, 2, 2, 2, 2, 2, 2, 2, 2, 2, 2, 2, 2, 2, 2,
    2, 2, 2, 2, 2, 2, 2, 2, 2, 2, 2, 2, 2, 2, 2, 2, 2, 2, 2, 2,
    2, 2, 2, 2, 2, 2, 2, 2, 2, 2, 2, 2, 2, 2, 2, 2, 2, 2, 2,
};


static ptrdiff_t un_bsearch_u32(const uint32_t *keys, ptrdiff_t n, uint32_t k) {
    ptrdiff_t lo = 0, hi = n;
    while (lo < hi) {
        ptrdiff_t mid = (lo + hi) >> 1;
        if (keys[mid] < k) lo = mid + 1;
        else if (keys[mid] > k) hi = mid;
        else return mid;
    }
    return -1;
}

int un_ccc(uint32_t cp) {
    ptrdiff_t i = un_bsearch_u32(un_ccc_keys, (ptrdiff_t)(sizeof(un_ccc_keys) / 4), cp);
    return i < 0 ? 0 : un_ccc_vals[i];
}

/* Fully-expanded canonical (compat=0) or compatibility (compat=1)
 * decomposition. Returns length and points *out at the pool, or 0 when the
 * codepoint decomposes to itself. Hangul syllables are the caller's
 * algorithmic case. */
int un_decomp(uint32_t cp, int compat, const uint32_t **out) {
    const uint32_t *keys = compat ? un_nfkd_keys : un_nfd_keys;
    const uint32_t *idx = compat ? un_nfkd_idx : un_nfd_idx;
    const uint32_t *pool = compat ? un_nfkd_pool : un_nfd_pool;
    ptrdiff_t n = compat ? (ptrdiff_t)(sizeof(un_nfkd_keys) / 4)
                         : (ptrdiff_t)(sizeof(un_nfd_keys) / 4);
    ptrdiff_t i = un_bsearch_u32(keys, n, cp);
    if (i < 0) return 0;
    *out = pool + (idx[i] >> 8);
    return (int)(idx[i] & 0xFF);
}

/* Primary composite for a starter pair (Hangul included), or 0. */
uint32_t un_compose(uint32_t a, uint32_t b) {
    if (a >= UN_LBASE && a < UN_LBASE + UN_LCOUNT &&
        b >= UN_VBASE && b < UN_VBASE + UN_VCOUNT)
        return UN_SBASE + (((a - UN_LBASE) * UN_VCOUNT) + (b - UN_VBASE)) * UN_TCOUNT;
    if (a >= UN_SBASE && a < UN_SBASE + UN_SCOUNT && (a - UN_SBASE) % UN_TCOUNT == 0 &&
        b > UN_TBASE && b < UN_TBASE + UN_TCOUNT)
        return a + (b - UN_TBASE);
    uint64_t key = ((uint64_t)a << 32) | b;
    ptrdiff_t lo = 0, hi = (ptrdiff_t)(sizeof(un_comp_keys) / 8);
    while (lo < hi) {
        ptrdiff_t mid = (lo + hi) >> 1;
        if (un_comp_keys[mid] < key) lo = mid + 1;
        else if (un_comp_keys[mid] > key) hi = mid;
        else return un_comp_vals[mid];
    }
    return 0;
}

/* Strong presence probe: overrides runtime.c's weak stand-in when this
 * translation unit is linked (gated-companion pattern, like lexchars). */
int un_tables_present(void) { return 1; }

/* UAX #29 Grapheme_Cluster_Break class (0 = Other; order matches the
 * generator's GCB_CLASSES list). */
int un_gcb_class(uint32_t cp) {
    ptrdiff_t lo = 0, hi = (ptrdiff_t)(sizeof(un_gcb_lo) / 4);
    while (lo < hi) {
        ptrdiff_t mid = (lo + hi) >> 1;
        if (un_gcb_hi[mid] < cp) lo = mid + 1;
        else if (un_gcb_lo[mid] > cp) hi = mid;
        else return un_gcb_cls[mid];
    }
    return 0;
}

/* Indic_Conjunct_Break: 0=None 1=Consonant 2=Extend 3=Linker (GB9c). */
int un_incb(uint32_t cp) {
    ptrdiff_t lo = 0, hi = (ptrdiff_t)(sizeof(un_incb_lo) / 4);
    while (lo < hi) {
        ptrdiff_t mid = (lo + hi) >> 1;
        if (un_incb_hi[mid] < cp) lo = mid + 1;
        else if (un_incb_lo[mid] > cp) hi = mid;
        else return un_incb_val[mid];
    }
    return 0;
}

int un_extended_pictographic(uint32_t cp) {
    ptrdiff_t lo = 0, hi = (ptrdiff_t)(sizeof(un_extpic_lo) / 4);
    while (lo < hi) {
        ptrdiff_t mid = (lo + hi) >> 1;
        if (un_extpic_hi[mid] < cp) lo = mid + 1;
        else if (un_extpic_lo[mid] > cp) hi = mid;
        else return 1;
    }
    return 0;
}

